solid OpenSCAD_Model
  facet normal -0.988488 -0.151299 0
    outer loop
      vertex -15.438 -13.195 0
      vertex -15.4365 -13.2048 8
      vertex -15.438 -13.195 8
    endloop
  endfacet
  facet normal -0.989177 -0.146726 5.73148e-06
    outer loop
      vertex -15.402 -13.4377 0
      vertex -15.4365 -13.2048 8
      vertex -15.438 -13.195 0
    endloop
  endfacet
  facet normal -0.989206 -0.146533 0
    outer loop
      vertex -15.4365 -13.2048 8
      vertex -15.402 -13.4377 0
      vertex -15.402 -13.4377 8
    endloop
  endfacet
  facet normal -0.969967 -0.243235 0
    outer loop
      vertex -15.402 -13.4377 0
      vertex -15.3447 -13.6662 8
      vertex -15.402 -13.4377 8
    endloop
  endfacet
  facet normal -0.970047 -0.242919 9.57819e-06
    outer loop
      vertex -15.3424 -13.6757 0
      vertex -15.3447 -13.6662 8
      vertex -15.402 -13.4377 0
    endloop
  endfacet
  facet normal -0.971921 -0.235307 0
    outer loop
      vertex -15.3447 -13.6662 8
      vertex -15.3424 -13.6757 0
      vertex -15.3424 -13.6757 8
    endloop
  endfacet
  facet normal -0.998786 -0.0492599 0
    outer loop
      vertex -15.45 -12.95 0
      vertex -15.4384 -13.1852 8
      vertex -15.45 -12.95 8
    endloop
  endfacet
  facet normal -0.998803 -0.0489209 9.98803e-06
    outer loop
      vertex -15.438 -13.195 0
      vertex -15.4384 -13.1852 8
      vertex -15.45 -12.95 0
    endloop
  endfacet
  facet normal -0.999168 -0.0407824 0
    outer loop
      vertex -15.4384 -13.1852 8
      vertex -15.438 -13.195 0
      vertex -15.438 -13.195 8
    endloop
  endfacet
  facet normal -0.0407824 -0.999168 0
    outer loop
      vertex -13.195 -15.438 0
      vertex -13.1852 -15.4384 8
      vertex -13.195 -15.438 8
    endloop
  endfacet
  facet normal -0.0492599 -0.998786 1.0404e-05
    outer loop
      vertex -13.1852 -15.4384 8
      vertex -13.195 -15.438 0
      vertex -12.95 -15.45 8
    endloop
  endfacet
  facet normal -0.0489209 -0.998803 -0
    outer loop
      vertex -12.95 -15.45 8
      vertex -13.195 -15.438 0
      vertex -12.95 -15.45 0
    endloop
  endfacet
  facet normal 0.0492599 -0.998786 0
    outer loop
      vertex 12.95 -15.45 0
      vertex 13.1852 -15.4384 8
      vertex 12.95 -15.45 8
    endloop
  endfacet
  facet normal 0.0489209 -0.998803 9.98803e-06
    outer loop
      vertex 13.195 -15.438 0
      vertex 13.1852 -15.4384 8
      vertex 12.95 -15.45 0
    endloop
  endfacet
  facet normal 0.0407824 -0.999168 0
    outer loop
      vertex 13.1852 -15.4384 8
      vertex 13.195 -15.438 0
      vertex 13.195 -15.438 8
    endloop
  endfacet
  facet normal 0 0 -1
    outer loop
      vertex -15.4481 -13.0481 8
      vertex -15.4384 -13.1852 8
      vertex -15.4423 -13.1461 8
    endloop
  endfacet
  facet normal 0 0 -1
    outer loop
      vertex -15.4384 -13.1852 8
      vertex -15.4481 -13.0481 8
      vertex -15.45 -12.95 8
    endloop
  endfacet
  facet normal 0 0 -1
    outer loop
      vertex -15.4384 13.1852 8
      vertex -15.4481 13.0481 8
      vertex -15.4423 13.1461 8
    endloop
  endfacet
  facet normal 0 -0 -1
    outer loop
      vertex -15.4481 13.0481 8
      vertex -15.4384 13.1852 8
      vertex -15.45 12.95 8
    endloop
  endfacet
  facet normal 0 0 -1
    outer loop
      vertex 15.45 12.95 8
      vertex 15.4423 13.1461 8
      vertex 15.4481 13.0481 8
    endloop
  endfacet
  facet normal -0 -0 -1
    outer loop
      vertex 15.4423 13.1461 8
      vertex 15.45 12.95 8
      vertex 15.4384 13.1852 8
    endloop
  endfacet
  facet normal 0 0 -1
    outer loop
      vertex 15.4423 -13.1461 8
      vertex 15.45 -12.95 8
      vertex 15.4481 -13.0481 8
    endloop
  endfacet
  facet normal 0 0 -1
    outer loop
      vertex 15.45 -12.95 8
      vertex 15.4423 -13.1461 8
      vertex 15.4384 -13.1852 8
    endloop
  endfacet
  facet normal 0 0 -1
    outer loop
      vertex -12.95 15.45 8
      vertex -13.1461 15.4423 8
      vertex -13.0481 15.4481 8
    endloop
  endfacet
  facet normal 0 -0 -1
    outer loop
      vertex -13.1461 15.4423 8
      vertex -12.95 15.45 8
      vertex -13.1852 15.4384 8
    endloop
  endfacet
  facet normal 0 0 -1
    outer loop
      vertex 13.1852 15.4384 8
      vertex 13.0481 15.4481 8
      vertex 13.1461 15.4423 8
    endloop
  endfacet
  facet normal -0 -0 -1
    outer loop
      vertex 13.0481 15.4481 8
      vertex 13.1852 15.4384 8
      vertex 12.95 15.45 8
    endloop
  endfacet
  facet normal 0 0 -1
    outer loop
      vertex 13.0481 -15.4481 8
      vertex 13.1852 -15.4384 8
      vertex 13.1461 -15.4423 8
    endloop
  endfacet
  facet normal 0 0 -1
    outer loop
      vertex 13.1852 -15.4384 8
      vertex 13.0481 -15.4481 8
      vertex 12.95 -15.45 8
    endloop
  endfacet
  facet normal 0 0 -1
    outer loop
      vertex -13.1461 -15.4423 8
      vertex -12.95 -15.45 8
      vertex -13.0481 -15.4481 8
    endloop
  endfacet
  facet normal 0 0 -1
    outer loop
      vertex -12.95 -15.45 8
      vertex -13.1461 -15.4423 8
      vertex -13.1852 -15.4384 8
    endloop
  endfacet
  facet normal 0 0 -1
    outer loop
      vertex -15.2204 -13.9966 8
      vertex -15.159 -14.1196 8
      vertex -15.1775 -14.085 8
    endloop
  endfacet
  facet normal 0 0 -1
    outer loop
      vertex -15.159 -14.1196 8
      vertex -15.2204 -13.9966 8
      vertex -15.2597 -13.9067 8
    endloop
  endfacet
  facet normal 0 0 -1
    outer loop
      vertex -15.3809 -13.5336 8
      vertex -15.3447 -13.6662 8
      vertex -15.3561 -13.6286 8
    endloop
  endfacet
  facet normal 0 0 -1
    outer loop
      vertex -15.3447 -13.6662 8
      vertex -15.3809 -13.5336 8
      vertex -15.402 -13.4377 8
    endloop
  endfacet
  facet normal 0 0 -1
    outer loop
      vertex 15.3561 -13.6286 8
      vertex 15.402 -13.4377 8
      vertex 15.3809 -13.5336 8
    endloop
  endfacet
  facet normal 0 0 -1
    outer loop
      vertex 15.402 -13.4377 8
      vertex 15.3561 -13.6286 8
      vertex 15.3447 -13.6662 8
    endloop
  endfacet
  facet normal 0 0 -1
    outer loop
      vertex -15.159 14.1196 8
      vertex -15.2204 13.9966 8
      vertex -15.1775 14.085 8
    endloop
  endfacet
  facet normal 0 -0 -1
    outer loop
      vertex -15.2204 13.9966 8
      vertex -15.159 14.1196 8
      vertex -15.2597 13.9067 8
    endloop
  endfacet
  facet normal 0 0 -1
    outer loop
      vertex -13.3411 -15.4192 8
      vertex -13.2048 -15.4365 8
      vertex -13.2438 -15.4327 8
    endloop
  endfacet
  facet normal 0 0 -1
    outer loop
      vertex -13.2048 -15.4365 8
      vertex -13.3411 -15.4192 8
      vertex -13.4377 -15.402 8
    endloop
  endfacet
  facet normal 0 0 -1
    outer loop
      vertex 14.1716 -15.1312 8
      vertex 14.3389 -15.0287 8
      vertex 14.2562 -15.0816 8
    endloop
  endfacet
  facet normal 0 0 -1
    outer loop
      vertex 14.3389 -15.0287 8
      vertex 14.1716 -15.1312 8
      vertex 14.1369 -15.1498 8
    endloop
  endfacet
  facet normal 0 0 -1
    outer loop
      vertex -15.1312 -14.1716 8
      vertex -15.0287 -14.3389 8
      vertex -15.0816 -14.2562 8
    endloop
  endfacet
  facet normal 0 0 -1
    outer loop
      vertex -15.0287 -14.3389 8
      vertex -15.1312 -14.1716 8
      vertex -15.1498 -14.1369 8
    endloop
  endfacet
  facet normal 0 0 -1
    outer loop
      vertex -14.9725 -14.4195 8
      vertex -14.8884 -14.5281 8
      vertex -14.9133 -14.4977 8
    endloop
  endfacet
  facet normal 0 0 -1
    outer loop
      vertex -14.8884 -14.5281 8
      vertex -14.9725 -14.4195 8
      vertex -15.0287 -14.3389 8
    endloop
  endfacet
  facet normal 0 0 -1
    outer loop
      vertex -15.3276 -13.7225 8
      vertex -15.2597 -13.9067 8
      vertex -15.2955 -13.8153 8
    endloop
  endfacet
  facet normal 0 0 -1
    outer loop
      vertex -15.2597 -13.9067 8
      vertex -15.3276 -13.7225 8
      vertex -15.339 -13.685 8
    endloop
  endfacet
  facet normal 0 0 -1
    outer loop
      vertex 15.4192 -13.3411 8
      vertex 15.4365 -13.2048 8
      vertex 15.4327 -13.2438 8
    endloop
  endfacet
  facet normal 0 0 -1
    outer loop
      vertex 15.4365 -13.2048 8
      vertex 15.4192 -13.3411 8
      vertex 15.402 -13.4377 8
    endloop
  endfacet
  facet normal 0 0 -1
    outer loop
      vertex 15.0816 -14.2562 8
      vertex 15.1498 -14.1369 8
      vertex 15.1312 -14.1716 8
    endloop
  endfacet
  facet normal 0 0 -1
    outer loop
      vertex 15.1498 -14.1369 8
      vertex 15.0816 -14.2562 8
      vertex 15.0287 -14.3389 8
    endloop
  endfacet
  facet normal 0 0 -1
    outer loop
      vertex 15.2955 -13.8153 8
      vertex 15.339 -13.685 8
      vertex 15.3276 -13.7225 8
    endloop
  endfacet
  facet normal 0 0 -1
    outer loop
      vertex 15.339 -13.685 8
      vertex 15.2955 -13.8153 8
      vertex 15.2597 -13.9067 8
    endloop
  endfacet
  facet normal 0 0 -1
    outer loop
      vertex 15.1775 -14.085 8
      vertex 15.2597 -13.9067 8
      vertex 15.2204 -13.9966 8
    endloop
  endfacet
  facet normal 0 0 -1
    outer loop
      vertex 15.2597 -13.9067 8
      vertex 15.1775 -14.085 8
      vertex 15.159 -14.1196 8
    endloop
  endfacet
  facet normal 0 0 -1
    outer loop
      vertex 14.9133 -14.4977 8
      vertex 15.0287 -14.3389 8
      vertex 14.9725 -14.4195 8
    endloop
  endfacet
  facet normal 0 0 -1
    outer loop
      vertex 15.0287 -14.3389 8
      vertex 14.9133 -14.4977 8
      vertex 14.8884 -14.5281 8
    endloop
  endfacet
  facet normal 0 0 -1
    outer loop
      vertex -15.402 13.4377 8
      vertex -15.4327 13.2438 8
      vertex -15.4192 13.3411 8
    endloop
  endfacet
  facet normal 0 -0 -1
    outer loop
      vertex -15.4327 13.2438 8
      vertex -15.402 13.4377 8
      vertex -15.4365 13.2048 8
    endloop
  endfacet
  facet normal 0 0 -1
    outer loop
      vertex -13.6286 -15.3561 8
      vertex -13.4377 -15.402 8
      vertex -13.5336 -15.3809 8
    endloop
  endfacet
  facet normal 0 0 -1
    outer loop
      vertex -13.4377 -15.402 8
      vertex -13.6286 -15.3561 8
      vertex -13.6662 -15.3447 8
    endloop
  endfacet
  facet normal 0 0 -1
    outer loop
      vertex 14.4195 -14.9725 8
      vertex 14.5281 -14.8884 8
      vertex 14.4977 -14.9133 8
    endloop
  endfacet
  facet normal 0 0 -1
    outer loop
      vertex 14.5281 -14.8884 8
      vertex 14.4195 -14.9725 8
      vertex 14.3389 -15.0287 8
    endloop
  endfacet
  facet normal 0 0 -1
    outer loop
      vertex 13.9067 15.2597 8
      vertex 13.7225 15.3276 8
      vertex 13.8153 15.2955 8
    endloop
  endfacet
  facet normal -0 -0 -1
    outer loop
      vertex 13.7225 15.3276 8
      vertex 13.9067 15.2597 8
      vertex 13.685 15.339 8
    endloop
  endfacet
  facet normal 0 0 -1
    outer loop
      vertex 14.1196 15.159 8
      vertex 13.9966 15.2204 8
      vertex 14.085 15.1775 8
    endloop
  endfacet
  facet normal -0 -0 -1
    outer loop
      vertex 13.9966 15.2204 8
      vertex 14.1196 15.159 8
      vertex 13.9067 15.2597 8
    endloop
  endfacet
  facet normal 0 0 -1
    outer loop
      vertex 13.4377 15.402 8
      vertex 13.2438 15.4327 8
      vertex 13.3411 15.4192 8
    endloop
  endfacet
  facet normal -0 -0 -1
    outer loop
      vertex 13.2438 15.4327 8
      vertex 13.4377 15.402 8
      vertex 13.2048 15.4365 8
    endloop
  endfacet
  facet normal 0 0 -1
    outer loop
      vertex 14.5281 14.8884 8
      vertex 14.4195 14.9725 8
      vertex 14.4977 14.9133 8
    endloop
  endfacet
  facet normal -0 -0 -1
    outer loop
      vertex 14.4195 14.9725 8
      vertex 14.5281 14.8884 8
      vertex 14.3389 15.0287 8
    endloop
  endfacet
  facet normal 0 0 -1
    outer loop
      vertex 15.0287 14.3389 8
      vertex 14.9133 14.4977 8
      vertex 14.9725 14.4195 8
    endloop
  endfacet
  facet normal -0 -0 -1
    outer loop
      vertex 14.9133 14.4977 8
      vertex 15.0287 14.3389 8
      vertex 14.8884 14.5281 8
    endloop
  endfacet
  facet normal 0 0 -1
    outer loop
      vertex 15.1498 14.1369 8
      vertex 15.0816 14.2562 8
      vertex 15.1312 14.1716 8
    endloop
  endfacet
  facet normal -0 -0 -1
    outer loop
      vertex 15.0816 14.2562 8
      vertex 15.1498 14.1369 8
      vertex 15.0287 14.3389 8
    endloop
  endfacet
  facet normal 0 0 -1
    outer loop
      vertex -13.4377 15.402 8
      vertex -13.6286 15.3561 8
      vertex -13.5336 15.3809 8
    endloop
  endfacet
  facet normal 0 -0 -1
    outer loop
      vertex -13.6286 15.3561 8
      vertex -13.4377 15.402 8
      vertex -13.6662 15.3447 8
    endloop
  endfacet
  facet normal 0 0 -1
    outer loop
      vertex -13.2048 15.4365 8
      vertex -13.3411 15.4192 8
      vertex -13.2438 15.4327 8
    endloop
  endfacet
  facet normal 0 -0 -1
    outer loop
      vertex -13.3411 15.4192 8
      vertex -13.2048 15.4365 8
      vertex -13.4377 15.402 8
    endloop
  endfacet
  facet normal 0 0 -1
    outer loop
      vertex -13.9067 15.2597 8
      vertex -14.085 15.1775 8
      vertex -13.9966 15.2204 8
    endloop
  endfacet
  facet normal 0 -0 -1
    outer loop
      vertex -14.085 15.1775 8
      vertex -13.9067 15.2597 8
      vertex -14.1196 15.159 8
    endloop
  endfacet
  facet normal 0 0 -1
    outer loop
      vertex -14.1369 15.1498 8
      vertex -14.2562 15.0816 8
      vertex -14.1716 15.1312 8
    endloop
  endfacet
  facet normal 0 -0 -1
    outer loop
      vertex -14.2562 15.0816 8
      vertex -14.1369 15.1498 8
      vertex -14.3389 15.0287 8
    endloop
  endfacet
  facet normal 0 0 -1
    outer loop
      vertex -14.647 -14.7858 8
      vertex -14.5433 -14.8759 8
      vertex -14.5736 -14.851 8
    endloop
  endfacet
  facet normal 0 0 -1
    outer loop
      vertex -14.5433 -14.8759 8
      vertex -14.647 -14.7858 8
      vertex -14.7178 -14.7178 8
    endloop
  endfacet
  facet normal 0 0 -1
    outer loop
      vertex -14.4977 -14.9133 8
      vertex -14.3389 -15.0287 8
      vertex -14.4195 -14.9725 8
    endloop
  endfacet
  facet normal 0 0 -1
    outer loop
      vertex -14.3389 -15.0287 8
      vertex -14.4977 -14.9133 8
      vertex -14.5281 -14.8884 8
    endloop
  endfacet
  facet normal 0 0 -1
    outer loop
      vertex -13.8153 -15.2955 8
      vertex -13.685 -15.339 8
      vertex -13.7225 -15.3276 8
    endloop
  endfacet
  facet normal 0 0 -1
    outer loop
      vertex -13.685 -15.339 8
      vertex -13.8153 -15.2955 8
      vertex -13.9067 -15.2597 8
    endloop
  endfacet
  facet normal 0 0 -1
    outer loop
      vertex 13.9966 -15.2204 8
      vertex 14.1196 -15.159 8
      vertex 14.085 -15.1775 8
    endloop
  endfacet
  facet normal 0 0 -1
    outer loop
      vertex 14.1196 -15.159 8
      vertex 13.9966 -15.2204 8
      vertex 13.9067 -15.2597 8
    endloop
  endfacet
  facet normal 0 0 -1
    outer loop
      vertex -14.851 -14.5736 8
      vertex -14.7178 -14.7178 8
      vertex -14.7858 -14.647 8
    endloop
  endfacet
  facet normal 0 0 -1
    outer loop
      vertex -14.7178 -14.7178 8
      vertex -14.851 -14.5736 8
      vertex -14.8759 -14.5433 8
    endloop
  endfacet
  facet normal 0 0 -1
    outer loop
      vertex -15.4327 -13.2438 8
      vertex -15.402 -13.4377 8
      vertex -15.4192 -13.3411 8
    endloop
  endfacet
  facet normal 0 0 -1
    outer loop
      vertex -15.402 -13.4377 8
      vertex -15.4327 -13.2438 8
      vertex -15.4365 -13.2048 8
    endloop
  endfacet
  facet normal 0 0 -1
    outer loop
      vertex 14.5736 -14.851 8
      vertex 14.7178 -14.7178 8
      vertex 14.647 -14.7858 8
    endloop
  endfacet
  facet normal 0 0 -1
    outer loop
      vertex 14.7178 -14.7178 8
      vertex 14.5736 -14.851 8
      vertex 14.5433 -14.8759 8
    endloop
  endfacet
  facet normal 0 0 -1
    outer loop
      vertex 14.7858 -14.647 8
      vertex 14.8759 -14.5433 8
      vertex 14.851 -14.5736 8
    endloop
  endfacet
  facet normal 0 0 -1
    outer loop
      vertex 14.8759 -14.5433 8
      vertex 14.7858 -14.647 8
      vertex 14.7178 -14.7178 8
    endloop
  endfacet
  facet normal 0 0 -1
    outer loop
      vertex -15.0287 14.3389 8
      vertex -15.1312 14.1716 8
      vertex -15.0816 14.2562 8
    endloop
  endfacet
  facet normal 0 -0 -1
    outer loop
      vertex -15.1312 14.1716 8
      vertex -15.0287 14.3389 8
      vertex -15.1498 14.1369 8
    endloop
  endfacet
  facet normal 0 0 -1
    outer loop
      vertex -14.8884 14.5281 8
      vertex -14.9725 14.4195 8
      vertex -14.9133 14.4977 8
    endloop
  endfacet
  facet normal 0 -0 -1
    outer loop
      vertex -14.9725 14.4195 8
      vertex -14.8884 14.5281 8
      vertex -15.0287 14.3389 8
    endloop
  endfacet
  facet normal 0 0 -1
    outer loop
      vertex -14.5433 14.8759 8
      vertex -14.647 14.7858 8
      vertex -14.5736 14.851 8
    endloop
  endfacet
  facet normal 0 -0 -1
    outer loop
      vertex -14.647 14.7858 8
      vertex -14.5433 14.8759 8
      vertex -14.7178 14.7178 8
    endloop
  endfacet
  facet normal 0 0 -1
    outer loop
      vertex -14.2562 -15.0816 8
      vertex -14.1369 -15.1498 8
      vertex -14.1716 -15.1312 8
    endloop
  endfacet
  facet normal 0 0 -1
    outer loop
      vertex -14.1369 -15.1498 8
      vertex -14.2562 -15.0816 8
      vertex -14.3389 -15.0287 8
    endloop
  endfacet
  facet normal 0 0 -1
    outer loop
      vertex 13.5336 -15.3809 8
      vertex 13.6662 -15.3447 8
      vertex 13.6286 -15.3561 8
    endloop
  endfacet
  facet normal 0 0 -1
    outer loop
      vertex 13.6662 -15.3447 8
      vertex 13.5336 -15.3809 8
      vertex 13.4377 -15.402 8
    endloop
  endfacet
  facet normal 0 0 -1
    outer loop
      vertex 13.7225 -15.3276 8
      vertex 13.9067 -15.2597 8
      vertex 13.8153 -15.2955 8
    endloop
  endfacet
  facet normal 0 0 -1
    outer loop
      vertex 13.9067 -15.2597 8
      vertex 13.7225 -15.3276 8
      vertex 13.685 -15.339 8
    endloop
  endfacet
  facet normal 0 0 -1
    outer loop
      vertex 13.6662 15.3447 8
      vertex 13.5336 15.3809 8
      vertex 13.6286 15.3561 8
    endloop
  endfacet
  facet normal -0 -0 -1
    outer loop
      vertex 13.5336 15.3809 8
      vertex 13.6662 15.3447 8
      vertex 13.4377 15.402 8
    endloop
  endfacet
  facet normal 0 0 -1
    outer loop
      vertex 14.7178 14.7178 8
      vertex 14.5736 14.851 8
      vertex 14.647 14.7858 8
    endloop
  endfacet
  facet normal -0 -0 -1
    outer loop
      vertex 14.5736 14.851 8
      vertex 14.7178 14.7178 8
      vertex 14.5433 14.8759 8
    endloop
  endfacet
  facet normal 0 0 -1
    outer loop
      vertex 14.8759 14.5433 8
      vertex 14.7858 14.647 8
      vertex 14.851 14.5736 8
    endloop
  endfacet
  facet normal -0 -0 -1
    outer loop
      vertex 14.7858 14.647 8
      vertex 14.8759 14.5433 8
      vertex 14.7178 14.7178 8
    endloop
  endfacet
  facet normal 0 0 -1
    outer loop
      vertex 15.2597 13.9067 8
      vertex 15.1775 14.085 8
      vertex 15.2204 13.9966 8
    endloop
  endfacet
  facet normal -0 -0 -1
    outer loop
      vertex 15.1775 14.085 8
      vertex 15.2597 13.9067 8
      vertex 15.159 14.1196 8
    endloop
  endfacet
  facet normal 0 0 -1
    outer loop
      vertex 15.4365 13.2048 8
      vertex 15.4192 13.3411 8
      vertex 15.4327 13.2438 8
    endloop
  endfacet
  facet normal -0 -0 -1
    outer loop
      vertex 15.4192 13.3411 8
      vertex 15.4365 13.2048 8
      vertex 15.402 13.4377 8
    endloop
  endfacet
  facet normal 0 0 -1
    outer loop
      vertex -14.7178 14.7178 8
      vertex -14.851 14.5736 8
      vertex -14.7858 14.647 8
    endloop
  endfacet
  facet normal 0 -0 -1
    outer loop
      vertex -14.851 14.5736 8
      vertex -14.7178 14.7178 8
      vertex -14.8759 14.5433 8
    endloop
  endfacet
  facet normal 0 0 -1
    outer loop
      vertex -15.2597 13.9067 8
      vertex -15.3276 13.7225 8
      vertex -15.2955 13.8153 8
    endloop
  endfacet
  facet normal 0 -0 -1
    outer loop
      vertex -15.3276 13.7225 8
      vertex -15.2597 13.9067 8
      vertex -15.339 13.685 8
    endloop
  endfacet
  facet normal 0 0 -1
    outer loop
      vertex -15.3447 13.6662 8
      vertex -15.3809 13.5336 8
      vertex -15.3561 13.6286 8
    endloop
  endfacet
  facet normal 0 -0 -1
    outer loop
      vertex -15.3809 13.5336 8
      vertex -15.3447 13.6662 8
      vertex -15.402 13.4377 8
    endloop
  endfacet
  facet normal 0 0 -1
    outer loop
      vertex -14.085 -15.1775 8
      vertex -13.9067 -15.2597 8
      vertex -13.9966 -15.2204 8
    endloop
  endfacet
  facet normal 0 0 -1
    outer loop
      vertex -13.9067 -15.2597 8
      vertex -14.085 -15.1775 8
      vertex -14.1196 -15.159 8
    endloop
  endfacet
  facet normal 0 0 -1
    outer loop
      vertex 13.2438 -15.4327 8
      vertex 13.4377 -15.402 8
      vertex 13.3411 -15.4192 8
    endloop
  endfacet
  facet normal 0 0 -1
    outer loop
      vertex 13.4377 -15.402 8
      vertex 13.2438 -15.4327 8
      vertex 13.2048 -15.4365 8
    endloop
  endfacet
  facet normal 0 0 -1
    outer loop
      vertex 15.339 13.685 8
      vertex 15.2955 13.8153 8
      vertex 15.3276 13.7225 8
    endloop
  endfacet
  facet normal -0 -0 -1
    outer loop
      vertex 15.2955 13.8153 8
      vertex 15.339 13.685 8
      vertex 15.2597 13.9067 8
    endloop
  endfacet
  facet normal 0 0 -1
    outer loop
      vertex 15.402 13.4377 8
      vertex 15.3561 13.6286 8
      vertex 15.3809 13.5336 8
    endloop
  endfacet
  facet normal -0 -0 -1
    outer loop
      vertex 15.3561 13.6286 8
      vertex 15.402 13.4377 8
      vertex 15.3447 13.6662 8
    endloop
  endfacet
  facet normal 0 0 -1
    outer loop
      vertex -13.685 15.339 8
      vertex -13.8153 15.2955 8
      vertex -13.7225 15.3276 8
    endloop
  endfacet
  facet normal 0 -0 -1
    outer loop
      vertex -13.8153 15.2955 8
      vertex -13.685 15.339 8
      vertex -13.9067 15.2597 8
    endloop
  endfacet
  facet normal 0 0 -1
    outer loop
      vertex 14.3389 15.0287 8
      vertex 14.1716 15.1312 8
      vertex 14.2562 15.0816 8
    endloop
  endfacet
  facet normal -0 -0 -1
    outer loop
      vertex 14.1716 15.1312 8
      vertex 14.3389 15.0287 8
      vertex 14.1369 15.1498 8
    endloop
  endfacet
  facet normal 0 0 -1
    outer loop
      vertex -14.3389 15.0287 8
      vertex -14.4977 14.9133 8
      vertex -14.4195 14.9725 8
    endloop
  endfacet
  facet normal 0 -0 -1
    outer loop
      vertex -14.4977 14.9133 8
      vertex -14.3389 15.0287 8
      vertex -14.5281 14.8884 8
    endloop
  endfacet
  facet normal 0 0 1
    outer loop
      vertex -15.4365 -13.2048 8
      vertex -15.4384 -13.1852 8
      vertex -15.438 -13.195 8
    endloop
  endfacet
  facet normal 0 0 1
    outer loop
      vertex 15.3424 13.6757 8
      vertex 15.339 13.685 8
      vertex 15.3447 13.6662 8
    endloop
  endfacet
  facet normal 0 0 1
    outer loop
      vertex 13.2048 -15.4365 8
      vertex 13.1852 -15.4384 8
      vertex 13.195 -15.438 8
    endloop
  endfacet
  facet normal 0 0 1
    outer loop
      vertex -14.5281 -14.8884 8
      vertex -14.5433 -14.8759 8
      vertex -14.536 -14.8825 8
    endloop
  endfacet
  facet normal -0 0 1
    outer loop
      vertex -13.195 15.438 8
      vertex -13.2048 15.4365 8
      vertex -13.1852 15.4384 8
    endloop
  endfacet
  facet normal 0 0 1
    outer loop
      vertex -13.1852 -15.4384 8
      vertex -13.2048 -15.4365 8
      vertex -13.195 -15.438 8
    endloop
  endfacet
  facet normal -0 0 1
    outer loop
      vertex -15.1548 14.1285 8
      vertex -15.159 14.1196 8
      vertex -15.1498 14.1369 8
    endloop
  endfacet
  facet normal -0 0 1
    outer loop
      vertex -15.3424 13.6757 8
      vertex -15.3447 13.6662 8
      vertex -15.339 13.685 8
    endloop
  endfacet
  facet normal 0 0 1
    outer loop
      vertex 13.195 15.438 8
      vertex 13.1852 15.4384 8
      vertex 13.2048 15.4365 8
    endloop
  endfacet
  facet normal 0 0 1
    outer loop
      vertex 14.8825 14.536 8
      vertex 14.8759 14.5433 8
      vertex 14.8884 14.5281 8
    endloop
  endfacet
  facet normal 0 0 1
    outer loop
      vertex 14.536 14.8825 8
      vertex 14.5281 14.8884 8
      vertex 14.5433 14.8759 8
    endloop
  endfacet
  facet normal -0 0 1
    outer loop
      vertex -13.6757 15.3424 8
      vertex -13.685 15.339 8
      vertex -13.6662 15.3447 8
    endloop
  endfacet
  facet normal -0 0 1
    outer loop
      vertex -14.536 14.8825 8
      vertex -14.5433 14.8759 8
      vertex -14.5281 14.8884 8
    endloop
  endfacet
  facet normal 0 0 1
    outer loop
      vertex 15.438 13.195 8
      vertex 15.4365 13.2048 8
      vertex 15.4384 13.1852 8
    endloop
  endfacet
  facet normal 0 0 1
    outer loop
      vertex -13.6662 -15.3447 8
      vertex -13.685 -15.339 8
      vertex -13.6757 -15.3424 8
    endloop
  endfacet
  facet normal 0 0 1
    outer loop
      vertex -15.339 -13.685 8
      vertex -15.3447 -13.6662 8
      vertex -15.3424 -13.6757 8
    endloop
  endfacet
  facet normal -0 0 1
    outer loop
      vertex -14.8825 14.536 8
      vertex -14.8884 14.5281 8
      vertex -14.8759 14.5433 8
    endloop
  endfacet
  facet normal 0 0 1
    outer loop
      vertex 15.1548 14.1285 8
      vertex 15.1498 14.1369 8
      vertex 15.159 14.1196 8
    endloop
  endfacet
  facet normal 0 0 1
    outer loop
      vertex 13.6757 15.3424 8
      vertex 13.6662 15.3447 8
      vertex 13.685 15.339 8
    endloop
  endfacet
  facet normal -0 0 1
    outer loop
      vertex -14.1285 15.1548 8
      vertex -14.1369 15.1498 8
      vertex -14.1196 15.159 8
    endloop
  endfacet
  facet normal 0 0 1
    outer loop
      vertex 13.685 -15.339 8
      vertex 13.6662 -15.3447 8
      vertex 13.6757 -15.3424 8
    endloop
  endfacet
  facet normal 0 0 1
    outer loop
      vertex -15.1498 -14.1369 8
      vertex -15.159 -14.1196 8
      vertex -15.1548 -14.1285 8
    endloop
  endfacet
  facet normal -0 0 1
    outer loop
      vertex -15.438 13.195 8
      vertex -15.4384 13.1852 8
      vertex -15.4365 13.2048 8
    endloop
  endfacet
  facet normal 0 0 1
    outer loop
      vertex 14.1285 15.1548 8
      vertex 14.1196 15.159 8
      vertex 14.1369 15.1498 8
    endloop
  endfacet
  facet normal 0 0 1
    outer loop
      vertex 15.4384 -13.1852 8
      vertex 15.4365 -13.2048 8
      vertex 15.438 -13.195 8
    endloop
  endfacet
  facet normal 0 0 1
    outer loop
      vertex 15.159 -14.1196 8
      vertex 15.1498 -14.1369 8
      vertex 15.1548 -14.1285 8
    endloop
  endfacet
  facet normal 0 0 1
    outer loop
      vertex 14.8884 -14.5281 8
      vertex 14.8759 -14.5433 8
      vertex 14.8825 -14.536 8
    endloop
  endfacet
  facet normal 0 0 1
    outer loop
      vertex -14.1196 -15.159 8
      vertex -14.1369 -15.1498 8
      vertex -14.1285 -15.1548 8
    endloop
  endfacet
  facet normal 0 0 1
    outer loop
      vertex -14.8759 -14.5433 8
      vertex -14.8884 -14.5281 8
      vertex -14.8825 -14.536 8
    endloop
  endfacet
  facet normal 0 0 1
    outer loop
      vertex 15.3447 -13.6662 8
      vertex 15.339 -13.685 8
      vertex 15.3424 -13.6757 8
    endloop
  endfacet
  facet normal 0 0 1
    outer loop
      vertex 14.1369 -15.1498 8
      vertex 14.1196 -15.159 8
      vertex 14.1285 -15.1548 8
    endloop
  endfacet
  facet normal 0 0 1
    outer loop
      vertex 14.5433 -14.8759 8
      vertex 14.5281 -14.8884 8
      vertex 14.536 -14.8825 8
    endloop
  endfacet
  facet normal 1 0 0
    outer loop
      vertex 15.45 12.95 8
      vertex 15.45 1.3 4
      vertex 15.45 12.95 0
    endloop
  endfacet
  facet normal 1 0 0
    outer loop
      vertex 15.45 12.95 8
      vertex 15.45 1.29374 4.12742
      vertex 15.45 1.3 4
    endloop
  endfacet
  facet normal 1 0 0
    outer loop
      vertex 15.45 12.95 8
      vertex 15.45 1.27502 4.25362
      vertex 15.45 1.29374 4.12742
    endloop
  endfacet
  facet normal 1 0 0
    outer loop
      vertex 15.45 12.95 8
      vertex 15.45 1.24402 4.37737
      vertex 15.45 1.27502 4.25362
    endloop
  endfacet
  facet normal 1 0 0
    outer loop
      vertex 15.45 12.95 8
      vertex 15.45 1.20104 4.49749
      vertex 15.45 1.24402 4.37737
    endloop
  endfacet
  facet normal 1 0 0
    outer loop
      vertex 15.45 12.95 8
      vertex 15.45 1.1465 4.61281
      vertex 15.45 1.20104 4.49749
    endloop
  endfacet
  facet normal 1 0 0
    outer loop
      vertex 15.45 12.95 8
      vertex 15.45 1.08091 4.72224
      vertex 15.45 1.1465 4.61281
    endloop
  endfacet
  facet normal 1 0 0
    outer loop
      vertex 15.45 12.95 8
      vertex 15.45 1.00491 4.82471
      vertex 15.45 1.08091 4.72224
    endloop
  endfacet
  facet normal 1 0 0
    outer loop
      vertex 15.45 12.95 8
      vertex 15.45 0.919238 4.91924
      vertex 15.45 1.00491 4.82471
    endloop
  endfacet
  facet normal 1 0 0
    outer loop
      vertex 15.45 12.95 8
      vertex 15.45 0.824711 5.00491
      vertex 15.45 0.919238 4.91924
    endloop
  endfacet
  facet normal 1 0 0
    outer loop
      vertex 15.45 12.95 8
      vertex 15.45 0.72224 5.08091
      vertex 15.45 0.824711 5.00491
    endloop
  endfacet
  facet normal 1 0 0
    outer loop
      vertex 15.45 12.95 8
      vertex 15.45 0.612815 5.1465
      vertex 15.45 0.72224 5.08091
    endloop
  endfacet
  facet normal 1 0 0
    outer loop
      vertex 15.45 12.95 8
      vertex 15.45 0.497488 5.20104
      vertex 15.45 0.612815 5.1465
    endloop
  endfacet
  facet normal 1 0 0
    outer loop
      vertex 15.45 12.95 8
      vertex 15.45 0.37737 5.24402
      vertex 15.45 0.497488 5.20104
    endloop
  endfacet
  facet normal 1 0 0
    outer loop
      vertex 15.45 12.95 8
      vertex 15.45 0.253617 5.27502
      vertex 15.45 0.37737 5.24402
    endloop
  endfacet
  facet normal 1 0 0
    outer loop
      vertex 15.45 12.95 8
      vertex 15.45 0.127421 5.29374
      vertex 15.45 0.253617 5.27502
    endloop
  endfacet
  facet normal 1 0 0
    outer loop
      vertex 15.45 12.95 8
      vertex 15.45 0 5.3
      vertex 15.45 0.127421 5.29374
    endloop
  endfacet
  facet normal 1 -0 0
    outer loop
      vertex 15.45 -12.95 8
      vertex 15.45 0 5.3
      vertex 15.45 12.95 8
    endloop
  endfacet
  facet normal 1 0 0
    outer loop
      vertex 15.45 0 5.3
      vertex 15.45 -12.95 8
      vertex 15.45 -0.127421 5.29374
    endloop
  endfacet
  facet normal 1 0 0
    outer loop
      vertex 15.45 -1.29374 4.12742
      vertex 15.45 -12.95 8
      vertex 15.45 -1.3 4
    endloop
  endfacet
  facet normal 1 0 0
    outer loop
      vertex 15.45 -1.27502 4.25362
      vertex 15.45 -12.95 8
      vertex 15.45 -1.29374 4.12742
    endloop
  endfacet
  facet normal 1 0 0
    outer loop
      vertex 15.45 -1.24402 4.37737
      vertex 15.45 -12.95 8
      vertex 15.45 -1.27502 4.25362
    endloop
  endfacet
  facet normal 1 0 0
    outer loop
      vertex 15.45 -1.20104 4.49749
      vertex 15.45 -12.95 8
      vertex 15.45 -1.24402 4.37737
    endloop
  endfacet
  facet normal 1 0 0
    outer loop
      vertex 15.45 -1.1465 4.61281
      vertex 15.45 -12.95 8
      vertex 15.45 -1.20104 4.49749
    endloop
  endfacet
  facet normal 1 0 0
    outer loop
      vertex 15.45 -1.08091 4.72224
      vertex 15.45 -12.95 8
      vertex 15.45 -1.1465 4.61281
    endloop
  endfacet
  facet normal 1 0 0
    outer loop
      vertex 15.45 -1.00491 4.82471
      vertex 15.45 -12.95 8
      vertex 15.45 -1.08091 4.72224
    endloop
  endfacet
  facet normal 1 0 0
    outer loop
      vertex 15.45 -0.919238 4.91924
      vertex 15.45 -12.95 8
      vertex 15.45 -1.00491 4.82471
    endloop
  endfacet
  facet normal 1 0 0
    outer loop
      vertex 15.45 -0.824711 5.00491
      vertex 15.45 -12.95 8
      vertex 15.45 -0.919238 4.91924
    endloop
  endfacet
  facet normal 1 0 0
    outer loop
      vertex 15.45 -0.72224 5.08091
      vertex 15.45 -12.95 8
      vertex 15.45 -0.824711 5.00491
    endloop
  endfacet
  facet normal 1 0 0
    outer loop
      vertex 15.45 -0.612815 5.1465
      vertex 15.45 -12.95 8
      vertex 15.45 -0.72224 5.08091
    endloop
  endfacet
  facet normal 1 0 0
    outer loop
      vertex 15.45 -0.497488 5.20104
      vertex 15.45 -12.95 8
      vertex 15.45 -0.612815 5.1465
    endloop
  endfacet
  facet normal 1 0 0
    outer loop
      vertex 15.45 -0.37737 5.24402
      vertex 15.45 -12.95 8
      vertex 15.45 -0.497488 5.20104
    endloop
  endfacet
  facet normal 1 0 0
    outer loop
      vertex 15.45 -0.253617 5.27502
      vertex 15.45 -12.95 8
      vertex 15.45 -0.37737 5.24402
    endloop
  endfacet
  facet normal 1 0 0
    outer loop
      vertex 15.45 -0.127421 5.29374
      vertex 15.45 -12.95 8
      vertex 15.45 -0.253617 5.27502
    endloop
  endfacet
  facet normal 1 -0 0
    outer loop
      vertex 15.45 1.29374 3.87258
      vertex 15.45 12.95 0
      vertex 15.45 1.3 4
    endloop
  endfacet
  facet normal 1 -0 0
    outer loop
      vertex 15.45 1.27502 3.74638
      vertex 15.45 12.95 0
      vertex 15.45 1.29374 3.87258
    endloop
  endfacet
  facet normal 1 -0 0
    outer loop
      vertex 15.45 1.24402 3.62263
      vertex 15.45 12.95 0
      vertex 15.45 1.27502 3.74638
    endloop
  endfacet
  facet normal 1 -0 0
    outer loop
      vertex 15.45 1.20104 3.50251
      vertex 15.45 12.95 0
      vertex 15.45 1.24402 3.62263
    endloop
  endfacet
  facet normal 1 -0 0
    outer loop
      vertex 15.45 1.1465 3.38718
      vertex 15.45 12.95 0
      vertex 15.45 1.20104 3.50251
    endloop
  endfacet
  facet normal 1 -0 0
    outer loop
      vertex 15.45 1.08091 3.27776
      vertex 15.45 12.95 0
      vertex 15.45 1.1465 3.38718
    endloop
  endfacet
  facet normal 1 -0 0
    outer loop
      vertex 15.45 1.00491 3.17529
      vertex 15.45 12.95 0
      vertex 15.45 1.08091 3.27776
    endloop
  endfacet
  facet normal 1 -0 0
    outer loop
      vertex 15.45 0.919238 3.08076
      vertex 15.45 12.95 0
      vertex 15.45 1.00491 3.17529
    endloop
  endfacet
  facet normal 1 -0 0
    outer loop
      vertex 15.45 0.824711 2.99509
      vertex 15.45 12.95 0
      vertex 15.45 0.919238 3.08076
    endloop
  endfacet
  facet normal 1 -0 0
    outer loop
      vertex 15.45 0.72224 2.91909
      vertex 15.45 12.95 0
      vertex 15.45 0.824711 2.99509
    endloop
  endfacet
  facet normal 1 -0 0
    outer loop
      vertex 15.45 0.612815 2.8535
      vertex 15.45 12.95 0
      vertex 15.45 0.72224 2.91909
    endloop
  endfacet
  facet normal 1 -0 0
    outer loop
      vertex 15.45 0.497488 2.79896
      vertex 15.45 12.95 0
      vertex 15.45 0.612815 2.8535
    endloop
  endfacet
  facet normal 1 -0 0
    outer loop
      vertex 15.45 0.37737 2.75598
      vertex 15.45 12.95 0
      vertex 15.45 0.497488 2.79896
    endloop
  endfacet
  facet normal 1 -0 0
    outer loop
      vertex 15.45 0.253617 2.72498
      vertex 15.45 12.95 0
      vertex 15.45 0.37737 2.75598
    endloop
  endfacet
  facet normal 1 -0 0
    outer loop
      vertex 15.45 0.127421 2.70626
      vertex 15.45 12.95 0
      vertex 15.45 0.253617 2.72498
    endloop
  endfacet
  facet normal 1 -0 0
    outer loop
      vertex 15.45 0 2.7
      vertex 15.45 12.95 0
      vertex 15.45 0.127421 2.70626
    endloop
  endfacet
  facet normal 1 0 0
    outer loop
      vertex 15.45 -12.95 0
      vertex 15.45 0 2.7
      vertex 15.45 -0.127421 2.70626
    endloop
  endfacet
  facet normal 1 0 0
    outer loop
      vertex 15.45 -12.95 0
      vertex 15.45 -0.127421 2.70626
      vertex 15.45 -0.253617 2.72498
    endloop
  endfacet
  facet normal 1 0 0
    outer loop
      vertex 15.45 -12.95 0
      vertex 15.45 -1.3 4
      vertex 15.45 -12.95 8
    endloop
  endfacet
  facet normal 1 0 0
    outer loop
      vertex 15.45 -1.3 4
      vertex 15.45 -12.95 0
      vertex 15.45 -1.29374 3.87258
    endloop
  endfacet
  facet normal 1 0 0
    outer loop
      vertex 15.45 -1.29374 3.87258
      vertex 15.45 -12.95 0
      vertex 15.45 -1.27502 3.74638
    endloop
  endfacet
  facet normal 1 0 0
    outer loop
      vertex 15.45 -1.27502 3.74638
      vertex 15.45 -12.95 0
      vertex 15.45 -1.24402 3.62263
    endloop
  endfacet
  facet normal 1 0 0
    outer loop
      vertex 15.45 -1.24402 3.62263
      vertex 15.45 -12.95 0
      vertex 15.45 -1.20104 3.50251
    endloop
  endfacet
  facet normal 1 0 0
    outer loop
      vertex 15.45 -1.20104 3.50251
      vertex 15.45 -12.95 0
      vertex 15.45 -1.1465 3.38718
    endloop
  endfacet
  facet normal 1 0 0
    outer loop
      vertex 15.45 -1.1465 3.38718
      vertex 15.45 -12.95 0
      vertex 15.45 -1.08091 3.27776
    endloop
  endfacet
  facet normal 1 0 0
    outer loop
      vertex 15.45 -1.08091 3.27776
      vertex 15.45 -12.95 0
      vertex 15.45 -1.00491 3.17529
    endloop
  endfacet
  facet normal 1 0 0
    outer loop
      vertex 15.45 -1.00491 3.17529
      vertex 15.45 -12.95 0
      vertex 15.45 -0.919238 3.08076
    endloop
  endfacet
  facet normal 1 0 0
    outer loop
      vertex 15.45 -0.919238 3.08076
      vertex 15.45 -12.95 0
      vertex 15.45 -0.824711 2.99509
    endloop
  endfacet
  facet normal 1 0 0
    outer loop
      vertex 15.45 -0.824711 2.99509
      vertex 15.45 -12.95 0
      vertex 15.45 -0.72224 2.91909
    endloop
  endfacet
  facet normal 1 0 0
    outer loop
      vertex 15.45 -0.72224 2.91909
      vertex 15.45 -12.95 0
      vertex 15.45 -0.612815 2.8535
    endloop
  endfacet
  facet normal 1 0 0
    outer loop
      vertex 15.45 0 2.7
      vertex 15.45 -12.95 0
      vertex 15.45 12.95 0
    endloop
  endfacet
  facet normal 1 0 0
    outer loop
      vertex 15.45 -0.37737 2.75598
      vertex 15.45 -12.95 0
      vertex 15.45 -0.253617 2.72498
    endloop
  endfacet
  facet normal 1 0 0
    outer loop
      vertex 15.45 -0.497488 2.79896
      vertex 15.45 -12.95 0
      vertex 15.45 -0.37737 2.75598
    endloop
  endfacet
  facet normal 1 0 0
    outer loop
      vertex 15.45 -0.612815 2.8535
      vertex 15.45 -12.95 0
      vertex 15.45 -0.497488 2.79896
    endloop
  endfacet
  facet normal -0.859293 -0.511484 0
    outer loop
      vertex -15.1548 -14.1285 0
      vertex -15.1498 -14.1369 8
      vertex -15.1548 -14.1285 8
    endloop
  endfacet
  facet normal -0.857745 -0.514076 -3.68944e-06
    outer loop
      vertex -15.0287 -14.3389 0
      vertex -15.1498 -14.1369 8
      vertex -15.1548 -14.1285 0
    endloop
  endfacet
  facet normal -0.85768 -0.514184 0
    outer loop
      vertex -15.1498 -14.1369 8
      vertex -15.0287 -14.3389 0
      vertex -15.0287 -14.3389 8
    endloop
  endfacet
  facet normal -1 0 0
    outer loop
      vertex -15.45 12.95 0
      vertex -15.45 1.3 4
      vertex -15.45 12.95 8
    endloop
  endfacet
  facet normal -1 0 0
    outer loop
      vertex -15.45 12.95 0
      vertex -15.45 1.29374 3.87258
      vertex -15.45 1.3 4
    endloop
  endfacet
  facet normal -1 0 0
    outer loop
      vertex -15.45 12.95 0
      vertex -15.45 1.27502 3.74638
      vertex -15.45 1.29374 3.87258
    endloop
  endfacet
  facet normal -1 0 0
    outer loop
      vertex -15.45 12.95 0
      vertex -15.45 1.24402 3.62263
      vertex -15.45 1.27502 3.74638
    endloop
  endfacet
  facet normal -1 0 0
    outer loop
      vertex -15.45 12.95 0
      vertex -15.45 1.20104 3.50251
      vertex -15.45 1.24402 3.62263
    endloop
  endfacet
  facet normal -1 0 0
    outer loop
      vertex -15.45 12.95 0
      vertex -15.45 1.1465 3.38718
      vertex -15.45 1.20104 3.50251
    endloop
  endfacet
  facet normal -1 0 0
    outer loop
      vertex -15.45 12.95 0
      vertex -15.45 1.08091 3.27776
      vertex -15.45 1.1465 3.38718
    endloop
  endfacet
  facet normal -1 0 0
    outer loop
      vertex -15.45 12.95 0
      vertex -15.45 1.00491 3.17529
      vertex -15.45 1.08091 3.27776
    endloop
  endfacet
  facet normal -1 0 0
    outer loop
      vertex -15.45 12.95 0
      vertex -15.45 0.919238 3.08076
      vertex -15.45 1.00491 3.17529
    endloop
  endfacet
  facet normal -1 0 0
    outer loop
      vertex -15.45 12.95 0
      vertex -15.45 0.824711 2.99509
      vertex -15.45 0.919238 3.08076
    endloop
  endfacet
  facet normal -1 0 0
    outer loop
      vertex -15.45 12.95 0
      vertex -15.45 0.72224 2.91909
      vertex -15.45 0.824711 2.99509
    endloop
  endfacet
  facet normal -1 0 0
    outer loop
      vertex -15.45 12.95 0
      vertex -15.45 0.612815 2.8535
      vertex -15.45 0.72224 2.91909
    endloop
  endfacet
  facet normal -1 0 0
    outer loop
      vertex -15.45 12.95 0
      vertex -15.45 0.497488 2.79896
      vertex -15.45 0.612815 2.8535
    endloop
  endfacet
  facet normal -1 0 0
    outer loop
      vertex -15.45 12.95 0
      vertex -15.45 0.37737 2.75598
      vertex -15.45 0.497488 2.79896
    endloop
  endfacet
  facet normal -1 0 0
    outer loop
      vertex -15.45 12.95 0
      vertex -15.45 0.253617 2.72498
      vertex -15.45 0.37737 2.75598
    endloop
  endfacet
  facet normal -1 0 0
    outer loop
      vertex -15.45 12.95 0
      vertex -15.45 0.127421 2.70626
      vertex -15.45 0.253617 2.72498
    endloop
  endfacet
  facet normal -1 0 0
    outer loop
      vertex -15.45 12.95 0
      vertex -15.45 0 2.7
      vertex -15.45 0.127421 2.70626
    endloop
  endfacet
  facet normal -1 0 0
    outer loop
      vertex -15.45 -12.95 0
      vertex -15.45 0 2.7
      vertex -15.45 12.95 0
    endloop
  endfacet
  facet normal -1 -0 0
    outer loop
      vertex -15.45 0 2.7
      vertex -15.45 -12.95 0
      vertex -15.45 -0.127421 2.70626
    endloop
  endfacet
  facet normal -1 -0 0
    outer loop
      vertex -15.45 -1.29374 3.87258
      vertex -15.45 -12.95 0
      vertex -15.45 -1.3 4
    endloop
  endfacet
  facet normal -1 -0 0
    outer loop
      vertex -15.45 -1.27502 3.74638
      vertex -15.45 -12.95 0
      vertex -15.45 -1.29374 3.87258
    endloop
  endfacet
  facet normal -1 -0 0
    outer loop
      vertex -15.45 -1.24402 3.62263
      vertex -15.45 -12.95 0
      vertex -15.45 -1.27502 3.74638
    endloop
  endfacet
  facet normal -1 -0 0
    outer loop
      vertex -15.45 -1.20104 3.50251
      vertex -15.45 -12.95 0
      vertex -15.45 -1.24402 3.62263
    endloop
  endfacet
  facet normal -1 -0 0
    outer loop
      vertex -15.45 -1.1465 3.38718
      vertex -15.45 -12.95 0
      vertex -15.45 -1.20104 3.50251
    endloop
  endfacet
  facet normal -1 -0 0
    outer loop
      vertex -15.45 -1.08091 3.27776
      vertex -15.45 -12.95 0
      vertex -15.45 -1.1465 3.38718
    endloop
  endfacet
  facet normal -1 -0 0
    outer loop
      vertex -15.45 -1.00491 3.17529
      vertex -15.45 -12.95 0
      vertex -15.45 -1.08091 3.27776
    endloop
  endfacet
  facet normal -1 -0 0
    outer loop
      vertex -15.45 -0.919238 3.08076
      vertex -15.45 -12.95 0
      vertex -15.45 -1.00491 3.17529
    endloop
  endfacet
  facet normal -1 -0 0
    outer loop
      vertex -15.45 -0.824711 2.99509
      vertex -15.45 -12.95 0
      vertex -15.45 -0.919238 3.08076
    endloop
  endfacet
  facet normal -1 -0 0
    outer loop
      vertex -15.45 -0.72224 2.91909
      vertex -15.45 -12.95 0
      vertex -15.45 -0.824711 2.99509
    endloop
  endfacet
  facet normal -1 -0 0
    outer loop
      vertex -15.45 -0.612815 2.8535
      vertex -15.45 -12.95 0
      vertex -15.45 -0.72224 2.91909
    endloop
  endfacet
  facet normal -1 -0 0
    outer loop
      vertex -15.45 -0.497488 2.79896
      vertex -15.45 -12.95 0
      vertex -15.45 -0.612815 2.8535
    endloop
  endfacet
  facet normal -1 -0 0
    outer loop
      vertex -15.45 -0.37737 2.75598
      vertex -15.45 -12.95 0
      vertex -15.45 -0.497488 2.79896
    endloop
  endfacet
  facet normal -1 -0 0
    outer loop
      vertex -15.45 -0.253617 2.72498
      vertex -15.45 -12.95 0
      vertex -15.45 -0.37737 2.75598
    endloop
  endfacet
  facet normal -1 -0 0
    outer loop
      vertex -15.45 -0.127421 2.70626
      vertex -15.45 -12.95 0
      vertex -15.45 -0.253617 2.72498
    endloop
  endfacet
  facet normal -1 0 0
    outer loop
      vertex -15.45 1.29374 4.12742
      vertex -15.45 12.95 8
      vertex -15.45 1.3 4
    endloop
  endfacet
  facet normal -1 0 0
    outer loop
      vertex -15.45 1.27502 4.25362
      vertex -15.45 12.95 8
      vertex -15.45 1.29374 4.12742
    endloop
  endfacet
  facet normal -1 0 0
    outer loop
      vertex -15.45 1.24402 4.37737
      vertex -15.45 12.95 8
      vertex -15.45 1.27502 4.25362
    endloop
  endfacet
  facet normal -1 0 0
    outer loop
      vertex -15.45 1.20104 4.49749
      vertex -15.45 12.95 8
      vertex -15.45 1.24402 4.37737
    endloop
  endfacet
  facet normal -1 0 0
    outer loop
      vertex -15.45 1.1465 4.61281
      vertex -15.45 12.95 8
      vertex -15.45 1.20104 4.49749
    endloop
  endfacet
  facet normal -1 0 0
    outer loop
      vertex -15.45 1.08091 4.72224
      vertex -15.45 12.95 8
      vertex -15.45 1.1465 4.61281
    endloop
  endfacet
  facet normal -1 0 0
    outer loop
      vertex -15.45 1.00491 4.82471
      vertex -15.45 12.95 8
      vertex -15.45 1.08091 4.72224
    endloop
  endfacet
  facet normal -1 0 0
    outer loop
      vertex -15.45 0.919238 4.91924
      vertex -15.45 12.95 8
      vertex -15.45 1.00491 4.82471
    endloop
  endfacet
  facet normal -1 0 0
    outer loop
      vertex -15.45 0.824711 5.00491
      vertex -15.45 12.95 8
      vertex -15.45 0.919238 4.91924
    endloop
  endfacet
  facet normal -1 0 0
    outer loop
      vertex -15.45 0.72224 5.08091
      vertex -15.45 12.95 8
      vertex -15.45 0.824711 5.00491
    endloop
  endfacet
  facet normal -1 0 0
    outer loop
      vertex -15.45 0.612815 5.1465
      vertex -15.45 12.95 8
      vertex -15.45 0.72224 5.08091
    endloop
  endfacet
  facet normal -1 0 0
    outer loop
      vertex -15.45 0.497488 5.20104
      vertex -15.45 12.95 8
      vertex -15.45 0.612815 5.1465
    endloop
  endfacet
  facet normal -1 0 0
    outer loop
      vertex -15.45 0.37737 5.24402
      vertex -15.45 12.95 8
      vertex -15.45 0.497488 5.20104
    endloop
  endfacet
  facet normal -1 0 0
    outer loop
      vertex -15.45 0.253617 5.27502
      vertex -15.45 12.95 8
      vertex -15.45 0.37737 5.24402
    endloop
  endfacet
  facet normal -1 0 0
    outer loop
      vertex -15.45 0.127421 5.29374
      vertex -15.45 12.95 8
      vertex -15.45 0.253617 5.27502
    endloop
  endfacet
  facet normal -1 0 0
    outer loop
      vertex -15.45 0 5.3
      vertex -15.45 12.95 8
      vertex -15.45 0.127421 5.29374
    endloop
  endfacet
  facet normal -1 0 0
    outer loop
      vertex -15.45 -12.95 8
      vertex -15.45 0 5.3
      vertex -15.45 -0.127421 5.29374
    endloop
  endfacet
  facet normal -1 0 0
    outer loop
      vertex -15.45 -12.95 8
      vertex -15.45 -0.127421 5.29374
      vertex -15.45 -0.253617 5.27502
    endloop
  endfacet
  facet normal -1 0 0
    outer loop
      vertex -15.45 -12.95 8
      vertex -15.45 -1.3 4
      vertex -15.45 -12.95 0
    endloop
  endfacet
  facet normal -1 0 0
    outer loop
      vertex -15.45 -1.3 4
      vertex -15.45 -12.95 8
      vertex -15.45 -1.29374 4.12742
    endloop
  endfacet
  facet normal -1 0 0
    outer loop
      vertex -15.45 -1.29374 4.12742
      vertex -15.45 -12.95 8
      vertex -15.45 -1.27502 4.25362
    endloop
  endfacet
  facet normal -1 0 0
    outer loop
      vertex -15.45 -1.27502 4.25362
      vertex -15.45 -12.95 8
      vertex -15.45 -1.24402 4.37737
    endloop
  endfacet
  facet normal -1 0 0
    outer loop
      vertex -15.45 -1.24402 4.37737
      vertex -15.45 -12.95 8
      vertex -15.45 -1.20104 4.49749
    endloop
  endfacet
  facet normal -1 0 0
    outer loop
      vertex -15.45 -1.20104 4.49749
      vertex -15.45 -12.95 8
      vertex -15.45 -1.1465 4.61281
    endloop
  endfacet
  facet normal -1 0 0
    outer loop
      vertex -15.45 -1.1465 4.61281
      vertex -15.45 -12.95 8
      vertex -15.45 -1.08091 4.72224
    endloop
  endfacet
  facet normal -1 0 0
    outer loop
      vertex -15.45 -1.08091 4.72224
      vertex -15.45 -12.95 8
      vertex -15.45 -1.00491 4.82471
    endloop
  endfacet
  facet normal -1 0 0
    outer loop
      vertex -15.45 -1.00491 4.82471
      vertex -15.45 -12.95 8
      vertex -15.45 -0.919238 4.91924
    endloop
  endfacet
  facet normal -1 0 0
    outer loop
      vertex -15.45 -0.919238 4.91924
      vertex -15.45 -12.95 8
      vertex -15.45 -0.824711 5.00491
    endloop
  endfacet
  facet normal -1 0 0
    outer loop
      vertex -15.45 -0.824711 5.00491
      vertex -15.45 -12.95 8
      vertex -15.45 -0.72224 5.08091
    endloop
  endfacet
  facet normal -1 0 0
    outer loop
      vertex -15.45 -0.72224 5.08091
      vertex -15.45 -12.95 8
      vertex -15.45 -0.612815 5.1465
    endloop
  endfacet
  facet normal -1 0 0
    outer loop
      vertex -15.45 0 5.3
      vertex -15.45 -12.95 8
      vertex -15.45 12.95 8
    endloop
  endfacet
  facet normal -1 0 0
    outer loop
      vertex -15.45 -0.37737 5.24402
      vertex -15.45 -12.95 8
      vertex -15.45 -0.253617 5.27502
    endloop
  endfacet
  facet normal -1 0 0
    outer loop
      vertex -15.45 -0.497488 5.20104
      vertex -15.45 -12.95 8
      vertex -15.45 -0.37737 5.24402
    endloop
  endfacet
  facet normal -1 0 0
    outer loop
      vertex -15.45 -0.612815 5.1465
      vertex -15.45 -12.95 8
      vertex -15.45 -0.497488 5.20104
    endloop
  endfacet
  facet normal 0 0 -1
    outer loop
      vertex 15.45 -12.95 0
      vertex 12.938 -10.695 0
      vertex 12.95 -10.45 0
    endloop
  endfacet
  facet normal 0 0 -1
    outer loop
      vertex 13.195 -15.438 0
      vertex 12.902 -10.9377 0
      vertex 12.938 -10.695 0
    endloop
  endfacet
  facet normal 0 0 -1
    outer loop
      vertex 13.195 -15.438 0
      vertex 12.8424 -11.1757 0
      vertex 12.902 -10.9377 0
    endloop
  endfacet
  facet normal 0 0 -1
    outer loop
      vertex 13.195 -15.438 0
      vertex 12.7597 -11.4067 0
      vertex 12.8424 -11.1757 0
    endloop
  endfacet
  facet normal 0 0 -1
    outer loop
      vertex 13.195 -15.438 0
      vertex 12.6548 -11.6285 0
      vertex 12.7597 -11.4067 0
    endloop
  endfacet
  facet normal 0 0 -1
    outer loop
      vertex 13.195 -15.438 0
      vertex 12.5287 -11.8389 0
      vertex 12.6548 -11.6285 0
    endloop
  endfacet
  facet normal 0 0 -1
    outer loop
      vertex 13.195 -15.438 0
      vertex 12.3825 -12.036 0
      vertex 12.5287 -11.8389 0
    endloop
  endfacet
  facet normal 0 0 -1
    outer loop
      vertex 13.195 -15.438 0
      vertex 12.2178 -12.2178 0
      vertex 12.3825 -12.036 0
    endloop
  endfacet
  facet normal 0 0 -1
    outer loop
      vertex 13.195 -15.438 0
      vertex 12.036 -12.3825 0
      vertex 12.2178 -12.2178 0
    endloop
  endfacet
  facet normal 0 0 -1
    outer loop
      vertex 12.95 -15.45 0
      vertex 11.8389 -12.5287 0
      vertex 12.036 -12.3825 0
    endloop
  endfacet
  facet normal 0 0 -1
    outer loop
      vertex 12.95 -15.45 0
      vertex 11.6285 -12.6548 0
      vertex 11.8389 -12.5287 0
    endloop
  endfacet
  facet normal 0 0 -1
    outer loop
      vertex 12.95 -15.45 0
      vertex 11.4067 -12.7597 0
      vertex 11.6285 -12.6548 0
    endloop
  endfacet
  facet normal 0 0 -1
    outer loop
      vertex 12.95 -15.45 0
      vertex 11.1757 -12.8424 0
      vertex 11.4067 -12.7597 0
    endloop
  endfacet
  facet normal 0 0 -1
    outer loop
      vertex 12.95 -15.45 0
      vertex 10.9377 -12.902 0
      vertex 11.1757 -12.8424 0
    endloop
  endfacet
  facet normal 0 0 -1
    outer loop
      vertex 12.95 -15.45 0
      vertex 10.695 -12.938 0
      vertex 10.9377 -12.902 0
    endloop
  endfacet
  facet normal 0 0 -1
    outer loop
      vertex 12.95 -15.45 0
      vertex 10.45 -12.95 0
      vertex 10.695 -12.938 0
    endloop
  endfacet
  facet normal 0 0 -1
    outer loop
      vertex 12.95 -15.45 0
      vertex -10.45 -12.95 0
      vertex 10.45 -12.95 0
    endloop
  endfacet
  facet normal 0 0 -1
    outer loop
      vertex -12.95 -15.45 0
      vertex -10.45 -12.95 0
      vertex 12.95 -15.45 0
    endloop
  endfacet
  facet normal -0 0 -1
    outer loop
      vertex -10.45 -12.95 0
      vertex -12.95 -15.45 0
      vertex -10.695 -12.938 0
    endloop
  endfacet
  facet normal 0 0 -1
    outer loop
      vertex -12.95 -15.45 0
      vertex -10.9377 -12.902 0
      vertex -10.695 -12.938 0
    endloop
  endfacet
  facet normal 0 0 -1
    outer loop
      vertex -12.95 -15.45 0
      vertex -11.1757 -12.8424 0
      vertex -10.9377 -12.902 0
    endloop
  endfacet
  facet normal 0 0 -1
    outer loop
      vertex -12.95 -15.45 0
      vertex -11.4067 -12.7597 0
      vertex -11.1757 -12.8424 0
    endloop
  endfacet
  facet normal 0 0 -1
    outer loop
      vertex -12.95 -15.45 0
      vertex -11.6285 -12.6548 0
      vertex -11.4067 -12.7597 0
    endloop
  endfacet
  facet normal 0 0 -1
    outer loop
      vertex -12.95 -15.45 0
      vertex -11.8389 -12.5287 0
      vertex -11.6285 -12.6548 0
    endloop
  endfacet
  facet normal 0 0 -1
    outer loop
      vertex -12.95 -15.45 0
      vertex -12.036 -12.3825 0
      vertex -11.8389 -12.5287 0
    endloop
  endfacet
  facet normal 0 0 -1
    outer loop
      vertex -13.195 -15.438 0
      vertex -12.036 -12.3825 0
      vertex -12.95 -15.45 0
    endloop
  endfacet
  facet normal 0 0 -1
    outer loop
      vertex -13.4377 -15.402 0
      vertex -12.036 -12.3825 0
      vertex -13.195 -15.438 0
    endloop
  endfacet
  facet normal 0 0 -1
    outer loop
      vertex -13.6757 -15.3424 0
      vertex -12.036 -12.3825 0
      vertex -13.4377 -15.402 0
    endloop
  endfacet
  facet normal 0 0 -1
    outer loop
      vertex -13.9067 -15.2597 0
      vertex -12.036 -12.3825 0
      vertex -13.6757 -15.3424 0
    endloop
  endfacet
  facet normal 0 0 -1
    outer loop
      vertex -14.1285 -15.1548 0
      vertex -12.036 -12.3825 0
      vertex -13.9067 -15.2597 0
    endloop
  endfacet
  facet normal -0 0 -1
    outer loop
      vertex -12.036 -12.3825 0
      vertex -14.1285 -15.1548 0
      vertex -12.2178 -12.2178 0
    endloop
  endfacet
  facet normal 0 0 -1
    outer loop
      vertex -14.3389 -15.0287 0
      vertex -12.2178 -12.2178 0
      vertex -14.1285 -15.1548 0
    endloop
  endfacet
  facet normal 0 0 -1
    outer loop
      vertex -14.536 -14.8825 0
      vertex -12.2178 -12.2178 0
      vertex -14.3389 -15.0287 0
    endloop
  endfacet
  facet normal 0 0 -1
    outer loop
      vertex -14.7178 -14.7178 0
      vertex -12.2178 -12.2178 0
      vertex -14.536 -14.8825 0
    endloop
  endfacet
  facet normal -0 0 -1
    outer loop
      vertex -12.938 -10.695 0
      vertex -15.45 -12.95 0
      vertex -12.95 -10.45 0
    endloop
  endfacet
  facet normal -0 0 -1
    outer loop
      vertex -12.95 -10.45 0
      vertex -15.45 -12.95 0
      vertex -12.95 10.45 0
    endloop
  endfacet
  facet normal 0 0 -1
    outer loop
      vertex -14.8825 -14.536 0
      vertex -12.2178 -12.2178 0
      vertex -14.7178 -14.7178 0
    endloop
  endfacet
  facet normal 0 0 -1
    outer loop
      vertex -15.45 12.95 0
      vertex -12.95 10.45 0
      vertex -15.45 -12.95 0
    endloop
  endfacet
  facet normal 0 0 -1
    outer loop
      vertex -15.0287 -14.3389 0
      vertex -12.2178 -12.2178 0
      vertex -14.8825 -14.536 0
    endloop
  endfacet
  facet normal 0 0 -1
    outer loop
      vertex -12.95 10.45 0
      vertex -15.45 12.95 0
      vertex -12.95 15.45 0
    endloop
  endfacet
  facet normal 0 0 -1
    outer loop
      vertex -15.1548 -14.1285 0
      vertex -12.2178 -12.2178 0
      vertex -15.0287 -14.3389 0
    endloop
  endfacet
  facet normal 0 0 -1
    outer loop
      vertex -12.95 15.45 0
      vertex -15.45 12.95 0
      vertex -13.195 15.438 0
    endloop
  endfacet
  facet normal -0 0 -1
    outer loop
      vertex -12.2178 -12.2178 0
      vertex -15.1548 -14.1285 0
      vertex -12.3825 -12.036 0
    endloop
  endfacet
  facet normal 0 0 -1
    outer loop
      vertex -13.195 15.438 0
      vertex -15.45 12.95 0
      vertex -13.4377 15.402 0
    endloop
  endfacet
  facet normal 0 0 -1
    outer loop
      vertex -15.2597 -13.9067 0
      vertex -12.3825 -12.036 0
      vertex -15.1548 -14.1285 0
    endloop
  endfacet
  facet normal 0 0 -1
    outer loop
      vertex -13.4377 15.402 0
      vertex -15.45 12.95 0
      vertex -13.6757 15.3424 0
    endloop
  endfacet
  facet normal 0 0 -1
    outer loop
      vertex -15.3424 -13.6757 0
      vertex -12.3825 -12.036 0
      vertex -15.2597 -13.9067 0
    endloop
  endfacet
  facet normal 0 0 -1
    outer loop
      vertex -13.6757 15.3424 0
      vertex -15.45 12.95 0
      vertex -13.9067 15.2597 0
    endloop
  endfacet
  facet normal 0 0 -1
    outer loop
      vertex -15.402 -13.4377 0
      vertex -12.3825 -12.036 0
      vertex -15.3424 -13.6757 0
    endloop
  endfacet
  facet normal 0 0 -1
    outer loop
      vertex -13.9067 15.2597 0
      vertex -15.45 12.95 0
      vertex -14.1285 15.1548 0
    endloop
  endfacet
  facet normal 0 0 -1
    outer loop
      vertex -15.438 -13.195 0
      vertex -12.3825 -12.036 0
      vertex -15.402 -13.4377 0
    endloop
  endfacet
  facet normal 0 0 -1
    outer loop
      vertex -14.1285 15.1548 0
      vertex -15.45 12.95 0
      vertex -14.3389 15.0287 0
    endloop
  endfacet
  facet normal 0 0 -1
    outer loop
      vertex -15.45 -12.95 0
      vertex -12.3825 -12.036 0
      vertex -15.438 -13.195 0
    endloop
  endfacet
  facet normal 0 0 -1
    outer loop
      vertex -14.3389 15.0287 0
      vertex -15.45 12.95 0
      vertex -14.536 14.8825 0
    endloop
  endfacet
  facet normal -0 0 -1
    outer loop
      vertex -12.3825 -12.036 0
      vertex -15.45 -12.95 0
      vertex -12.5287 -11.8389 0
    endloop
  endfacet
  facet normal 0 0 -1
    outer loop
      vertex -14.536 14.8825 0
      vertex -15.45 12.95 0
      vertex -14.7178 14.7178 0
    endloop
  endfacet
  facet normal -0 0 -1
    outer loop
      vertex -12.5287 -11.8389 0
      vertex -15.45 -12.95 0
      vertex -12.6548 -11.6285 0
    endloop
  endfacet
  facet normal 0 0 -1
    outer loop
      vertex -14.7178 14.7178 0
      vertex -15.45 12.95 0
      vertex -14.8825 14.536 0
    endloop
  endfacet
  facet normal -0 0 -1
    outer loop
      vertex -12.6548 -11.6285 0
      vertex -15.45 -12.95 0
      vertex -12.7597 -11.4067 0
    endloop
  endfacet
  facet normal 0 0 -1
    outer loop
      vertex -14.8825 14.536 0
      vertex -15.45 12.95 0
      vertex -15.0287 14.3389 0
    endloop
  endfacet
  facet normal -0 0 -1
    outer loop
      vertex -12.7597 -11.4067 0
      vertex -15.45 -12.95 0
      vertex -12.8424 -11.1757 0
    endloop
  endfacet
  facet normal 0 0 -1
    outer loop
      vertex -15.0287 14.3389 0
      vertex -15.45 12.95 0
      vertex -15.1548 14.1285 0
    endloop
  endfacet
  facet normal -0 0 -1
    outer loop
      vertex -12.902 -10.9377 0
      vertex -15.45 -12.95 0
      vertex -12.938 -10.695 0
    endloop
  endfacet
  facet normal 0 0 -1
    outer loop
      vertex -15.1548 14.1285 0
      vertex -15.45 12.95 0
      vertex -15.2597 13.9067 0
    endloop
  endfacet
  facet normal -0 0 -1
    outer loop
      vertex -12.8424 -11.1757 0
      vertex -15.45 -12.95 0
      vertex -12.902 -10.9377 0
    endloop
  endfacet
  facet normal 0 0 -1
    outer loop
      vertex -15.2597 13.9067 0
      vertex -15.45 12.95 0
      vertex -15.3424 13.6757 0
    endloop
  endfacet
  facet normal 0 0 -1
    outer loop
      vertex -15.3424 13.6757 0
      vertex -15.45 12.95 0
      vertex -15.402 13.4377 0
    endloop
  endfacet
  facet normal 0 0 -1
    outer loop
      vertex -15.402 13.4377 0
      vertex -15.45 12.95 0
      vertex -15.438 13.195 0
    endloop
  endfacet
  facet normal 0 0 -1
    outer loop
      vertex 12.938 -10.695 0
      vertex 15.45 -12.95 0
      vertex 15.438 -13.195 0
    endloop
  endfacet
  facet normal 0 0 -1
    outer loop
      vertex 15.45 -12.95 0
      vertex 12.95 -10.45 0
      vertex 15.45 12.95 0
    endloop
  endfacet
  facet normal 0 0 -1
    outer loop
      vertex 12.938 -10.695 0
      vertex 15.438 -13.195 0
      vertex 15.402 -13.4377 0
    endloop
  endfacet
  facet normal 0 0 -1
    outer loop
      vertex 12.95 10.45 0
      vertex 15.45 12.95 0
      vertex 12.95 -10.45 0
    endloop
  endfacet
  facet normal 0 0 -1
    outer loop
      vertex 12.938 -10.695 0
      vertex 15.402 -13.4377 0
      vertex 15.3424 -13.6757 0
    endloop
  endfacet
  facet normal 0 0 -1
    outer loop
      vertex 12.938 10.695 0
      vertex 15.45 12.95 0
      vertex 12.95 10.45 0
    endloop
  endfacet
  facet normal 0 0 -1
    outer loop
      vertex 12.938 -10.695 0
      vertex 15.3424 -13.6757 0
      vertex 15.2597 -13.9067 0
    endloop
  endfacet
  facet normal 0 0 -1
    outer loop
      vertex 12.902 10.9377 0
      vertex 15.45 12.95 0
      vertex 12.938 10.695 0
    endloop
  endfacet
  facet normal 0 0 -1
    outer loop
      vertex 12.938 -10.695 0
      vertex 15.2597 -13.9067 0
      vertex 15.1548 -14.1285 0
    endloop
  endfacet
  facet normal 0 0 -1
    outer loop
      vertex 12.8424 11.1757 0
      vertex 15.45 12.95 0
      vertex 12.902 10.9377 0
    endloop
  endfacet
  facet normal 0 0 -1
    outer loop
      vertex 12.938 -10.695 0
      vertex 15.1548 -14.1285 0
      vertex 15.0287 -14.3389 0
    endloop
  endfacet
  facet normal 0 0 -1
    outer loop
      vertex 12.7597 11.4067 0
      vertex 15.45 12.95 0
      vertex 12.8424 11.1757 0
    endloop
  endfacet
  facet normal 0 0 -1
    outer loop
      vertex 12.938 -10.695 0
      vertex 15.0287 -14.3389 0
      vertex 14.8825 -14.536 0
    endloop
  endfacet
  facet normal 0 0 -1
    outer loop
      vertex 12.6548 11.6285 0
      vertex 15.45 12.95 0
      vertex 12.7597 11.4067 0
    endloop
  endfacet
  facet normal 0 0 -1
    outer loop
      vertex 12.938 -10.695 0
      vertex 14.8825 -14.536 0
      vertex 14.7178 -14.7178 0
    endloop
  endfacet
  facet normal 0 0 -1
    outer loop
      vertex 12.5287 11.8389 0
      vertex 15.45 12.95 0
      vertex 12.6548 11.6285 0
    endloop
  endfacet
  facet normal 0 0 -1
    outer loop
      vertex 12.938 -10.695 0
      vertex 14.7178 -14.7178 0
      vertex 14.536 -14.8825 0
    endloop
  endfacet
  facet normal 0 0 -1
    outer loop
      vertex 12.3825 12.036 0
      vertex 15.45 12.95 0
      vertex 12.5287 11.8389 0
    endloop
  endfacet
  facet normal 0 0 -1
    outer loop
      vertex 12.938 -10.695 0
      vertex 14.536 -14.8825 0
      vertex 14.3389 -15.0287 0
    endloop
  endfacet
  facet normal -0 0 -1
    outer loop
      vertex 15.45 12.95 0
      vertex 12.3825 12.036 0
      vertex 15.438 13.195 0
    endloop
  endfacet
  facet normal 0 0 -1
    outer loop
      vertex 12.938 -10.695 0
      vertex 14.3389 -15.0287 0
      vertex 14.1285 -15.1548 0
    endloop
  endfacet
  facet normal -0 0 -1
    outer loop
      vertex 15.438 13.195 0
      vertex 12.3825 12.036 0
      vertex 15.402 13.4377 0
    endloop
  endfacet
  facet normal 0 0 -1
    outer loop
      vertex 12.938 -10.695 0
      vertex 14.1285 -15.1548 0
      vertex 13.9067 -15.2597 0
    endloop
  endfacet
  facet normal -0 0 -1
    outer loop
      vertex 15.402 13.4377 0
      vertex 12.3825 12.036 0
      vertex 15.3424 13.6757 0
    endloop
  endfacet
  facet normal 0 0 -1
    outer loop
      vertex 12.938 -10.695 0
      vertex 13.9067 -15.2597 0
      vertex 13.6757 -15.3424 0
    endloop
  endfacet
  facet normal -0 0 -1
    outer loop
      vertex 15.3424 13.6757 0
      vertex 12.3825 12.036 0
      vertex 15.2597 13.9067 0
    endloop
  endfacet
  facet normal 0 0 -1
    outer loop
      vertex 12.938 -10.695 0
      vertex 13.6757 -15.3424 0
      vertex 13.4377 -15.402 0
    endloop
  endfacet
  facet normal -0 0 -1
    outer loop
      vertex 15.2597 13.9067 0
      vertex 12.3825 12.036 0
      vertex 15.1548 14.1285 0
    endloop
  endfacet
  facet normal 0 0 -1
    outer loop
      vertex 12.938 -10.695 0
      vertex 13.4377 -15.402 0
      vertex 13.195 -15.438 0
    endloop
  endfacet
  facet normal 0 0 -1
    outer loop
      vertex 12.2178 12.2178 0
      vertex 15.1548 14.1285 0
      vertex 12.3825 12.036 0
    endloop
  endfacet
  facet normal 0 0 -1
    outer loop
      vertex 12.036 -12.3825 0
      vertex 13.195 -15.438 0
      vertex 12.95 -15.45 0
    endloop
  endfacet
  facet normal -0 0 -1
    outer loop
      vertex 15.1548 14.1285 0
      vertex 12.2178 12.2178 0
      vertex 15.0287 14.3389 0
    endloop
  endfacet
  facet normal -0 0 -1
    outer loop
      vertex 15.0287 14.3389 0
      vertex 12.2178 12.2178 0
      vertex 14.8825 14.536 0
    endloop
  endfacet
  facet normal -0 0 -1
    outer loop
      vertex 14.8825 14.536 0
      vertex 12.2178 12.2178 0
      vertex 14.7178 14.7178 0
    endloop
  endfacet
  facet normal -0 0 -1
    outer loop
      vertex 14.7178 14.7178 0
      vertex 12.2178 12.2178 0
      vertex 14.536 14.8825 0
    endloop
  endfacet
  facet normal -0 0 -1
    outer loop
      vertex 14.536 14.8825 0
      vertex 12.2178 12.2178 0
      vertex 14.3389 15.0287 0
    endloop
  endfacet
  facet normal -0 0 -1
    outer loop
      vertex 14.3389 15.0287 0
      vertex 12.2178 12.2178 0
      vertex 14.1285 15.1548 0
    endloop
  endfacet
  facet normal 0 0 -1
    outer loop
      vertex 12.036 12.3825 0
      vertex 14.1285 15.1548 0
      vertex 12.2178 12.2178 0
    endloop
  endfacet
  facet normal -0 0 -1
    outer loop
      vertex 14.1285 15.1548 0
      vertex 12.036 12.3825 0
      vertex 13.9067 15.2597 0
    endloop
  endfacet
  facet normal -0 0 -1
    outer loop
      vertex 13.9067 15.2597 0
      vertex 12.036 12.3825 0
      vertex 13.6757 15.3424 0
    endloop
  endfacet
  facet normal -0 0 -1
    outer loop
      vertex 13.6757 15.3424 0
      vertex 12.036 12.3825 0
      vertex 13.4377 15.402 0
    endloop
  endfacet
  facet normal -0 0 -1
    outer loop
      vertex 13.4377 15.402 0
      vertex 12.036 12.3825 0
      vertex 13.195 15.438 0
    endloop
  endfacet
  facet normal -0 0 -1
    outer loop
      vertex 13.195 15.438 0
      vertex 12.036 12.3825 0
      vertex 12.95 15.45 0
    endloop
  endfacet
  facet normal 0 0 -1
    outer loop
      vertex 11.8389 12.5287 0
      vertex 12.95 15.45 0
      vertex 12.036 12.3825 0
    endloop
  endfacet
  facet normal 0 0 -1
    outer loop
      vertex 11.6285 12.6548 0
      vertex 12.95 15.45 0
      vertex 11.8389 12.5287 0
    endloop
  endfacet
  facet normal 0 0 -1
    outer loop
      vertex 11.4067 12.7597 0
      vertex 12.95 15.45 0
      vertex 11.6285 12.6548 0
    endloop
  endfacet
  facet normal 0 0 -1
    outer loop
      vertex 11.1757 12.8424 0
      vertex 12.95 15.45 0
      vertex 11.4067 12.7597 0
    endloop
  endfacet
  facet normal 0 0 -1
    outer loop
      vertex 10.9377 12.902 0
      vertex 12.95 15.45 0
      vertex 11.1757 12.8424 0
    endloop
  endfacet
  facet normal 0 0 -1
    outer loop
      vertex 10.695 12.938 0
      vertex 12.95 15.45 0
      vertex 10.9377 12.902 0
    endloop
  endfacet
  facet normal 0 0 -1
    outer loop
      vertex 10.45 12.95 0
      vertex 12.95 15.45 0
      vertex 10.695 12.938 0
    endloop
  endfacet
  facet normal 0 0 -1
    outer loop
      vertex -10.45 12.95 0
      vertex 12.95 15.45 0
      vertex 10.45 12.95 0
    endloop
  endfacet
  facet normal 0 0 -1
    outer loop
      vertex -12.95 15.45 0
      vertex -10.45 12.95 0
      vertex -10.695 12.938 0
    endloop
  endfacet
  facet normal 0 0 -1
    outer loop
      vertex -10.45 12.95 0
      vertex -12.95 15.45 0
      vertex 12.95 15.45 0
    endloop
  endfacet
  facet normal 0 0 -1
    outer loop
      vertex -10.9377 12.902 0
      vertex -12.95 15.45 0
      vertex -10.695 12.938 0
    endloop
  endfacet
  facet normal 0 0 -1
    outer loop
      vertex -11.1757 12.8424 0
      vertex -12.95 15.45 0
      vertex -10.9377 12.902 0
    endloop
  endfacet
  facet normal 0 0 -1
    outer loop
      vertex -11.4067 12.7597 0
      vertex -12.95 15.45 0
      vertex -11.1757 12.8424 0
    endloop
  endfacet
  facet normal 0 0 -1
    outer loop
      vertex -11.6285 12.6548 0
      vertex -12.95 15.45 0
      vertex -11.4067 12.7597 0
    endloop
  endfacet
  facet normal 0 0 -1
    outer loop
      vertex -11.8389 12.5287 0
      vertex -12.95 15.45 0
      vertex -11.6285 12.6548 0
    endloop
  endfacet
  facet normal 0 0 -1
    outer loop
      vertex -12.036 12.3825 0
      vertex -12.95 15.45 0
      vertex -11.8389 12.5287 0
    endloop
  endfacet
  facet normal 0 0 -1
    outer loop
      vertex -12.2178 12.2178 0
      vertex -12.95 15.45 0
      vertex -12.036 12.3825 0
    endloop
  endfacet
  facet normal 0 0 -1
    outer loop
      vertex -12.3825 12.036 0
      vertex -12.95 15.45 0
      vertex -12.2178 12.2178 0
    endloop
  endfacet
  facet normal 0 0 -1
    outer loop
      vertex -12.5287 11.8389 0
      vertex -12.95 15.45 0
      vertex -12.3825 12.036 0
    endloop
  endfacet
  facet normal 0 0 -1
    outer loop
      vertex -12.6548 11.6285 0
      vertex -12.95 15.45 0
      vertex -12.5287 11.8389 0
    endloop
  endfacet
  facet normal 0 0 -1
    outer loop
      vertex -12.7597 11.4067 0
      vertex -12.95 15.45 0
      vertex -12.6548 11.6285 0
    endloop
  endfacet
  facet normal 0 0 -1
    outer loop
      vertex -12.8424 11.1757 0
      vertex -12.95 15.45 0
      vertex -12.7597 11.4067 0
    endloop
  endfacet
  facet normal 0 0 -1
    outer loop
      vertex -12.902 10.9377 0
      vertex -12.95 15.45 0
      vertex -12.8424 11.1757 0
    endloop
  endfacet
  facet normal 0 0 -1
    outer loop
      vertex -12.938 10.695 0
      vertex -12.95 15.45 0
      vertex -12.902 10.9377 0
    endloop
  endfacet
  facet normal 0 0 -1
    outer loop
      vertex -12.95 15.45 0
      vertex -12.938 10.695 0
      vertex -12.95 10.45 0
    endloop
  endfacet
  facet normal 0.0407824 0.999168 -0
    outer loop
      vertex 13.195 15.438 0
      vertex 13.1852 15.4384 8
      vertex 13.195 15.438 8
    endloop
  endfacet
  facet normal 0.0492599 0.998786 1.0404e-05
    outer loop
      vertex 13.1852 15.4384 8
      vertex 13.195 15.438 0
      vertex 12.95 15.45 8
    endloop
  endfacet
  facet normal 0.0489209 0.998803 0
    outer loop
      vertex 12.95 15.45 8
      vertex 13.195 15.438 0
      vertex 12.95 15.45 0
    endloop
  endfacet
  facet normal 0 1 -0
    outer loop
      vertex 12.95 15.45 0
      vertex -12.95 15.45 8
      vertex 12.95 15.45 8
    endloop
  endfacet
  facet normal 0 1 0
    outer loop
      vertex -12.95 15.45 8
      vertex 12.95 15.45 0
      vertex -12.95 15.45 0
    endloop
  endfacet
  facet normal 0.989206 0.146533 0
    outer loop
      vertex 15.4365 13.2048 8
      vertex 15.402 13.4377 0
      vertex 15.402 13.4377 8
    endloop
  endfacet
  facet normal 0.988488 0.151299 -0
    outer loop
      vertex 15.438 13.195 0
      vertex 15.4365 13.2048 8
      vertex 15.438 13.195 8
    endloop
  endfacet
  facet normal 0.989177 0.146726 5.73148e-06
    outer loop
      vertex 15.4365 13.2048 8
      vertex 15.438 13.195 0
      vertex 15.402 13.4377 0
    endloop
  endfacet
  facet normal 0.999168 0.0407824 0
    outer loop
      vertex 15.4384 13.1852 8
      vertex 15.438 13.195 0
      vertex 15.438 13.195 8
    endloop
  endfacet
  facet normal 0.998786 0.0492599 1.0404e-05
    outer loop
      vertex 15.45 12.95 8
      vertex 15.438 13.195 0
      vertex 15.4384 13.1852 8
    endloop
  endfacet
  facet normal 0.998803 0.0489209 0
    outer loop
      vertex 15.438 13.195 0
      vertex 15.45 12.95 8
      vertex 15.45 12.95 0
    endloop
  endfacet
  facet normal -0.85768 0.514184 0
    outer loop
      vertex -15.0287 14.3389 0
      vertex -15.1498 14.1369 8
      vertex -15.0287 14.3389 8
    endloop
  endfacet
  facet normal -0.857745 0.514076 -3.68944e-06
    outer loop
      vertex -15.1548 14.1285 0
      vertex -15.1498 14.1369 8
      vertex -15.0287 14.3389 0
    endloop
  endfacet
  facet normal -0.859293 0.511484 0
    outer loop
      vertex -15.1498 14.1369 8
      vertex -15.1548 14.1285 0
      vertex -15.1548 14.1285 8
    endloop
  endfacet
  facet normal -0.999168 0.0407824 0
    outer loop
      vertex -15.438 13.195 0
      vertex -15.4384 13.1852 8
      vertex -15.438 13.195 8
    endloop
  endfacet
  facet normal -0.998803 0.0489209 9.98803e-06
    outer loop
      vertex -15.45 12.95 0
      vertex -15.4384 13.1852 8
      vertex -15.438 13.195 0
    endloop
  endfacet
  facet normal -0.998786 0.0492599 0
    outer loop
      vertex -15.4384 13.1852 8
      vertex -15.45 12.95 0
      vertex -15.45 12.95 8
    endloop
  endfacet
  facet normal 0.671425 0.741073 -0
    outer loop
      vertex 14.7178 14.7178 0
      vertex 14.5433 14.8759 8
      vertex 14.7178 14.7178 8
    endloop
  endfacet
  facet normal 0.671394 0.741101 -1.23823e-06
    outer loop
      vertex 14.536 14.8825 0
      vertex 14.5433 14.8759 8
      vertex 14.7178 14.7178 0
    endloop
  endfacet
  facet normal 0.670647 0.741776 0
    outer loop
      vertex 14.5433 14.8759 8
      vertex 14.536 14.8825 0
      vertex 14.536 14.8825 8
    endloop
  endfacet
  facet normal 0.998786 -0.0492599 0
    outer loop
      vertex 15.4384 -13.1852 8
      vertex 15.45 -12.95 0
      vertex 15.45 -12.95 8
    endloop
  endfacet
  facet normal 0.999168 -0.0407824 0
    outer loop
      vertex 15.438 -13.195 0
      vertex 15.4384 -13.1852 8
      vertex 15.438 -13.195 8
    endloop
  endfacet
  facet normal 0.998803 -0.0489209 9.98803e-06
    outer loop
      vertex 15.4384 -13.1852 8
      vertex 15.438 -13.195 0
      vertex 15.45 -12.95 0
    endloop
  endfacet
  facet normal 0.243235 -0.969967 0
    outer loop
      vertex 13.4377 -15.402 0
      vertex 13.6662 -15.3447 8
      vertex 13.4377 -15.402 8
    endloop
  endfacet
  facet normal 0.242919 -0.970047 9.57819e-06
    outer loop
      vertex 13.6757 -15.3424 0
      vertex 13.6662 -15.3447 8
      vertex 13.4377 -15.402 0
    endloop
  endfacet
  facet normal 0.235307 -0.971921 0
    outer loop
      vertex 13.6662 -15.3447 8
      vertex 13.6757 -15.3424 0
      vertex 13.6757 -15.3424 8
    endloop
  endfacet
  facet normal 0 -1 0
    outer loop
      vertex -12.95 -15.45 0
      vertex 12.95 -15.45 8
      vertex -12.95 -15.45 8
    endloop
  endfacet
  facet normal 0 -1 -0
    outer loop
      vertex 12.95 -15.45 8
      vertex -12.95 -15.45 0
      vertex 12.95 -15.45 0
    endloop
  endfacet
  facet normal -0.939202 -0.343364 0
    outer loop
      vertex -15.3424 -13.6757 0
      vertex -15.339 -13.685 8
      vertex -15.3424 -13.6757 8
    endloop
  endfacet
  facet normal -0.941483 -0.337059 8.29912e-06
    outer loop
      vertex -15.2597 -13.9067 0
      vertex -15.339 -13.685 8
      vertex -15.3424 -13.6757 0
    endloop
  endfacet
  facet normal -0.941578 -0.336794 0
    outer loop
      vertex -15.339 -13.685 8
      vertex -15.2597 -13.9067 0
      vertex -15.2597 -13.9067 8
    endloop
  endfacet
  facet normal -0.801215 0.598376 0
    outer loop
      vertex -14.8825 14.536 0
      vertex -14.8884 14.5281 8
      vertex -14.8825 14.536 8
    endloop
  endfacet
  facet normal -0.803167 0.595754 -4.02908e-06
    outer loop
      vertex -15.0287 14.3389 0
      vertex -14.8884 14.5281 8
      vertex -14.8825 14.536 0
    endloop
  endfacet
  facet normal -0.803249 0.595644 0
    outer loop
      vertex -14.8884 14.5281 8
      vertex -15.0287 14.3389 0
      vertex -15.0287 14.3389 8
    endloop
  endfacet
  facet normal -0.741073 0.671425 0
    outer loop
      vertex -14.7178 14.7178 0
      vertex -14.8759 14.5433 8
      vertex -14.7178 14.7178 8
    endloop
  endfacet
  facet normal -0.741101 0.671394 -1.23823e-06
    outer loop
      vertex -14.8825 14.536 0
      vertex -14.8759 14.5433 8
      vertex -14.7178 14.7178 0
    endloop
  endfacet
  facet normal -0.741776 0.670647 0
    outer loop
      vertex -14.8759 14.5433 8
      vertex -14.8825 14.536 0
      vertex -14.8825 14.536 8
    endloop
  endfacet
  facet normal -0.670647 0.741776 0
    outer loop
      vertex -14.536 14.8825 0
      vertex -14.5433 14.8759 8
      vertex -14.536 14.8825 8
    endloop
  endfacet
  facet normal -0.671425 0.741073 -1.28998e-06
    outer loop
      vertex -14.5433 14.8759 8
      vertex -14.536 14.8825 0
      vertex -14.7178 14.7178 8
    endloop
  endfacet
  facet normal -0.671394 0.741101 0
    outer loop
      vertex -14.7178 14.7178 8
      vertex -14.536 14.8825 0
      vertex -14.7178 14.7178 0
    endloop
  endfacet
  facet normal -0.941578 0.336794 0
    outer loop
      vertex -15.2597 13.9067 0
      vertex -15.339 13.685 8
      vertex -15.2597 13.9067 8
    endloop
  endfacet
  facet normal -0.941483 0.337059 8.29912e-06
    outer loop
      vertex -15.3424 13.6757 0
      vertex -15.339 13.685 8
      vertex -15.2597 13.9067 0
    endloop
  endfacet
  facet normal -0.939202 0.343364 0
    outer loop
      vertex -15.339 13.685 8
      vertex -15.3424 13.6757 0
      vertex -15.3424 13.6757 8
    endloop
  endfacet
  facet normal -0.904358 0.426775 0
    outer loop
      vertex -15.1548 14.1285 0
      vertex -15.159 14.1196 8
      vertex -15.1548 14.1285 8
    endloop
  endfacet
  facet normal -0.903995 0.427543 1.0444e-06
    outer loop
      vertex -15.2597 13.9067 0
      vertex -15.159 14.1196 8
      vertex -15.1548 14.1285 0
    endloop
  endfacet
  facet normal -0.90398 0.427575 0
    outer loop
      vertex -15.159 14.1196 8
      vertex -15.2597 13.9067 0
      vertex -15.2597 13.9067 8
    endloop
  endfacet
  facet normal 0.336794 0.941578 -0
    outer loop
      vertex 13.9067 15.2597 0
      vertex 13.685 15.339 8
      vertex 13.9067 15.2597 8
    endloop
  endfacet
  facet normal 0.337059 0.941483 8.29912e-06
    outer loop
      vertex 13.6757 15.3424 0
      vertex 13.685 15.339 8
      vertex 13.9067 15.2597 0
    endloop
  endfacet
  facet normal 0.343364 0.939202 0
    outer loop
      vertex 13.685 15.339 8
      vertex 13.6757 15.3424 0
      vertex 13.6757 15.3424 8
    endloop
  endfacet
  facet normal 0.904358 0.426775 0
    outer loop
      vertex 15.159 14.1196 8
      vertex 15.1548 14.1285 0
      vertex 15.1548 14.1285 8
    endloop
  endfacet
  facet normal 0.90398 0.427575 1.08805e-06
    outer loop
      vertex 15.2597 13.9067 8
      vertex 15.1548 14.1285 0
      vertex 15.159 14.1196 8
    endloop
  endfacet
  facet normal 0.903995 0.427543 0
    outer loop
      vertex 15.1548 14.1285 0
      vertex 15.2597 13.9067 8
      vertex 15.2597 13.9067 0
    endloop
  endfacet
  facet normal 0.971921 0.235307 0
    outer loop
      vertex 15.3447 13.6662 8
      vertex 15.3424 13.6757 0
      vertex 15.3424 13.6757 8
    endloop
  endfacet
  facet normal 0.969967 0.243235 9.9756e-06
    outer loop
      vertex 15.402 13.4377 8
      vertex 15.3424 13.6757 0
      vertex 15.3447 13.6662 8
    endloop
  endfacet
  facet normal 0.970047 0.242919 0
    outer loop
      vertex 15.3424 13.6757 0
      vertex 15.402 13.4377 8
      vertex 15.402 13.4377 0
    endloop
  endfacet
  facet normal -0.243235 0.969967 0
    outer loop
      vertex -13.4377 15.402 0
      vertex -13.6662 15.3447 8
      vertex -13.4377 15.402 8
    endloop
  endfacet
  facet normal -0.242919 0.970047 9.57819e-06
    outer loop
      vertex -13.6757 15.3424 0
      vertex -13.6662 15.3447 8
      vertex -13.4377 15.402 0
    endloop
  endfacet
  facet normal -0.235307 0.971921 0
    outer loop
      vertex -13.6662 15.3447 8
      vertex -13.6757 15.3424 0
      vertex -13.6757 15.3424 8
    endloop
  endfacet
  facet normal -0.0492599 0.998786 0
    outer loop
      vertex -12.95 15.45 0
      vertex -13.1852 15.4384 8
      vertex -12.95 15.45 8
    endloop
  endfacet
  facet normal -0.0489209 0.998803 9.98803e-06
    outer loop
      vertex -13.195 15.438 0
      vertex -13.1852 15.4384 8
      vertex -12.95 15.45 0
    endloop
  endfacet
  facet normal -0.0407824 0.999168 0
    outer loop
      vertex -13.1852 15.4384 8
      vertex -13.195 15.438 0
      vertex -13.195 15.438 8
    endloop
  endfacet
  facet normal -0.595644 0.803249 0
    outer loop
      vertex -14.3389 15.0287 0
      vertex -14.5281 14.8884 8
      vertex -14.3389 15.0287 8
    endloop
  endfacet
  facet normal -0.595754 0.803167 -4.02908e-06
    outer loop
      vertex -14.536 14.8825 0
      vertex -14.5281 14.8884 8
      vertex -14.3389 15.0287 0
    endloop
  endfacet
  facet normal -0.598376 0.801215 0
    outer loop
      vertex -14.5281 14.8884 8
      vertex -14.536 14.8825 0
      vertex -14.536 14.8825 8
    endloop
  endfacet
  facet normal 0.859293 -0.511484 0
    outer loop
      vertex 15.1498 -14.1369 8
      vertex 15.1548 -14.1285 0
      vertex 15.1548 -14.1285 8
    endloop
  endfacet
  facet normal 0.85768 -0.514184 -3.84258e-06
    outer loop
      vertex 15.0287 -14.3389 8
      vertex 15.1548 -14.1285 0
      vertex 15.1498 -14.1369 8
    endloop
  endfacet
  facet normal 0.857745 -0.514076 0
    outer loop
      vertex 15.1548 -14.1285 0
      vertex 15.0287 -14.3389 8
      vertex 15.0287 -14.3389 0
    endloop
  endfacet
  facet normal 0.741776 -0.670647 0
    outer loop
      vertex 14.8759 -14.5433 8
      vertex 14.8825 -14.536 0
      vertex 14.8825 -14.536 8
    endloop
  endfacet
  facet normal 0.741073 -0.671425 -1.28998e-06
    outer loop
      vertex 14.7178 -14.7178 8
      vertex 14.8825 -14.536 0
      vertex 14.8759 -14.5433 8
    endloop
  endfacet
  facet normal 0.741101 -0.671394 0
    outer loop
      vertex 14.8825 -14.536 0
      vertex 14.7178 -14.7178 8
      vertex 14.7178 -14.7178 0
    endloop
  endfacet
  facet normal -0.146533 -0.989206 0
    outer loop
      vertex -13.4377 -15.402 0
      vertex -13.2048 -15.4365 8
      vertex -13.4377 -15.402 8
    endloop
  endfacet
  facet normal -0.146726 -0.989177 5.73148e-06
    outer loop
      vertex -13.195 -15.438 0
      vertex -13.2048 -15.4365 8
      vertex -13.4377 -15.402 0
    endloop
  endfacet
  facet normal -0.151299 -0.988488 0
    outer loop
      vertex -13.2048 -15.4365 8
      vertex -13.195 -15.438 0
      vertex -13.195 -15.438 8
    endloop
  endfacet
  facet normal -0.235307 -0.971921 0
    outer loop
      vertex -13.6757 -15.3424 0
      vertex -13.6662 -15.3447 8
      vertex -13.6757 -15.3424 8
    endloop
  endfacet
  facet normal -0.243235 -0.969967 9.9756e-06
    outer loop
      vertex -13.6662 -15.3447 8
      vertex -13.6757 -15.3424 0
      vertex -13.4377 -15.402 8
    endloop
  endfacet
  facet normal -0.242919 -0.970047 -0
    outer loop
      vertex -13.4377 -15.402 8
      vertex -13.6757 -15.3424 0
      vertex -13.4377 -15.402 0
    endloop
  endfacet
  facet normal -0.426775 -0.904358 0
    outer loop
      vertex -14.1285 -15.1548 0
      vertex -14.1196 -15.159 8
      vertex -14.1285 -15.1548 8
    endloop
  endfacet
  facet normal -0.427575 -0.90398 1.08805e-06
    outer loop
      vertex -14.1196 -15.159 8
      vertex -14.1285 -15.1548 0
      vertex -13.9067 -15.2597 8
    endloop
  endfacet
  facet normal -0.427543 -0.903995 -0
    outer loop
      vertex -13.9067 -15.2597 8
      vertex -14.1285 -15.1548 0
      vertex -13.9067 -15.2597 0
    endloop
  endfacet
  facet normal -0.803249 -0.595644 0
    outer loop
      vertex -15.0287 -14.3389 0
      vertex -14.8884 -14.5281 8
      vertex -15.0287 -14.3389 8
    endloop
  endfacet
  facet normal -0.803167 -0.595754 -4.02908e-06
    outer loop
      vertex -14.8825 -14.536 0
      vertex -14.8884 -14.5281 8
      vertex -15.0287 -14.3389 0
    endloop
  endfacet
  facet normal -0.801215 -0.598376 0
    outer loop
      vertex -14.8884 -14.5281 8
      vertex -14.8825 -14.536 0
      vertex -14.8825 -14.536 8
    endloop
  endfacet
  facet normal -0.989206 0.146533 0
    outer loop
      vertex -15.402 13.4377 0
      vertex -15.4365 13.2048 8
      vertex -15.402 13.4377 8
    endloop
  endfacet
  facet normal -0.989177 0.146726 5.73148e-06
    outer loop
      vertex -15.438 13.195 0
      vertex -15.4365 13.2048 8
      vertex -15.402 13.4377 0
    endloop
  endfacet
  facet normal -0.988488 0.151299 0
    outer loop
      vertex -15.4365 13.2048 8
      vertex -15.438 13.195 0
      vertex -15.438 13.195 8
    endloop
  endfacet
  facet normal -0.971921 0.235307 0
    outer loop
      vertex -15.3424 13.6757 0
      vertex -15.3447 13.6662 8
      vertex -15.3424 13.6757 8
    endloop
  endfacet
  facet normal -0.970047 0.242919 9.57819e-06
    outer loop
      vertex -15.402 13.4377 0
      vertex -15.3447 13.6662 8
      vertex -15.3424 13.6757 0
    endloop
  endfacet
  facet normal -0.969967 0.243235 0
    outer loop
      vertex -15.3447 13.6662 8
      vertex -15.402 13.4377 0
      vertex -15.402 13.4377 8
    endloop
  endfacet
  facet normal 0.146533 0.989206 -0
    outer loop
      vertex 13.4377 15.402 0
      vertex 13.2048 15.4365 8
      vertex 13.4377 15.402 8
    endloop
  endfacet
  facet normal 0.146726 0.989177 5.73148e-06
    outer loop
      vertex 13.195 15.438 0
      vertex 13.2048 15.4365 8
      vertex 13.4377 15.402 0
    endloop
  endfacet
  facet normal 0.151299 0.988488 0
    outer loop
      vertex 13.2048 15.4365 8
      vertex 13.195 15.438 0
      vertex 13.195 15.438 8
    endloop
  endfacet
  facet normal 0.235307 0.971921 -0
    outer loop
      vertex 13.6757 15.3424 0
      vertex 13.6662 15.3447 8
      vertex 13.6757 15.3424 8
    endloop
  endfacet
  facet normal 0.243235 0.969967 9.9756e-06
    outer loop
      vertex 13.6662 15.3447 8
      vertex 13.6757 15.3424 0
      vertex 13.4377 15.402 8
    endloop
  endfacet
  facet normal 0.242919 0.970047 0
    outer loop
      vertex 13.4377 15.402 8
      vertex 13.6757 15.3424 0
      vertex 13.4377 15.402 0
    endloop
  endfacet
  facet normal 0.514184 0.85768 -0
    outer loop
      vertex 14.3389 15.0287 0
      vertex 14.1369 15.1498 8
      vertex 14.3389 15.0287 8
    endloop
  endfacet
  facet normal 0.514076 0.857745 -3.68944e-06
    outer loop
      vertex 14.1285 15.1548 0
      vertex 14.1369 15.1498 8
      vertex 14.3389 15.0287 0
    endloop
  endfacet
  facet normal 0.511484 0.859293 0
    outer loop
      vertex 14.1369 15.1498 8
      vertex 14.1285 15.1548 0
      vertex 14.1285 15.1548 8
    endloop
  endfacet
  facet normal 0.598376 0.801215 -0
    outer loop
      vertex 14.536 14.8825 0
      vertex 14.5281 14.8884 8
      vertex 14.536 14.8825 8
    endloop
  endfacet
  facet normal 0.595644 0.803249 -4.19774e-06
    outer loop
      vertex 14.5281 14.8884 8
      vertex 14.536 14.8825 0
      vertex 14.3389 15.0287 8
    endloop
  endfacet
  facet normal 0.595754 0.803167 0
    outer loop
      vertex 14.3389 15.0287 8
      vertex 14.536 14.8825 0
      vertex 14.3389 15.0287 0
    endloop
  endfacet
  facet normal 0.426775 0.904358 -0
    outer loop
      vertex 14.1285 15.1548 0
      vertex 14.1196 15.159 8
      vertex 14.1285 15.1548 8
    endloop
  endfacet
  facet normal 0.427575 0.90398 1.08805e-06
    outer loop
      vertex 14.1196 15.159 8
      vertex 14.1285 15.1548 0
      vertex 13.9067 15.2597 8
    endloop
  endfacet
  facet normal 0.427543 0.903995 0
    outer loop
      vertex 13.9067 15.2597 8
      vertex 14.1285 15.1548 0
      vertex 13.9067 15.2597 0
    endloop
  endfacet
  facet normal 0.741073 0.671425 0
    outer loop
      vertex 14.8759 14.5433 8
      vertex 14.7178 14.7178 0
      vertex 14.7178 14.7178 8
    endloop
  endfacet
  facet normal 0.741776 0.670647 -0
    outer loop
      vertex 14.8825 14.536 0
      vertex 14.8759 14.5433 8
      vertex 14.8825 14.536 8
    endloop
  endfacet
  facet normal 0.741101 0.671394 -1.23823e-06
    outer loop
      vertex 14.8759 14.5433 8
      vertex 14.8825 14.536 0
      vertex 14.7178 14.7178 0
    endloop
  endfacet
  facet normal 0.801215 0.598376 0
    outer loop
      vertex 14.8884 14.5281 8
      vertex 14.8825 14.536 0
      vertex 14.8825 14.536 8
    endloop
  endfacet
  facet normal 0.803249 0.595644 -4.19774e-06
    outer loop
      vertex 15.0287 14.3389 8
      vertex 14.8825 14.536 0
      vertex 14.8884 14.5281 8
    endloop
  endfacet
  facet normal 0.803167 0.595754 0
    outer loop
      vertex 14.8825 14.536 0
      vertex 15.0287 14.3389 8
      vertex 15.0287 14.3389 0
    endloop
  endfacet
  facet normal 0.85768 0.514184 0
    outer loop
      vertex 15.1498 14.1369 8
      vertex 15.0287 14.3389 0
      vertex 15.0287 14.3389 8
    endloop
  endfacet
  facet normal 0.859293 0.511484 -0
    outer loop
      vertex 15.1548 14.1285 0
      vertex 15.1498 14.1369 8
      vertex 15.1548 14.1285 8
    endloop
  endfacet
  facet normal 0.857745 0.514076 -3.68944e-06
    outer loop
      vertex 15.1498 14.1369 8
      vertex 15.1548 14.1285 0
      vertex 15.0287 14.3389 0
    endloop
  endfacet
  facet normal 0.941578 0.336794 0
    outer loop
      vertex 15.339 13.685 8
      vertex 15.2597 13.9067 0
      vertex 15.2597 13.9067 8
    endloop
  endfacet
  facet normal 0.939202 0.343364 -0
    outer loop
      vertex 15.3424 13.6757 0
      vertex 15.339 13.685 8
      vertex 15.3424 13.6757 8
    endloop
  endfacet
  facet normal 0.941483 0.337059 8.29912e-06
    outer loop
      vertex 15.339 13.685 8
      vertex 15.3424 13.6757 0
      vertex 15.2597 13.9067 0
    endloop
  endfacet
  facet normal -0.151299 0.988488 0
    outer loop
      vertex -13.195 15.438 0
      vertex -13.2048 15.4365 8
      vertex -13.195 15.438 8
    endloop
  endfacet
  facet normal -0.146533 0.989206 5.97282e-06
    outer loop
      vertex -13.2048 15.4365 8
      vertex -13.195 15.438 0
      vertex -13.4377 15.402 8
    endloop
  endfacet
  facet normal -0.146726 0.989177 0
    outer loop
      vertex -13.4377 15.402 8
      vertex -13.195 15.438 0
      vertex -13.4377 15.402 0
    endloop
  endfacet
  facet normal -0.427575 0.90398 0
    outer loop
      vertex -13.9067 15.2597 0
      vertex -14.1196 15.159 8
      vertex -13.9067 15.2597 8
    endloop
  endfacet
  facet normal -0.427543 0.903995 1.0444e-06
    outer loop
      vertex -14.1285 15.1548 0
      vertex -14.1196 15.159 8
      vertex -13.9067 15.2597 0
    endloop
  endfacet
  facet normal -0.426775 0.904358 0
    outer loop
      vertex -14.1196 15.159 8
      vertex -14.1285 15.1548 0
      vertex -14.1285 15.1548 8
    endloop
  endfacet
  facet normal -0.343364 0.939202 0
    outer loop
      vertex -13.6757 15.3424 0
      vertex -13.685 15.339 8
      vertex -13.6757 15.3424 8
    endloop
  endfacet
  facet normal -0.336794 0.941578 8.64812e-06
    outer loop
      vertex -13.685 15.339 8
      vertex -13.6757 15.3424 0
      vertex -13.9067 15.2597 8
    endloop
  endfacet
  facet normal -0.337059 0.941483 0
    outer loop
      vertex -13.9067 15.2597 8
      vertex -13.6757 15.3424 0
      vertex -13.9067 15.2597 0
    endloop
  endfacet
  facet normal -0.511484 0.859293 0
    outer loop
      vertex -14.1285 15.1548 0
      vertex -14.1369 15.1498 8
      vertex -14.1285 15.1548 8
    endloop
  endfacet
  facet normal -0.514184 0.85768 -3.84258e-06
    outer loop
      vertex -14.1369 15.1498 8
      vertex -14.1285 15.1548 0
      vertex -14.3389 15.0287 8
    endloop
  endfacet
  facet normal -0.514076 0.857745 0
    outer loop
      vertex -14.3389 15.0287 8
      vertex -14.1285 15.1548 0
      vertex -14.3389 15.0287 0
    endloop
  endfacet
  facet normal 0.939202 -0.343364 0
    outer loop
      vertex 15.339 -13.685 8
      vertex 15.3424 -13.6757 0
      vertex 15.3424 -13.6757 8
    endloop
  endfacet
  facet normal 0.941578 -0.336794 8.64812e-06
    outer loop
      vertex 15.2597 -13.9067 8
      vertex 15.3424 -13.6757 0
      vertex 15.339 -13.685 8
    endloop
  endfacet
  facet normal 0.941483 -0.337059 0
    outer loop
      vertex 15.3424 -13.6757 0
      vertex 15.2597 -13.9067 8
      vertex 15.2597 -13.9067 0
    endloop
  endfacet
  facet normal 0.427575 -0.90398 0
    outer loop
      vertex 13.9067 -15.2597 0
      vertex 14.1196 -15.159 8
      vertex 13.9067 -15.2597 8
    endloop
  endfacet
  facet normal 0.427543 -0.903995 1.0444e-06
    outer loop
      vertex 14.1285 -15.1548 0
      vertex 14.1196 -15.159 8
      vertex 13.9067 -15.2597 0
    endloop
  endfacet
  facet normal 0.426775 -0.904358 0
    outer loop
      vertex 14.1196 -15.159 8
      vertex 14.1285 -15.1548 0
      vertex 14.1285 -15.1548 8
    endloop
  endfacet
  facet normal 0.343364 -0.939202 0
    outer loop
      vertex 13.6757 -15.3424 0
      vertex 13.685 -15.339 8
      vertex 13.6757 -15.3424 8
    endloop
  endfacet
  facet normal 0.336794 -0.941578 8.64812e-06
    outer loop
      vertex 13.685 -15.339 8
      vertex 13.6757 -15.3424 0
      vertex 13.9067 -15.2597 8
    endloop
  endfacet
  facet normal 0.337059 -0.941483 0
    outer loop
      vertex 13.9067 -15.2597 8
      vertex 13.6757 -15.3424 0
      vertex 13.9067 -15.2597 0
    endloop
  endfacet
  facet normal 0.151299 -0.988488 0
    outer loop
      vertex 13.195 -15.438 0
      vertex 13.2048 -15.4365 8
      vertex 13.195 -15.438 8
    endloop
  endfacet
  facet normal 0.146533 -0.989206 5.97282e-06
    outer loop
      vertex 13.2048 -15.4365 8
      vertex 13.195 -15.438 0
      vertex 13.4377 -15.402 8
    endloop
  endfacet
  facet normal 0.146726 -0.989177 0
    outer loop
      vertex 13.4377 -15.402 8
      vertex 13.195 -15.438 0
      vertex 13.4377 -15.402 0
    endloop
  endfacet
  facet normal -0.336794 -0.941578 0
    outer loop
      vertex -13.9067 -15.2597 0
      vertex -13.685 -15.339 8
      vertex -13.9067 -15.2597 8
    endloop
  endfacet
  facet normal -0.337059 -0.941483 8.29912e-06
    outer loop
      vertex -13.6757 -15.3424 0
      vertex -13.685 -15.339 8
      vertex -13.9067 -15.2597 0
    endloop
  endfacet
  facet normal -0.343364 -0.939202 0
    outer loop
      vertex -13.685 -15.339 8
      vertex -13.6757 -15.3424 0
      vertex -13.6757 -15.3424 8
    endloop
  endfacet
  facet normal -0.671425 -0.741073 0
    outer loop
      vertex -14.7178 -14.7178 0
      vertex -14.5433 -14.8759 8
      vertex -14.7178 -14.7178 8
    endloop
  endfacet
  facet normal -0.671394 -0.741101 -1.23823e-06
    outer loop
      vertex -14.536 -14.8825 0
      vertex -14.5433 -14.8759 8
      vertex -14.7178 -14.7178 0
    endloop
  endfacet
  facet normal -0.670647 -0.741776 0
    outer loop
      vertex -14.5433 -14.8759 8
      vertex -14.536 -14.8825 0
      vertex -14.536 -14.8825 8
    endloop
  endfacet
  facet normal 0.988488 -0.151299 0
    outer loop
      vertex 15.4365 -13.2048 8
      vertex 15.438 -13.195 0
      vertex 15.438 -13.195 8
    endloop
  endfacet
  facet normal 0.989206 -0.146533 5.97282e-06
    outer loop
      vertex 15.402 -13.4377 8
      vertex 15.438 -13.195 0
      vertex 15.4365 -13.2048 8
    endloop
  endfacet
  facet normal 0.989177 -0.146726 0
    outer loop
      vertex 15.438 -13.195 0
      vertex 15.402 -13.4377 8
      vertex 15.402 -13.4377 0
    endloop
  endfacet
  facet normal 0.969967 -0.243235 0
    outer loop
      vertex 15.3447 -13.6662 8
      vertex 15.402 -13.4377 0
      vertex 15.402 -13.4377 8
    endloop
  endfacet
  facet normal 0.971921 -0.235307 0
    outer loop
      vertex 15.3424 -13.6757 0
      vertex 15.3447 -13.6662 8
      vertex 15.3424 -13.6757 8
    endloop
  endfacet
  facet normal 0.970047 -0.242919 9.57819e-06
    outer loop
      vertex 15.3447 -13.6662 8
      vertex 15.3424 -13.6757 0
      vertex 15.402 -13.4377 0
    endloop
  endfacet
  facet normal 0.803249 -0.595644 0
    outer loop
      vertex 14.8884 -14.5281 8
      vertex 15.0287 -14.3389 0
      vertex 15.0287 -14.3389 8
    endloop
  endfacet
  facet normal 0.801215 -0.598376 0
    outer loop
      vertex 14.8825 -14.536 0
      vertex 14.8884 -14.5281 8
      vertex 14.8825 -14.536 8
    endloop
  endfacet
  facet normal 0.803167 -0.595754 -4.02908e-06
    outer loop
      vertex 14.8884 -14.5281 8
      vertex 14.8825 -14.536 0
      vertex 15.0287 -14.3389 0
    endloop
  endfacet
  facet normal 0.90398 -0.427575 0
    outer loop
      vertex 15.159 -14.1196 8
      vertex 15.2597 -13.9067 0
      vertex 15.2597 -13.9067 8
    endloop
  endfacet
  facet normal 0.904358 -0.426775 0
    outer loop
      vertex 15.1548 -14.1285 0
      vertex 15.159 -14.1196 8
      vertex 15.1548 -14.1285 8
    endloop
  endfacet
  facet normal 0.903995 -0.427543 1.0444e-06
    outer loop
      vertex 15.159 -14.1196 8
      vertex 15.1548 -14.1285 0
      vertex 15.2597 -13.9067 0
    endloop
  endfacet
  facet normal 0.595644 -0.803249 0
    outer loop
      vertex 14.3389 -15.0287 0
      vertex 14.5281 -14.8884 8
      vertex 14.3389 -15.0287 8
    endloop
  endfacet
  facet normal 0.595754 -0.803167 -4.02908e-06
    outer loop
      vertex 14.536 -14.8825 0
      vertex 14.5281 -14.8884 8
      vertex 14.3389 -15.0287 0
    endloop
  endfacet
  facet normal 0.598376 -0.801215 0
    outer loop
      vertex 14.5281 -14.8884 8
      vertex 14.536 -14.8825 0
      vertex 14.536 -14.8825 8
    endloop
  endfacet
  facet normal 0.511484 -0.859293 0
    outer loop
      vertex 14.1285 -15.1548 0
      vertex 14.1369 -15.1498 8
      vertex 14.1285 -15.1548 8
    endloop
  endfacet
  facet normal 0.514184 -0.85768 -3.84258e-06
    outer loop
      vertex 14.1369 -15.1498 8
      vertex 14.1285 -15.1548 0
      vertex 14.3389 -15.0287 8
    endloop
  endfacet
  facet normal 0.514076 -0.857745 0
    outer loop
      vertex 14.3389 -15.0287 8
      vertex 14.1285 -15.1548 0
      vertex 14.3389 -15.0287 0
    endloop
  endfacet
  facet normal 0.670647 -0.741776 0
    outer loop
      vertex 14.536 -14.8825 0
      vertex 14.5433 -14.8759 8
      vertex 14.536 -14.8825 8
    endloop
  endfacet
  facet normal 0.671425 -0.741073 -1.28998e-06
    outer loop
      vertex 14.5433 -14.8759 8
      vertex 14.536 -14.8825 0
      vertex 14.7178 -14.7178 8
    endloop
  endfacet
  facet normal 0.671394 -0.741101 0
    outer loop
      vertex 14.7178 -14.7178 8
      vertex 14.536 -14.8825 0
      vertex 14.7178 -14.7178 0
    endloop
  endfacet
  facet normal -0.514184 -0.85768 0
    outer loop
      vertex -14.3389 -15.0287 0
      vertex -14.1369 -15.1498 8
      vertex -14.3389 -15.0287 8
    endloop
  endfacet
  facet normal -0.514076 -0.857745 -3.68944e-06
    outer loop
      vertex -14.1285 -15.1548 0
      vertex -14.1369 -15.1498 8
      vertex -14.3389 -15.0287 0
    endloop
  endfacet
  facet normal -0.511484 -0.859293 0
    outer loop
      vertex -14.1369 -15.1498 8
      vertex -14.1285 -15.1548 0
      vertex -14.1285 -15.1548 8
    endloop
  endfacet
  facet normal -0.741776 -0.670647 0
    outer loop
      vertex -14.8825 -14.536 0
      vertex -14.8759 -14.5433 8
      vertex -14.8825 -14.536 8
    endloop
  endfacet
  facet normal -0.741101 -0.671394 -1.23823e-06
    outer loop
      vertex -14.7178 -14.7178 0
      vertex -14.8759 -14.5433 8
      vertex -14.8825 -14.536 0
    endloop
  endfacet
  facet normal -0.741073 -0.671425 0
    outer loop
      vertex -14.8759 -14.5433 8
      vertex -14.7178 -14.7178 0
      vertex -14.7178 -14.7178 8
    endloop
  endfacet
  facet normal -0.598376 -0.801215 0
    outer loop
      vertex -14.536 -14.8825 0
      vertex -14.5281 -14.8884 8
      vertex -14.536 -14.8825 8
    endloop
  endfacet
  facet normal -0.595644 -0.803249 -4.19774e-06
    outer loop
      vertex -14.5281 -14.8884 8
      vertex -14.536 -14.8825 0
      vertex -14.3389 -15.0287 8
    endloop
  endfacet
  facet normal -0.595754 -0.803167 -0
    outer loop
      vertex -14.3389 -15.0287 8
      vertex -14.536 -14.8825 0
      vertex -14.3389 -15.0287 0
    endloop
  endfacet
  facet normal -0.90398 -0.427575 0
    outer loop
      vertex -15.2597 -13.9067 0
      vertex -15.159 -14.1196 8
      vertex -15.2597 -13.9067 8
    endloop
  endfacet
  facet normal -0.903995 -0.427543 1.0444e-06
    outer loop
      vertex -15.1548 -14.1285 0
      vertex -15.159 -14.1196 8
      vertex -15.2597 -13.9067 0
    endloop
  endfacet
  facet normal -0.904358 -0.426775 0
    outer loop
      vertex -15.159 -14.1196 8
      vertex -15.1548 -14.1285 0
      vertex -15.1548 -14.1285 8
    endloop
  endfacet
  facet normal -0.874739 -0.0169419 -0.484298
    outer loop
      vertex -15.4481 -13.0481 8
      vertex -24 0 22.99
      vertex -15.45 -12.95 8
    endloop
  endfacet
  facet normal -0.885414 -0.0522335 -0.46186
    outer loop
      vertex -23.926 -1.88302 22.99
      vertex -23.9815 -0.942235 22.99
      vertex -15.4423 -13.1461 8
    endloop
  endfacet
  facet normal -0.868635 0 -0.495452
    outer loop
      vertex -15.45 -12.95 8
      vertex -24 0 22.99
      vertex -15.45 12.95 8
    endloop
  endfacet
  facet normal -0.998264 -0.0588909 0
    outer loop
      vertex -23.926 -1.88302 22.99
      vertex -23.9815 -0.942235 23
      vertex -23.9815 -0.942235 22.99
    endloop
  endfacet
  facet normal -0.998264 -0.0588909 0
    outer loop
      vertex -23.9815 -0.942235 23
      vertex -23.926 -1.88302 22.99
      vertex -23.926 -1.88302 23
    endloop
  endfacet
  facet normal -0.999807 -0.0196304 0
    outer loop
      vertex -23.9815 -0.942235 22.99
      vertex -24 0 23
      vertex -24 0 22.99
    endloop
  endfacet
  facet normal -0.999807 -0.0196304 0
    outer loop
      vertex -24 0 23
      vertex -23.9815 -0.942235 22.99
      vertex -23.9815 -0.942235 23
    endloop
  endfacet
  facet normal -0.874822 -0.0171764 -0.484141
    outer loop
      vertex -23.9815 -0.942235 22.99
      vertex -24 0 22.99
      vertex -15.4481 -13.0481 8
    endloop
  endfacet
  facet normal -0.885462 -0.0524049 -0.461747
    outer loop
      vertex -15.4423 -13.1461 8
      vertex -23.9815 -0.942235 22.99
      vertex -15.4481 -13.0481 8
    endloop
  endfacet
  facet normal -0.505605 0.862765 0
    outer loop
      vertex -11.7269 20.9399 22.99
      vertex -12.54 20.4634 23
      vertex -11.7269 20.9399 23
    endloop
  endfacet
  facet normal -0.505605 0.862765 0
    outer loop
      vertex -12.54 20.4634 23
      vertex -11.7269 20.9399 22.99
      vertex -12.54 20.4634 22.99
    endloop
  endfacet
  facet normal 0.895936 -0.31072 -0.317415
    outer loop
      vertex 22.5166 -8.30681 22.99
      vertex 15.2955 -13.8153 8
      vertex 22.8254 -7.41641 22.99
    endloop
  endfacet
  facet normal 0.175824 -0.984422 0
    outer loop
      vertex 3.75443 -23.7045 22.99
      vertex 4.68217 -23.5388 23
      vertex 3.75443 -23.7045 23
    endloop
  endfacet
  facet normal 0.175824 -0.984422 0
    outer loop
      vertex 4.68217 -23.5388 23
      vertex 3.75443 -23.7045 22.99
      vertex 4.68217 -23.5388 22.99
    endloop
  endfacet
  facet normal 0.874739 0.0169419 -0.484298
    outer loop
      vertex 15.45 12.95 8
      vertex 15.4481 13.0481 8
      vertex 24 0 22.99
    endloop
  endfacet
  facet normal -0.124873 0.900012 -0.417595
    outer loop
      vertex -13.2438 15.4327 8
      vertex -13.3411 15.4192 8
      vertex -3.75443 23.7045 22.99
    endloop
  endfacet
  facet normal 0.0196304 -0.999807 0
    outer loop
      vertex 0 -24 22.99
      vertex 0.942235 -23.9815 23
      vertex 0 -24 23
    endloop
  endfacet
  facet normal 0.0196304 -0.999807 0
    outer loop
      vertex 0.942235 -23.9815 23
      vertex 0 -24 22.99
      vertex 0.942235 -23.9815 22.99
    endloop
  endfacet
  facet normal 0.557253 -0.799192 -0.225302
    outer loop
      vertex 14.4195 -14.9725 8
      vertex 14.1068 -19.4164 22.99
      vertex 14.3389 -15.0287 8
    endloop
  endfacet
  facet normal -0.874739 0.0169419 -0.484298
    outer loop
      vertex -15.45 12.95 8
      vertex -24 0 22.99
      vertex -15.4481 13.0481 8
    endloop
  endfacet
  facet normal 0.931208 -0.364487 0
    outer loop
      vertex 22.1731 -9.1844 23
      vertex 22.5166 -8.30681 22.99
      vertex 22.5166 -8.30681 23
    endloop
  endfacet
  facet normal 0.931208 -0.364487 0
    outer loop
      vertex 22.5166 -8.30681 22.99
      vertex 22.1731 -9.1844 23
      vertex 22.1731 -9.1844 22.99
    endloop
  endfacet
  facet normal 0 0 1
    outer loop
      vertex 14.9133 -14.4977 8
      vertex 14.8759 -14.5433 8
      vertex 14.8884 -14.5281 8
    endloop
  endfacet
  facet normal 0 0 1
    outer loop
      vertex 14.9133 -14.4977 8
      vertex 14.851 -14.5736 8
      vertex 14.8759 -14.5433 8
    endloop
  endfacet
  facet normal 0.7552 -0.619881 -0.213123
    outer loop
      vertex 14.851 -14.5736 8
      vertex 14.9133 -14.4977 8
      vertex 18.8476 -14.8583 22.99
    endloop
  endfacet
  facet normal 0.894028 -0.0891741 -0.439047
    outer loop
      vertex 23.8336 -2.8209 22.99
      vertex 15.4384 -13.1852 8
      vertex 15.4423 -13.1461 8
    endloop
  endfacet
  facet normal 0.893543 -0.086619 -0.440542
    outer loop
      vertex 23.8336 -2.8209 22.99
      vertex 15.4365 -13.2048 8
      vertex 15.4384 -13.1852 8
    endloop
  endfacet
  facet normal 0.89363 -0.0870716 -0.440277
    outer loop
      vertex 15.4365 -13.2048 8
      vertex 23.8336 -2.8209 22.99
      vertex 15.4327 -13.2438 8
    endloop
  endfacet
  facet normal 0.874739 -0.0169419 -0.484298
    outer loop
      vertex 24 0 22.99
      vertex 15.4481 -13.0481 8
      vertex 15.45 -12.95 8
    endloop
  endfacet
  facet normal -0.327664 -0.944794 0
    outer loop
      vertex -8.30681 -22.5166 22.99
      vertex -7.41641 -22.8254 23
      vertex -8.30681 -22.5166 23
    endloop
  endfacet
  facet normal -0.327664 -0.944794 -0
    outer loop
      vertex -7.41641 -22.8254 23
      vertex -8.30681 -22.5166 22.99
      vertex -7.41641 -22.8254 22.99
    endloop
  endfacet
  facet normal 0.0169419 -0.874739 -0.484298
    outer loop
      vertex 13.0481 -15.4481 8
      vertex 0 -24 22.99
      vertex 12.95 -15.45 8
    endloop
  endfacet
  facet normal -0.0169419 -0.874739 -0.484298
    outer loop
      vertex 0 -24 22.99
      vertex -13.0481 -15.4481 8
      vertex -12.95 -15.45 8
    endloop
  endfacet
  facet normal 0.236075 -0.904503 -0.355166
    outer loop
      vertex 6.51457 -23.0989 22.99
      vertex 5.60269 -23.3369 22.99
      vertex 13.5336 -15.3809 8
    endloop
  endfacet
  facet normal 0.384274 -0.878428 -0.284072
    outer loop
      vertex 10.0478 -21.7954 22.99
      vertex 9.1844 -22.1731 22.99
      vertex 13.9966 -15.2204 8
    endloop
  endfacet
  facet normal -0.852499 -0.45574 -0.256022
    outer loop
      vertex -20.9399 -11.7269 22.99
      vertex -21.3842 -10.8958 22.99
      vertex -15.1312 -14.1716 8
    endloop
  endfacet
  facet normal -0.797357 -0.603508 0
    outer loop
      vertex -18.8476 -14.8583 22.99
      vertex -19.4164 -14.1068 23
      vertex -19.4164 -14.1068 22.99
    endloop
  endfacet
  facet normal -0.797357 -0.603508 0
    outer loop
      vertex -19.4164 -14.1068 23
      vertex -18.8476 -14.8583 22.99
      vertex -18.8476 -14.8583 23
    endloop
  endfacet
  facet normal -0.967587 -0.252539 0
    outer loop
      vertex -23.0989 -6.51457 22.99
      vertex -23.3369 -5.60269 23
      vertex -23.3369 -5.60269 22.99
    endloop
  endfacet
  facet normal -0.967587 -0.252539 0
    outer loop
      vertex -23.3369 -5.60269 23
      vertex -23.0989 -6.51457 22.99
      vertex -23.0989 -6.51457 23
    endloop
  endfacet
  facet normal -0.888275 -0.347682 -0.300141
    outer loop
      vertex -22.1731 -9.1844 22.99
      vertex -22.5166 -8.30681 22.99
      vertex -15.2955 -13.8153 8
    endloop
  endfacet
  facet normal 0.9045 -0.236122 -0.355142
    outer loop
      vertex 23.0989 -6.51457 22.99
      vertex 15.3561 -13.6286 8
      vertex 15.3809 -13.5336 8
    endloop
  endfacet
  facet normal 0.384274 0.878428 -0.284072
    outer loop
      vertex 13.9966 15.2204 8
      vertex 9.1844 22.1731 22.99
      vertex 10.0478 21.7954 22.99
    endloop
  endfacet
  facet normal 0.874822 -0.0171764 -0.484141
    outer loop
      vertex 23.9815 -0.942235 22.99
      vertex 15.4481 -13.0481 8
      vertex 24 0 22.99
    endloop
  endfacet
  facet normal 0.868635 0 -0.495452
    outer loop
      vertex 24 0 22.99
      vertex 15.45 -12.95 8
      vertex 15.45 12.95 8
    endloop
  endfacet
  facet normal -0.327664 0.944794 0
    outer loop
      vertex -7.41641 22.8254 22.99
      vertex -8.30681 22.5166 23
      vertex -7.41641 22.8254 23
    endloop
  endfacet
  facet normal -0.327664 0.944794 0
    outer loop
      vertex -8.30681 22.5166 23
      vertex -7.41641 22.8254 22.99
      vertex -8.30681 22.5166 22.99
    endloop
  endfacet
  facet normal -0.878428 0.384274 -0.284072
    outer loop
      vertex -15.2204 13.9966 8
      vertex -22.1731 9.1844 22.99
      vertex -21.7954 10.0478 22.99
    endloop
  endfacet
  facet normal -0.160922 -0.90378 -0.396593
    outer loop
      vertex -4.68217 -23.5388 22.99
      vertex -13.4377 -15.402 8
      vertex -13.3411 -15.4192 8
    endloop
  endfacet
  facet normal -0.490293 -0.836636 -0.244239
    outer loop
      vertex -12.54 -20.4634 22.99
      vertex -14.1716 -15.1312 8
      vertex -11.7269 -20.9399 22.99
    endloop
  endfacet
  facet normal -0.524189 -0.818832 -0.233968
    outer loop
      vertex -13.3337 -19.9553 22.99
      vertex -14.2562 -15.0816 8
      vertex -12.54 -20.4634 22.99
    endloop
  endfacet
  facet normal 0 -0.868635 -0.495452
    outer loop
      vertex 0 -24 22.99
      vertex -12.95 -15.45 8
      vertex 12.95 -15.45 8
    endloop
  endfacet
  facet normal 0.0524049 -0.885462 -0.461747
    outer loop
      vertex 13.1461 -15.4423 8
      vertex 0.942235 -23.9815 22.99
      vertex 13.0481 -15.4481 8
    endloop
  endfacet
  facet normal 0.136989 -0.990573 0
    outer loop
      vertex 2.8209 -23.8336 22.99
      vertex 3.75443 -23.7045 23
      vertex 2.8209 -23.8336 23
    endloop
  endfacet
  facet normal 0.136989 -0.990573 0
    outer loop
      vertex 3.75443 -23.7045 23
      vertex 2.8209 -23.8336 22.99
      vertex 3.75443 -23.7045 22.99
    endloop
  endfacet
  facet normal 0.400785 -0.916172 0
    outer loop
      vertex 9.1844 -22.1731 22.99
      vertex 10.0478 -21.7954 23
      vertex 9.1844 -22.1731 23
    endloop
  endfacet
  facet normal 0.400785 -0.916172 0
    outer loop
      vertex 10.0478 -21.7954 23
      vertex 9.1844 -22.1731 22.99
      vertex 10.0478 -21.7954 22.99
    endloop
  endfacet
  facet normal 0.290216 -0.956961 0
    outer loop
      vertex 6.51457 -23.0989 22.99
      vertex 7.41641 -22.8254 23
      vertex 6.51457 -23.0989 23
    endloop
  endfacet
  facet normal 0.290216 -0.956961 0
    outer loop
      vertex 7.41641 -22.8254 23
      vertex 6.51457 -23.0989 22.99
      vertex 7.41641 -22.8254 22.99
    endloop
  endfacet
  facet normal 0.539153 -0.842208 0
    outer loop
      vertex 12.54 -20.4634 22.99
      vertex 13.3337 -19.9553 23
      vertex 12.54 -20.4634 23
    endloop
  endfacet
  facet normal 0.539153 -0.842208 0
    outer loop
      vertex 13.3337 -19.9553 23
      vertex 12.54 -20.4634 22.99
      vertex 13.3337 -19.9553 22.99
    endloop
  endfacet
  facet normal 0.347682 -0.888275 -0.300141
    outer loop
      vertex 9.1844 -22.1731 22.99
      vertex 8.30681 -22.5166 22.99
      vertex 13.8153 -15.2955 8
    endloop
  endfacet
  facet normal -0.866422 -0.42047 -0.26929
    outer loop
      vertex -15.1775 -14.085 8
      vertex -21.3842 -10.8958 22.99
      vertex -15.2204 -13.9966 8
    endloop
  endfacet
  facet normal -0.705178 -0.67788 -0.207855
    outer loop
      vertex -16.9706 -16.9706 22.99
      vertex -17.6237 -16.2912 22.99
      vertex -14.7178 -14.7178 8
    endloop
  endfacet
  facet normal -0.931208 -0.364487 0
    outer loop
      vertex -22.1731 -9.1844 22.99
      vertex -22.5166 -8.30681 23
      vertex -22.5166 -8.30681 22.99
    endloop
  endfacet
  facet normal -0.931208 -0.364487 0
    outer loop
      vertex -22.5166 -8.30681 23
      vertex -22.1731 -9.1844 22.99
      vertex -22.1731 -9.1844 23
    endloop
  endfacet
  facet normal -0.905337 -0.199193 -0.375084
    outer loop
      vertex -15.3809 -13.5336 8
      vertex -23.5388 -4.68217 22.99
      vertex -15.402 -13.4377 8
    endloop
  endfacet
  facet normal 0.89996 -0.124458 -0.41783
    outer loop
      vertex 23.7045 -3.75443 22.99
      vertex 15.4327 -13.2438 8
      vertex 23.8336 -2.8209 22.99
    endloop
  endfacet
  facet normal 0.967587 -0.252539 0
    outer loop
      vertex 23.0989 -6.51457 23
      vertex 23.3369 -5.60269 22.99
      vertex 23.3369 -5.60269 23
    endloop
  endfacet
  facet normal 0.967587 -0.252539 0
    outer loop
      vertex 23.3369 -5.60269 22.99
      vertex 23.0989 -6.51457 23
      vertex 23.0989 -6.51457 22.99
    endloop
  endfacet
  facet normal 0.901374 -0.273359 -0.335856
    outer loop
      vertex 22.8254 -7.41641 22.99
      vertex 15.3561 -13.6286 8
      vertex 23.0989 -6.51457 22.99
    endloop
  endfacet
  facet normal 0.852499 -0.45574 -0.256022
    outer loop
      vertex 20.9399 -11.7269 22.99
      vertex 15.1312 -14.1716 8
      vertex 21.3842 -10.8958 22.99
    endloop
  endfacet
  facet normal 0.862765 -0.505605 0
    outer loop
      vertex 20.4634 -12.54 23
      vertex 20.9399 -11.7269 22.99
      vertex 20.9399 -11.7269 23
    endloop
  endfacet
  facet normal 0.862765 -0.505605 0
    outer loop
      vertex 20.9399 -11.7269 22.99
      vertex 20.4634 -12.54 23
      vertex 20.4634 -12.54 22.99
    endloop
  endfacet
  facet normal 0.818832 -0.524189 -0.233968
    outer loop
      vertex 19.9553 -13.3337 22.99
      vertex 15.0816 -14.2562 8
      vertex 20.4634 -12.54 22.99
    endloop
  endfacet
  facet normal 0.77811 -0.58894 -0.218391
    outer loop
      vertex 18.8476 -14.8583 22.99
      vertex 14.9133 -14.4977 8
      vertex 19.4164 -14.1068 22.99
    endloop
  endfacet
  facet normal 0.67788 -0.705178 -0.207855
    outer loop
      vertex 16.2912 -17.6237 22.99
      vertex 14.7178 -14.7178 8
      vertex 16.9706 -16.9706 22.99
    endloop
  endfacet
  facet normal 0.755232 -0.619839 -0.213131
    outer loop
      vertex 18.2497 -15.5868 22.99
      vertex 14.851 -14.5736 8
      vertex 18.8476 -14.8583 22.99
    endloop
  endfacet
  facet normal 0.720923 -0.693015 0
    outer loop
      vertex 16.9706 -16.9706 23
      vertex 17.6237 -16.2912 22.99
      vertex 17.6237 -16.2912 23
    endloop
  endfacet
  facet normal 0.720923 -0.693015 0
    outer loop
      vertex 17.6237 -16.2912 22.99
      vertex 16.9706 -16.9706 23
      vertex 16.9706 -16.9706 22.99
    endloop
  endfacet
  facet normal 0.634416 -0.772992 0
    outer loop
      vertex 14.8583 -18.8476 22.99
      vertex 15.5868 -18.2497 23
      vertex 14.8583 -18.8476 23
    endloop
  endfacet
  facet normal 0.634416 -0.772992 0
    outer loop
      vertex 15.5868 -18.2497 23
      vertex 14.8583 -18.8476 22.99
      vertex 15.5868 -18.2497 22.99
    endloop
  endfacet
  facet normal 0.45574 0.852499 -0.256022
    outer loop
      vertex 14.1716 15.1312 8
      vertex 10.8958 21.3842 22.99
      vertex 11.7269 20.9399 22.99
    endloop
  endfacet
  facet normal 0.999807 0.0196304 0
    outer loop
      vertex 24 0 23
      vertex 23.9815 0.942235 22.99
      vertex 23.9815 0.942235 23
    endloop
  endfacet
  facet normal 0.999807 0.0196304 0
    outer loop
      vertex 23.9815 0.942235 22.99
      vertex 24 0 23
      vertex 24 0 22.99
    endloop
  endfacet
  facet normal -0.490461 0.836552 -0.244191
    outer loop
      vertex -14.1716 15.1312 8
      vertex -14.2562 15.0816 8
      vertex -12.54 20.4634 22.99
    endloop
  endfacet
  facet normal -0.58894 0.77811 -0.218391
    outer loop
      vertex -14.4977 14.9133 8
      vertex -14.8583 18.8476 22.99
      vertex -14.1068 19.4164 22.99
    endloop
  endfacet
  facet normal 0 0.868635 -0.495452
    outer loop
      vertex 12.95 15.45 8
      vertex -12.95 15.45 8
      vertex 0 24 22.99
    endloop
  endfacet
  facet normal -0.347682 0.888275 -0.300141
    outer loop
      vertex -8.30681 22.5166 22.99
      vertex -13.8153 15.2955 8
      vertex -9.1844 22.1731 22.99
    endloop
  endfacet
  facet normal 0.0524049 0.885462 -0.461747
    outer loop
      vertex 13.0481 15.4481 8
      vertex 0.942235 23.9815 22.99
      vertex 13.1461 15.4423 8
    endloop
  endfacet
  facet normal -0.0169419 0.874739 -0.484298
    outer loop
      vertex -12.95 15.45 8
      vertex -13.0481 15.4481 8
      vertex 0 24 22.99
    endloop
  endfacet
  facet normal -0.0522335 0.885414 -0.46186
    outer loop
      vertex -0.942235 23.9815 22.99
      vertex -13.1461 15.4423 8
      vertex -1.88302 23.926 22.99
    endloop
  endfacet
  facet normal -0.89996 0.124458 -0.41783
    outer loop
      vertex -15.4327 13.2438 8
      vertex -23.8336 2.8209 22.99
      vertex -23.7045 3.75443 22.99
    endloop
  endfacet
  facet normal -0.904503 0.236075 -0.355166
    outer loop
      vertex -15.3809 13.5336 8
      vertex -23.3369 5.60269 22.99
      vertex -23.0989 6.51457 22.99
    endloop
  endfacet
  facet normal -0.866422 0.42047 -0.26929
    outer loop
      vertex -15.2204 13.9966 8
      vertex -21.3842 10.8958 22.99
      vertex -15.1775 14.085 8
    endloop
  endfacet
  facet normal -0.866529 0.420185 -0.269393
    outer loop
      vertex -15.2204 13.9966 8
      vertex -21.7954 10.0478 22.99
      vertex -21.3842 10.8958 22.99
    endloop
  endfacet
  facet normal -0.916172 0.400785 0
    outer loop
      vertex -22.1731 9.1844 22.99
      vertex -21.7954 10.0478 23
      vertex -21.7954 10.0478 22.99
    endloop
  endfacet
  facet normal -0.916172 0.400785 0
    outer loop
      vertex -21.7954 10.0478 23
      vertex -22.1731 9.1844 22.99
      vertex -22.1731 9.1844 23
    endloop
  endfacet
  facet normal -0.539153 -0.842208 0
    outer loop
      vertex -13.3337 -19.9553 22.99
      vertex -12.54 -20.4634 23
      vertex -13.3337 -19.9553 23
    endloop
  endfacet
  facet normal -0.539153 -0.842208 -0
    outer loop
      vertex -12.54 -20.4634 23
      vertex -13.3337 -19.9553 22.99
      vertex -12.54 -20.4634 22.99
    endloop
  endfacet
  facet normal -0.45574 -0.852499 -0.256022
    outer loop
      vertex -11.7269 -20.9399 22.99
      vertex -14.1716 -15.1312 8
      vertex -10.8958 -21.3842 22.99
    endloop
  endfacet
  facet normal -0.199193 -0.905337 -0.375084
    outer loop
      vertex -4.68217 -23.5388 22.99
      vertex -13.5336 -15.3809 8
      vertex -13.4377 -15.402 8
    endloop
  endfacet
  facet normal -0.0980454 -0.995182 0
    outer loop
      vertex -2.8209 -23.8336 22.99
      vertex -1.88302 -23.926 23
      vertex -2.8209 -23.8336 23
    endloop
  endfacet
  facet normal -0.0980454 -0.995182 -0
    outer loop
      vertex -1.88302 -23.926 23
      vertex -2.8209 -23.8336 22.99
      vertex -1.88302 -23.926 22.99
    endloop
  endfacet
  facet normal 0.0171764 -0.874822 -0.484141
    outer loop
      vertex 0.942235 -23.9815 22.99
      vertex 0 -24 22.99
      vertex 13.0481 -15.4481 8
    endloop
  endfacet
  facet normal 0.0588909 -0.998264 0
    outer loop
      vertex 0.942235 -23.9815 22.99
      vertex 1.88302 -23.926 23
      vertex 0.942235 -23.9815 23
    endloop
  endfacet
  facet normal 0.0588909 -0.998264 0
    outer loop
      vertex 1.88302 -23.926 23
      vertex 0.942235 -23.9815 22.99
      vertex 1.88302 -23.926 22.99
    endloop
  endfacet
  facet normal 0.0980454 -0.995182 0
    outer loop
      vertex 1.88302 -23.926 22.99
      vertex 2.8209 -23.8336 23
      vertex 1.88302 -23.926 23
    endloop
  endfacet
  facet normal 0.0980454 -0.995182 0
    outer loop
      vertex 2.8209 -23.8336 23
      vertex 1.88302 -23.926 22.99
      vertex 2.8209 -23.8336 22.99
    endloop
  endfacet
  facet normal 0.603508 -0.797357 0
    outer loop
      vertex 14.1068 -19.4164 22.99
      vertex 14.8583 -18.8476 23
      vertex 14.1068 -19.4164 23
    endloop
  endfacet
  facet normal 0.603508 -0.797357 0
    outer loop
      vertex 14.8583 -18.8476 23
      vertex 14.1068 -19.4164 22.99
      vertex 14.8583 -18.8476 22.99
    endloop
  endfacet
  facet normal 0.198567 -0.905324 -0.375446
    outer loop
      vertex 5.60269 -23.3369 22.99
      vertex 4.68217 -23.5388 22.99
      vertex 13.5336 -15.3809 8
    endloop
  endfacet
  facet normal 0.21424 -0.976781 0
    outer loop
      vertex 4.68217 -23.5388 22.99
      vertex 5.60269 -23.3369 23
      vertex 4.68217 -23.5388 23
    endloop
  endfacet
  facet normal 0.21424 -0.976781 0
    outer loop
      vertex 5.60269 -23.3369 23
      vertex 4.68217 -23.5388 22.99
      vertex 5.60269 -23.3369 22.99
    endloop
  endfacet
  facet normal 0.31072 -0.895936 -0.317415
    outer loop
      vertex 8.30681 -22.5166 22.99
      vertex 7.41641 -22.8254 22.99
      vertex 13.8153 -15.2955 8
    endloop
  endfacet
  facet normal 0.664285 -0.74748 0
    outer loop
      vertex 15.5868 -18.2497 22.99
      vertex 16.2912 -17.6237 23
      vertex 15.5868 -18.2497 23
    endloop
  endfacet
  facet normal 0.664285 -0.74748 0
    outer loop
      vertex 16.2912 -17.6237 23
      vertex 15.5868 -18.2497 22.99
      vertex 16.2912 -17.6237 22.99
    endloop
  endfacet
  facet normal 0.364487 -0.931208 0
    outer loop
      vertex 8.30681 -22.5166 22.99
      vertex 9.1844 -22.1731 23
      vertex 8.30681 -22.5166 23
    endloop
  endfacet
  facet normal 0.364487 -0.931208 0
    outer loop
      vertex 9.1844 -22.1731 23
      vertex 8.30681 -22.5166 22.99
      vertex 9.1844 -22.1731 22.99
    endloop
  endfacet
  facet normal -0.836636 -0.490293 -0.244239
    outer loop
      vertex -20.4634 -12.54 22.99
      vertex -20.9399 -11.7269 22.99
      vertex -15.1312 -14.1716 8
    endloop
  endfacet
  facet normal -0.899794 -0.436315 0
    outer loop
      vertex -21.3842 -10.8958 22.99
      vertex -21.7954 -10.0478 23
      vertex -21.7954 -10.0478 22.99
    endloop
  endfacet
  facet normal -0.899794 -0.436315 0
    outer loop
      vertex -21.7954 -10.0478 23
      vertex -21.3842 -10.8958 22.99
      vertex -21.3842 -10.8958 23
    endloop
  endfacet
  facet normal -0.799192 -0.557253 -0.225302
    outer loop
      vertex -14.9725 -14.4195 8
      vertex -19.4164 -14.1068 22.99
      vertex -15.0287 -14.3389 8
    endloop
  endfacet
  facet normal 0 0 1
    outer loop
      vertex -14.8759 -14.5433 8
      vertex -14.9133 -14.4977 8
      vertex -14.8884 -14.5281 8
    endloop
  endfacet
  facet normal 0 0 1
    outer loop
      vertex -14.851 -14.5736 8
      vertex -14.9133 -14.4977 8
      vertex -14.8759 -14.5433 8
    endloop
  endfacet
  facet normal -0.7552 -0.619881 -0.213123
    outer loop
      vertex -14.9133 -14.4977 8
      vertex -14.851 -14.5736 8
      vertex -18.8476 -14.8583 22.99
    endloop
  endfacet
  facet normal -0.74748 -0.664285 0
    outer loop
      vertex -17.6237 -16.2912 22.99
      vertex -18.2497 -15.5868 23
      vertex -18.2497 -15.5868 22.99
    endloop
  endfacet
  facet normal -0.74748 -0.664285 0
    outer loop
      vertex -18.2497 -15.5868 23
      vertex -17.6237 -16.2912 22.99
      vertex -17.6237 -16.2912 23
    endloop
  endfacet
  facet normal -0.649527 -0.730874 -0.209614
    outer loop
      vertex -15.5868 -18.2497 22.99
      vertex -16.2912 -17.6237 22.99
      vertex -14.5736 -14.851 8
    endloop
  endfacet
  facet normal -0.720923 -0.693015 0
    outer loop
      vertex -16.9706 -16.9706 22.99
      vertex -17.6237 -16.2912 23
      vertex -17.6237 -16.2912 22.99
    endloop
  endfacet
  facet normal -0.720923 -0.693015 0
    outer loop
      vertex -17.6237 -16.2912 23
      vertex -16.9706 -16.9706 22.99
      vertex -16.9706 -16.9706 23
    endloop
  endfacet
  facet normal -0.693015 -0.720923 0
    outer loop
      vertex -16.9706 -16.9706 22.99
      vertex -16.2912 -17.6237 23
      vertex -16.9706 -16.9706 23
    endloop
  endfacet
  facet normal -0.693015 -0.720923 -0
    outer loop
      vertex -16.2912 -17.6237 23
      vertex -16.9706 -16.9706 22.99
      vertex -16.2912 -17.6237 22.99
    endloop
  endfacet
  facet normal -0.944794 -0.327664 0
    outer loop
      vertex -22.5166 -8.30681 22.99
      vertex -22.8254 -7.41641 23
      vertex -22.8254 -7.41641 22.99
    endloop
  endfacet
  facet normal -0.944794 -0.327664 0
    outer loop
      vertex -22.8254 -7.41641 23
      vertex -22.5166 -8.30681 22.99
      vertex -22.5166 -8.30681 23
    endloop
  endfacet
  facet normal -0.916172 -0.400785 0
    outer loop
      vertex -21.7954 -10.0478 22.99
      vertex -22.1731 -9.1844 23
      vertex -22.1731 -9.1844 22.99
    endloop
  endfacet
  facet normal -0.916172 -0.400785 0
    outer loop
      vertex -22.1731 -9.1844 23
      vertex -21.7954 -10.0478 22.99
      vertex -21.7954 -10.0478 23
    endloop
  endfacet
  facet normal -0.904503 -0.236075 -0.355166
    outer loop
      vertex -23.0989 -6.51457 22.99
      vertex -23.3369 -5.60269 22.99
      vertex -15.3809 -13.5336 8
    endloop
  endfacet
  facet normal -0.893818 -0.0880591 -0.439698
    outer loop
      vertex -23.8336 -2.8209 22.99
      vertex -23.926 -1.88302 22.99
      vertex -15.4423 -13.1461 8
    endloop
  endfacet
  facet normal -0.894028 -0.0891741 -0.439047
    outer loop
      vertex -15.4384 -13.1852 8
      vertex -23.8336 -2.8209 22.99
      vertex -15.4423 -13.1461 8
    endloop
  endfacet
  facet normal -0.893543 -0.086619 -0.440542
    outer loop
      vertex -15.4365 -13.2048 8
      vertex -23.8336 -2.8209 22.99
      vertex -15.4384 -13.1852 8
    endloop
  endfacet
  facet normal -0.89363 -0.0870716 -0.440277
    outer loop
      vertex -23.8336 -2.8209 22.99
      vertex -15.4365 -13.2048 8
      vertex -15.4327 -13.2438 8
    endloop
  endfacet
  facet normal -0.995182 -0.0980454 0
    outer loop
      vertex -23.8336 -2.8209 22.99
      vertex -23.926 -1.88302 23
      vertex -23.926 -1.88302 22.99
    endloop
  endfacet
  facet normal -0.995182 -0.0980454 0
    outer loop
      vertex -23.926 -1.88302 23
      vertex -23.8336 -2.8209 22.99
      vertex -23.8336 -2.8209 23
    endloop
  endfacet
  facet normal -0.89996 -0.124458 -0.41783
    outer loop
      vertex -23.7045 -3.75443 22.99
      vertex -23.8336 -2.8209 22.99
      vertex -15.4327 -13.2438 8
    endloop
  endfacet
  facet normal 0.885462 -0.0524049 -0.461747
    outer loop
      vertex 23.9815 -0.942235 22.99
      vertex 15.4423 -13.1461 8
      vertex 15.4481 -13.0481 8
    endloop
  endfacet
  facet normal 0.900012 -0.124873 -0.417595
    outer loop
      vertex 23.7045 -3.75443 22.99
      vertex 15.4192 -13.3411 8
      vertex 15.4327 -13.2438 8
    endloop
  endfacet
  facet normal 0.904503 -0.236075 -0.355166
    outer loop
      vertex 23.0989 -6.51457 22.99
      vertex 15.3809 -13.5336 8
      vertex 23.3369 -5.60269 22.99
    endloop
  endfacet
  facet normal 0.944794 -0.327664 0
    outer loop
      vertex 22.5166 -8.30681 23
      vertex 22.8254 -7.41641 22.99
      vertex 22.8254 -7.41641 23
    endloop
  endfacet
  facet normal 0.944794 -0.327664 0
    outer loop
      vertex 22.8254 -7.41641 22.99
      vertex 22.5166 -8.30681 23
      vertex 22.5166 -8.30681 22.99
    endloop
  endfacet
  facet normal 0.866529 -0.420185 -0.269393
    outer loop
      vertex 21.3842 -10.8958 22.99
      vertex 15.2204 -13.9966 8
      vertex 21.7954 -10.0478 22.99
    endloop
  endfacet
  facet normal 0.878428 -0.384274 -0.284072
    outer loop
      vertex 21.7954 -10.0478 22.99
      vertex 15.2204 -13.9966 8
      vertex 22.1731 -9.1844 22.99
    endloop
  endfacet
  facet normal 0.899794 -0.436315 0
    outer loop
      vertex 21.3842 -10.8958 23
      vertex 21.7954 -10.0478 22.99
      vertex 21.7954 -10.0478 23
    endloop
  endfacet
  facet normal 0.899794 -0.436315 0
    outer loop
      vertex 21.7954 -10.0478 22.99
      vertex 21.3842 -10.8958 23
      vertex 21.3842 -10.8958 22.99
    endloop
  endfacet
  facet normal 0.836636 -0.490293 -0.244239
    outer loop
      vertex 20.4634 -12.54 22.99
      vertex 15.1312 -14.1716 8
      vertex 20.9399 -11.7269 22.99
    endloop
  endfacet
  facet normal 0.836552 -0.490461 -0.244191
    outer loop
      vertex 20.4634 -12.54 22.99
      vertex 15.0816 -14.2562 8
      vertex 15.1312 -14.1716 8
    endloop
  endfacet
  facet normal 0.878497 -0.384037 -0.28418
    outer loop
      vertex 22.1731 -9.1844 22.99
      vertex 15.2204 -13.9966 8
      vertex 15.2597 -13.9067 8
    endloop
  endfacet
  facet normal 0.820362 -0.571845 0
    outer loop
      vertex 19.4164 -14.1068 23
      vertex 19.9553 -13.3337 22.99
      vertex 19.9553 -13.3337 23
    endloop
  endfacet
  facet normal 0.820362 -0.571845 0
    outer loop
      vertex 19.9553 -13.3337 22.99
      vertex 19.4164 -14.1068 23
      vertex 19.4164 -14.1068 22.99
    endloop
  endfacet
  facet normal 0.772992 -0.634416 0
    outer loop
      vertex 18.2497 -15.5868 23
      vertex 18.8476 -14.8583 22.99
      vertex 18.8476 -14.8583 23
    endloop
  endfacet
  facet normal 0.772992 -0.634416 0
    outer loop
      vertex 18.8476 -14.8583 22.99
      vertex 18.2497 -15.5868 23
      vertex 18.2497 -15.5868 22.99
    endloop
  endfacet
  facet normal 0.730874 -0.649527 -0.209614
    outer loop
      vertex 17.6237 -16.2912 22.99
      vertex 14.851 -14.5736 8
      vertex 18.2497 -15.5868 22.99
    endloop
  endfacet
  facet normal 0.649356 -0.731023 -0.209623
    outer loop
      vertex 16.2912 -17.6237 22.99
      vertex 14.5736 -14.851 8
      vertex 14.647 -14.7858 8
    endloop
  endfacet
  facet normal 0.74748 -0.664285 0
    outer loop
      vertex 17.6237 -16.2912 23
      vertex 18.2497 -15.5868 22.99
      vertex 18.2497 -15.5868 23
    endloop
  endfacet
  facet normal 0.74748 -0.664285 0
    outer loop
      vertex 18.2497 -15.5868 22.99
      vertex 17.6237 -16.2912 23
      vertex 17.6237 -16.2912 22.99
    endloop
  endfacet
  facet normal 0.693015 -0.720923 0
    outer loop
      vertex 16.2912 -17.6237 22.99
      vertex 16.9706 -16.9706 23
      vertex 16.2912 -17.6237 23
    endloop
  endfacet
  facet normal 0.693015 -0.720923 0
    outer loop
      vertex 16.9706 -16.9706 23
      vertex 16.2912 -17.6237 22.99
      vertex 16.9706 -16.9706 22.99
    endloop
  endfacet
  facet normal 0.273994 0.901295 -0.335551
    outer loop
      vertex 13.685 15.339 8
      vertex 7.41641 22.8254 22.99
      vertex 13.7225 15.3276 8
    endloop
  endfacet
  facet normal 0.273292 0.901383 -0.335888
    outer loop
      vertex 13.6662 15.3447 8
      vertex 7.41641 22.8254 22.99
      vertex 13.685 15.339 8
    endloop
  endfacet
  facet normal 0.273292 0.901383 -0.335888
    outer loop
      vertex 7.41641 22.8254 22.99
      vertex 13.6662 15.3447 8
      vertex 13.6286 15.3561 8
    endloop
  endfacet
  facet normal 0.198567 0.905324 -0.375446
    outer loop
      vertex 13.5336 15.3809 8
      vertex 4.68217 23.5388 22.99
      vertex 5.60269 23.3369 22.99
    endloop
  endfacet
  facet normal 0.199193 0.905337 -0.375084
    outer loop
      vertex 13.4377 15.402 8
      vertex 4.68217 23.5388 22.99
      vertex 13.5336 15.3809 8
    endloop
  endfacet
  facet normal 0.799265 0.557139 -0.225325
    outer loop
      vertex 19.9553 13.3337 22.99
      vertex 15.0287 14.3389 8
      vertex 19.4164 14.1068 22.99
    endloop
  endfacet
  facet normal 0.881891 0.471453 0
    outer loop
      vertex 21.3842 10.8958 23
      vertex 20.9399 11.7269 22.99
      vertex 20.9399 11.7269 23
    endloop
  endfacet
  facet normal 0.881891 0.471453 0
    outer loop
      vertex 20.9399 11.7269 22.99
      vertex 21.3842 10.8958 23
      vertex 21.3842 10.8958 22.99
    endloop
  endfacet
  facet normal 0.998264 -0.0588909 0
    outer loop
      vertex 23.926 -1.88302 23
      vertex 23.9815 -0.942235 22.99
      vertex 23.9815 -0.942235 23
    endloop
  endfacet
  facet normal 0.998264 -0.0588909 0
    outer loop
      vertex 23.9815 -0.942235 22.99
      vertex 23.926 -1.88302 23
      vertex 23.926 -1.88302 22.99
    endloop
  endfacet
  facet normal 0.874822 0.0171764 -0.484141
    outer loop
      vertex 24 0 22.99
      vertex 15.4481 13.0481 8
      vertex 23.9815 0.942235 22.99
    endloop
  endfacet
  facet normal -0.705178 0.67788 -0.207855
    outer loop
      vertex -14.7178 14.7178 8
      vertex -17.6237 16.2912 22.99
      vertex -16.9706 16.9706 22.99
    endloop
  endfacet
  facet normal -0.21424 0.976781 0
    outer loop
      vertex -4.68217 23.5388 22.99
      vertex -5.60269 23.3369 23
      vertex -4.68217 23.5388 23
    endloop
  endfacet
  facet normal -0.21424 0.976781 0
    outer loop
      vertex -5.60269 23.3369 23
      vertex -4.68217 23.5388 22.99
      vertex -5.60269 23.3369 22.99
    endloop
  endfacet
  facet normal -0.198567 0.905324 -0.375446
    outer loop
      vertex -4.68217 23.5388 22.99
      vertex -13.5336 15.3809 8
      vertex -5.60269 23.3369 22.99
    endloop
  endfacet
  facet normal -0.619076 0.755819 -0.213266
    outer loop
      vertex -14.5281 14.8884 8
      vertex -14.8583 18.8476 22.99
      vertex -14.4977 14.9133 8
    endloop
  endfacet
  facet normal -0.620598 0.754648 -0.21299
    outer loop
      vertex -14.5433 14.8759 8
      vertex -14.8583 18.8476 22.99
      vertex -14.5281 14.8884 8
    endloop
  endfacet
  facet normal -0.620327 0.754856 -0.21304
    outer loop
      vertex -14.8583 18.8476 22.99
      vertex -14.5433 14.8759 8
      vertex -14.5736 14.851 8
    endloop
  endfacet
  facet normal -0.384274 0.878428 -0.284072
    outer loop
      vertex -9.1844 22.1731 22.99
      vertex -13.9966 15.2204 8
      vertex -10.0478 21.7954 22.99
    endloop
  endfacet
  facet normal 0.0169419 0.874739 -0.484298
    outer loop
      vertex 12.95 15.45 8
      vertex 0 24 22.99
      vertex 13.0481 15.4481 8
    endloop
  endfacet
  facet normal -0.901374 0.273359 -0.335856
    outer loop
      vertex -15.3561 13.6286 8
      vertex -23.0989 6.51457 22.99
      vertex -22.8254 7.41641 22.99
    endloop
  endfacet
  facet normal -0.9045 0.236122 -0.355142
    outer loop
      vertex -15.3809 13.5336 8
      vertex -23.0989 6.51457 22.99
      vertex -15.3561 13.6286 8
    endloop
  endfacet
  facet normal 0 0 1
    outer loop
      vertex -15.4384 13.1852 8
      vertex -15.4327 13.2438 8
      vertex -15.4365 13.2048 8
    endloop
  endfacet
  facet normal 0 0 -1
    outer loop
      vertex -15.4423 13.1461 8
      vertex -15.4327 13.2438 8
      vertex -15.4384 13.1852 8
    endloop
  endfacet
  facet normal -0.893774 0.0878222 -0.439836
    outer loop
      vertex -15.4327 13.2438 8
      vertex -15.4423 13.1461 8
      vertex -23.8336 2.8209 22.99
    endloop
  endfacet
  facet normal -0.893818 0.0880591 -0.439698
    outer loop
      vertex -15.4423 13.1461 8
      vertex -23.926 1.88302 22.99
      vertex -23.8336 2.8209 22.99
    endloop
  endfacet
  facet normal -0.881891 0.471453 0
    outer loop
      vertex -21.3842 10.8958 22.99
      vertex -20.9399 11.7269 23
      vertex -20.9399 11.7269 22.99
    endloop
  endfacet
  facet normal -0.881891 0.471453 0
    outer loop
      vertex -20.9399 11.7269 23
      vertex -21.3842 10.8958 22.99
      vertex -21.3842 10.8958 23
    endloop
  endfacet
  facet normal -0.778058 0.589015 -0.218374
    outer loop
      vertex -14.9725 14.4195 8
      vertex -19.4164 14.1068 22.99
      vertex -14.9133 14.4977 8
    endloop
  endfacet
  facet normal -0.899794 0.436315 0
    outer loop
      vertex -21.7954 10.0478 22.99
      vertex -21.3842 10.8958 23
      vertex -21.3842 10.8958 22.99
    endloop
  endfacet
  facet normal -0.899794 0.436315 0
    outer loop
      vertex -21.3842 10.8958 23
      vertex -21.7954 10.0478 22.99
      vertex -21.7954 10.0478 23
    endloop
  endfacet
  facet normal -0.772992 0.634416 0
    outer loop
      vertex -18.8476 14.8583 22.99
      vertex -18.2497 15.5868 23
      vertex -18.2497 15.5868 22.99
    endloop
  endfacet
  facet normal -0.772992 0.634416 0
    outer loop
      vertex -18.2497 15.5868 23
      vertex -18.8476 14.8583 22.99
      vertex -18.8476 14.8583 23
    endloop
  endfacet
  facet normal -0.74748 0.664285 0
    outer loop
      vertex -18.2497 15.5868 22.99
      vertex -17.6237 16.2912 23
      vertex -17.6237 16.2912 22.99
    endloop
  endfacet
  facet normal -0.74748 0.664285 0
    outer loop
      vertex -17.6237 16.2912 23
      vertex -18.2497 15.5868 22.99
      vertex -18.2497 15.5868 23
    endloop
  endfacet
  facet normal -0.693015 0.720923 0
    outer loop
      vertex -16.2912 17.6237 22.99
      vertex -16.9706 16.9706 23
      vertex -16.2912 17.6237 23
    endloop
  endfacet
  facet normal -0.693015 0.720923 0
    outer loop
      vertex -16.9706 16.9706 23
      vertex -16.2912 17.6237 22.99
      vertex -16.9706 16.9706 22.99
    endloop
  endfacet
  facet normal -0.931208 0.364487 0
    outer loop
      vertex -22.5166 8.30681 22.99
      vertex -22.1731 9.1844 23
      vertex -22.1731 9.1844 22.99
    endloop
  endfacet
  facet normal -0.931208 0.364487 0
    outer loop
      vertex -22.1731 9.1844 23
      vertex -22.5166 8.30681 22.99
      vertex -22.5166 8.30681 23
    endloop
  endfacet
  facet normal -0.384274 -0.878428 -0.284072
    outer loop
      vertex -10.0478 -21.7954 22.99
      vertex -13.9966 -15.2204 8
      vertex -9.1844 -22.1731 22.99
    endloop
  endfacet
  facet normal -0.309953 -0.896063 -0.317806
    outer loop
      vertex -7.41641 -22.8254 22.99
      vertex -13.8153 -15.2955 8
      vertex -13.7225 -15.3276 8
    endloop
  endfacet
  facet normal -0.589015 -0.778058 -0.218374
    outer loop
      vertex -14.1068 -19.4164 22.99
      vertex -14.4977 -14.9133 8
      vertex -14.4195 -14.9725 8
    endloop
  endfacet
  facet normal -0.58894 -0.77811 -0.218391
    outer loop
      vertex -14.1068 -19.4164 22.99
      vertex -14.8583 -18.8476 22.99
      vertex -14.4977 -14.9133 8
    endloop
  endfacet
  facet normal -0.664285 -0.74748 0
    outer loop
      vertex -16.2912 -17.6237 22.99
      vertex -15.5868 -18.2497 23
      vertex -16.2912 -17.6237 23
    endloop
  endfacet
  facet normal -0.664285 -0.74748 -0
    outer loop
      vertex -15.5868 -18.2497 23
      vertex -16.2912 -17.6237 22.99
      vertex -15.5868 -18.2497 22.99
    endloop
  endfacet
  facet normal -0.31072 -0.895936 -0.317415
    outer loop
      vertex -8.30681 -22.5166 22.99
      vertex -13.8153 -15.2955 8
      vertex -7.41641 -22.8254 22.99
    endloop
  endfacet
  facet normal -0.364487 -0.931208 0
    outer loop
      vertex -9.1844 -22.1731 22.99
      vertex -8.30681 -22.5166 23
      vertex -9.1844 -22.1731 23
    endloop
  endfacet
  facet normal -0.364487 -0.931208 -0
    outer loop
      vertex -8.30681 -22.5166 23
      vertex -9.1844 -22.1731 22.99
      vertex -8.30681 -22.5166 22.99
    endloop
  endfacet
  facet normal -0.236122 -0.9045 -0.355142
    outer loop
      vertex -6.51457 -23.0989 22.99
      vertex -13.6286 -15.3561 8
      vertex -13.5336 -15.3809 8
    endloop
  endfacet
  facet normal -0.252539 -0.967587 0
    outer loop
      vertex -6.51457 -23.0989 22.99
      vertex -5.60269 -23.3369 23
      vertex -6.51457 -23.0989 23
    endloop
  endfacet
  facet normal -0.252539 -0.967587 -0
    outer loop
      vertex -5.60269 -23.3369 23
      vertex -6.51457 -23.0989 22.99
      vertex -5.60269 -23.3369 22.99
    endloop
  endfacet
  facet normal -0.198567 -0.905324 -0.375446
    outer loop
      vertex -5.60269 -23.3369 22.99
      vertex -13.5336 -15.3809 8
      vertex -4.68217 -23.5388 22.99
    endloop
  endfacet
  facet normal -0.175824 -0.984422 0
    outer loop
      vertex -4.68217 -23.5388 22.99
      vertex -3.75443 -23.7045 23
      vertex -4.68217 -23.5388 23
    endloop
  endfacet
  facet normal -0.175824 -0.984422 -0
    outer loop
      vertex -3.75443 -23.7045 23
      vertex -4.68217 -23.5388 22.99
      vertex -3.75443 -23.7045 22.99
    endloop
  endfacet
  facet normal -0.0524049 -0.885462 -0.461747
    outer loop
      vertex -0.942235 -23.9815 22.99
      vertex -13.1461 -15.4423 8
      vertex -13.0481 -15.4481 8
    endloop
  endfacet
  facet normal 0.0891741 -0.894028 -0.439047
    outer loop
      vertex 13.1852 -15.4384 8
      vertex 2.8209 -23.8336 22.99
      vertex 13.1461 -15.4423 8
    endloop
  endfacet
  facet normal 0.086619 -0.893543 -0.440542
    outer loop
      vertex 13.2048 -15.4365 8
      vertex 2.8209 -23.8336 22.99
      vertex 13.1852 -15.4384 8
    endloop
  endfacet
  facet normal 0.0870716 -0.89363 -0.440277
    outer loop
      vertex 2.8209 -23.8336 22.99
      vertex 13.2048 -15.4365 8
      vertex 13.2438 -15.4327 8
    endloop
  endfacet
  facet normal 0.161426 -0.903811 -0.396318
    outer loop
      vertex 4.68217 -23.5388 22.99
      vertex 3.75443 -23.7045 22.99
      vertex 13.3411 -15.4192 8
    endloop
  endfacet
  facet normal 0.0522335 -0.885414 -0.46186
    outer loop
      vertex 1.88302 -23.926 22.99
      vertex 0.942235 -23.9815 22.99
      vertex 13.1461 -15.4423 8
    endloop
  endfacet
  facet normal 0.0880591 -0.893818 -0.439698
    outer loop
      vertex 2.8209 -23.8336 22.99
      vertex 1.88302 -23.926 22.99
      vertex 13.1461 -15.4423 8
    endloop
  endfacet
  facet normal 0.420185 -0.866529 -0.269393
    outer loop
      vertex 10.8958 -21.3842 22.99
      vertex 10.0478 -21.7954 22.99
      vertex 13.9966 -15.2204 8
    endloop
  endfacet
  facet normal 0.471453 -0.881891 0
    outer loop
      vertex 10.8958 -21.3842 22.99
      vertex 11.7269 -20.9399 23
      vertex 10.8958 -21.3842 23
    endloop
  endfacet
  facet normal 0.471453 -0.881891 0
    outer loop
      vertex 11.7269 -20.9399 23
      vertex 10.8958 -21.3842 22.99
      vertex 11.7269 -20.9399 22.99
    endloop
  endfacet
  facet normal 0.490293 -0.836636 -0.244239
    outer loop
      vertex 12.54 -20.4634 22.99
      vertex 11.7269 -20.9399 22.99
      vertex 14.1716 -15.1312 8
    endloop
  endfacet
  facet normal 0.523885 -0.819004 -0.234043
    outer loop
      vertex 14.3389 -15.0287 8
      vertex 13.3337 -19.9553 22.99
      vertex 14.2562 -15.0816 8
    endloop
  endfacet
  facet normal 0.557139 -0.799265 -0.225325
    outer loop
      vertex 14.1068 -19.4164 22.99
      vertex 13.3337 -19.9553 22.99
      vertex 14.3389 -15.0287 8
    endloop
  endfacet
  facet normal 0.252539 -0.967587 0
    outer loop
      vertex 5.60269 -23.3369 22.99
      vertex 6.51457 -23.0989 23
      vertex 5.60269 -23.3369 23
    endloop
  endfacet
  facet normal 0.252539 -0.967587 0
    outer loop
      vertex 6.51457 -23.0989 23
      vertex 5.60269 -23.3369 22.99
      vertex 6.51457 -23.0989 22.99
    endloop
  endfacet
  facet normal 0.327664 -0.944794 0
    outer loop
      vertex 7.41641 -22.8254 22.99
      vertex 8.30681 -22.5166 23
      vertex 7.41641 -22.8254 23
    endloop
  endfacet
  facet normal 0.327664 -0.944794 0
    outer loop
      vertex 8.30681 -22.5166 23
      vertex 7.41641 -22.8254 22.99
      vertex 8.30681 -22.5166 22.99
    endloop
  endfacet
  facet normal 0.619076 -0.755819 -0.213266
    outer loop
      vertex 14.5281 -14.8884 8
      vertex 14.8583 -18.8476 22.99
      vertex 14.4977 -14.9133 8
    endloop
  endfacet
  facet normal 0.620598 -0.754648 -0.21299
    outer loop
      vertex 14.5433 -14.8759 8
      vertex 14.8583 -18.8476 22.99
      vertex 14.5281 -14.8884 8
    endloop
  endfacet
  facet normal 0.620327 -0.754856 -0.21304
    outer loop
      vertex 14.8583 -18.8476 22.99
      vertex 14.5433 -14.8759 8
      vertex 14.5736 -14.851 8
    endloop
  endfacet
  facet normal 0.58894 -0.77811 -0.218391
    outer loop
      vertex 14.8583 -18.8476 22.99
      vertex 14.1068 -19.4164 22.99
      vertex 14.4977 -14.9133 8
    endloop
  endfacet
  facet normal 0.619839 -0.755232 -0.213131
    outer loop
      vertex 14.8583 -18.8476 22.99
      vertex 14.5736 -14.851 8
      vertex 15.5868 -18.2497 22.99
    endloop
  endfacet
  facet normal 0.649527 -0.730874 -0.209614
    outer loop
      vertex 15.5868 -18.2497 22.99
      vertex 14.5736 -14.851 8
      vertex 16.2912 -17.6237 22.99
    endloop
  endfacet
  facet normal -0.799265 -0.557139 -0.225325
    outer loop
      vertex -19.4164 -14.1068 22.99
      vertex -19.9553 -13.3337 22.99
      vertex -15.0287 -14.3389 8
    endloop
  endfacet
  facet normal -0.820362 -0.571845 0
    outer loop
      vertex -19.4164 -14.1068 22.99
      vertex -19.9553 -13.3337 23
      vertex -19.9553 -13.3337 22.99
    endloop
  endfacet
  facet normal -0.820362 -0.571845 0
    outer loop
      vertex -19.9553 -13.3337 23
      vertex -19.4164 -14.1068 22.99
      vertex -19.4164 -14.1068 23
    endloop
  endfacet
  facet normal -0.881891 -0.471453 0
    outer loop
      vertex -20.9399 -11.7269 22.99
      vertex -21.3842 -10.8958 23
      vertex -21.3842 -10.8958 22.99
    endloop
  endfacet
  facet normal -0.881891 -0.471453 0
    outer loop
      vertex -21.3842 -10.8958 23
      vertex -20.9399 -11.7269 22.99
      vertex -20.9399 -11.7269 23
    endloop
  endfacet
  facet normal -0.878428 -0.384274 -0.284072
    outer loop
      vertex -21.7954 -10.0478 22.99
      vertex -22.1731 -9.1844 22.99
      vertex -15.2204 -13.9966 8
    endloop
  endfacet
  facet normal -0.866529 -0.420185 -0.269393
    outer loop
      vertex -21.3842 -10.8958 22.99
      vertex -21.7954 -10.0478 22.99
      vertex -15.2204 -13.9966 8
    endloop
  endfacet
  facet normal -0.852473 -0.455802 -0.255997
    outer loop
      vertex -15.159 -14.1196 8
      vertex -21.3842 -10.8958 22.99
      vertex -15.1775 -14.085 8
    endloop
  endfacet
  facet normal -0.853313 -0.453785 -0.25678
    outer loop
      vertex -15.1498 -14.1369 8
      vertex -21.3842 -10.8958 22.99
      vertex -15.159 -14.1196 8
    endloop
  endfacet
  facet normal -0.852083 -0.456736 -0.25563
    outer loop
      vertex -21.3842 -10.8958 22.99
      vertex -15.1498 -14.1369 8
      vertex -15.1312 -14.1716 8
    endloop
  endfacet
  facet normal -0.77811 -0.58894 -0.218391
    outer loop
      vertex -18.8476 -14.8583 22.99
      vertex -19.4164 -14.1068 22.99
      vertex -14.9133 -14.4977 8
    endloop
  endfacet
  facet normal -0.778058 -0.589015 -0.218374
    outer loop
      vertex -14.9133 -14.4977 8
      vertex -19.4164 -14.1068 22.99
      vertex -14.9725 -14.4195 8
    endloop
  endfacet
  facet normal -0.772992 -0.634416 0
    outer loop
      vertex -18.2497 -15.5868 22.99
      vertex -18.8476 -14.8583 23
      vertex -18.8476 -14.8583 22.99
    endloop
  endfacet
  facet normal -0.772992 -0.634416 0
    outer loop
      vertex -18.8476 -14.8583 23
      vertex -18.2497 -15.5868 22.99
      vertex -18.2497 -15.5868 23
    endloop
  endfacet
  facet normal -0.878497 -0.384037 -0.28418
    outer loop
      vertex -15.2204 -13.9966 8
      vertex -22.1731 -9.1844 22.99
      vertex -15.2597 -13.9067 8
    endloop
  endfacet
  facet normal -0.88822 -0.347902 -0.300048
    outer loop
      vertex -15.2597 -13.9067 8
      vertex -22.1731 -9.1844 22.99
      vertex -15.2955 -13.8153 8
    endloop
  endfacet
  facet normal -0.901374 -0.273359 -0.335856
    outer loop
      vertex -22.8254 -7.41641 22.99
      vertex -23.0989 -6.51457 22.99
      vertex -15.3561 -13.6286 8
    endloop
  endfacet
  facet normal -0.9045 -0.236122 -0.355142
    outer loop
      vertex -15.3561 -13.6286 8
      vertex -23.0989 -6.51457 22.99
      vertex -15.3809 -13.5336 8
    endloop
  endfacet
  facet normal -0.896063 -0.309953 -0.317806
    outer loop
      vertex -15.2955 -13.8153 8
      vertex -22.8254 -7.41641 22.99
      vertex -15.3276 -13.7225 8
    endloop
  endfacet
  facet normal -0.895936 -0.31072 -0.317415
    outer loop
      vertex -22.5166 -8.30681 22.99
      vertex -22.8254 -7.41641 22.99
      vertex -15.2955 -13.8153 8
    endloop
  endfacet
  facet normal -0.956961 -0.290216 0
    outer loop
      vertex -22.8254 -7.41641 22.99
      vertex -23.0989 -6.51457 23
      vertex -23.0989 -6.51457 22.99
    endloop
  endfacet
  facet normal -0.956961 -0.290216 0
    outer loop
      vertex -23.0989 -6.51457 23
      vertex -22.8254 -7.41641 22.99
      vertex -22.8254 -7.41641 23
    endloop
  endfacet
  facet normal -0.905324 -0.198567 -0.375446
    outer loop
      vertex -23.3369 -5.60269 22.99
      vertex -23.5388 -4.68217 22.99
      vertex -15.3809 -13.5336 8
    endloop
  endfacet
  facet normal -0.976781 -0.21424 0
    outer loop
      vertex -23.3369 -5.60269 22.99
      vertex -23.5388 -4.68217 23
      vertex -23.5388 -4.68217 22.99
    endloop
  endfacet
  facet normal -0.976781 -0.21424 0
    outer loop
      vertex -23.5388 -4.68217 23
      vertex -23.3369 -5.60269 22.99
      vertex -23.3369 -5.60269 23
    endloop
  endfacet
  facet normal -0.903811 -0.161426 -0.396318
    outer loop
      vertex -23.5388 -4.68217 22.99
      vertex -23.7045 -3.75443 22.99
      vertex -15.4192 -13.3411 8
    endloop
  endfacet
  facet normal 0.984422 -0.175824 0
    outer loop
      vertex 23.5388 -4.68217 23
      vertex 23.7045 -3.75443 22.99
      vertex 23.7045 -3.75443 23
    endloop
  endfacet
  facet normal 0.984422 -0.175824 0
    outer loop
      vertex 23.7045 -3.75443 22.99
      vertex 23.5388 -4.68217 23
      vertex 23.5388 -4.68217 22.99
    endloop
  endfacet
  facet normal 0.903811 -0.161426 -0.396318
    outer loop
      vertex 23.5388 -4.68217 22.99
      vertex 15.4192 -13.3411 8
      vertex 23.7045 -3.75443 22.99
    endloop
  endfacet
  facet normal 0.905324 -0.198567 -0.375446
    outer loop
      vertex 23.3369 -5.60269 22.99
      vertex 15.3809 -13.5336 8
      vertex 23.5388 -4.68217 22.99
    endloop
  endfacet
  facet normal 0.976781 -0.21424 0
    outer loop
      vertex 23.3369 -5.60269 23
      vertex 23.5388 -4.68217 22.99
      vertex 23.5388 -4.68217 23
    endloop
  endfacet
  facet normal 0.976781 -0.21424 0
    outer loop
      vertex 23.5388 -4.68217 22.99
      vertex 23.3369 -5.60269 23
      vertex 23.3369 -5.60269 22.99
    endloop
  endfacet
  facet normal 0.956961 -0.290216 0
    outer loop
      vertex 22.8254 -7.41641 23
      vertex 23.0989 -6.51457 22.99
      vertex 23.0989 -6.51457 23
    endloop
  endfacet
  facet normal 0.956961 -0.290216 0
    outer loop
      vertex 23.0989 -6.51457 22.99
      vertex 22.8254 -7.41641 23
      vertex 22.8254 -7.41641 22.99
    endloop
  endfacet
  facet normal 0.88822 -0.347902 -0.300048
    outer loop
      vertex 22.1731 -9.1844 22.99
      vertex 15.2597 -13.9067 8
      vertex 15.2955 -13.8153 8
    endloop
  endfacet
  facet normal 0.888275 -0.347682 -0.300141
    outer loop
      vertex 22.1731 -9.1844 22.99
      vertex 15.2955 -13.8153 8
      vertex 22.5166 -8.30681 22.99
    endloop
  endfacet
  facet normal 0.916172 -0.400785 0
    outer loop
      vertex 21.7954 -10.0478 23
      vertex 22.1731 -9.1844 22.99
      vertex 22.1731 -9.1844 23
    endloop
  endfacet
  facet normal 0.916172 -0.400785 0
    outer loop
      vertex 22.1731 -9.1844 22.99
      vertex 21.7954 -10.0478 23
      vertex 21.7954 -10.0478 22.99
    endloop
  endfacet
  facet normal 0.881891 -0.471453 0
    outer loop
      vertex 20.9399 -11.7269 23
      vertex 21.3842 -10.8958 22.99
      vertex 21.3842 -10.8958 23
    endloop
  endfacet
  facet normal 0.881891 -0.471453 0
    outer loop
      vertex 21.3842 -10.8958 22.99
      vertex 20.9399 -11.7269 23
      vertex 20.9399 -11.7269 22.99
    endloop
  endfacet
  facet normal 0.852473 -0.455802 -0.255997
    outer loop
      vertex 21.3842 -10.8958 22.99
      vertex 15.159 -14.1196 8
      vertex 15.1775 -14.085 8
    endloop
  endfacet
  facet normal 0.853313 -0.453785 -0.25678
    outer loop
      vertex 21.3842 -10.8958 22.99
      vertex 15.1498 -14.1369 8
      vertex 15.159 -14.1196 8
    endloop
  endfacet
  facet normal 0.852083 -0.456736 -0.25563
    outer loop
      vertex 15.1498 -14.1369 8
      vertex 21.3842 -10.8958 22.99
      vertex 15.1312 -14.1716 8
    endloop
  endfacet
  facet normal 0.901383 -0.273292 -0.335888
    outer loop
      vertex 22.8254 -7.41641 22.99
      vertex 15.3447 -13.6662 8
      vertex 15.3561 -13.6286 8
    endloop
  endfacet
  facet normal 0.901383 -0.273292 -0.335888
    outer loop
      vertex 22.8254 -7.41641 22.99
      vertex 15.339 -13.685 8
      vertex 15.3447 -13.6662 8
    endloop
  endfacet
  facet normal 0.901295 -0.273994 -0.335551
    outer loop
      vertex 15.339 -13.685 8
      vertex 22.8254 -7.41641 22.99
      vertex 15.3276 -13.7225 8
    endloop
  endfacet
  facet normal 0.896063 -0.309953 -0.317806
    outer loop
      vertex 22.8254 -7.41641 22.99
      vertex 15.2955 -13.8153 8
      vertex 15.3276 -13.7225 8
    endloop
  endfacet
  facet normal 0.799265 -0.557139 -0.225325
    outer loop
      vertex 19.4164 -14.1068 22.99
      vertex 15.0287 -14.3389 8
      vertex 19.9553 -13.3337 22.99
    endloop
  endfacet
  facet normal 0.819004 -0.523885 -0.234043
    outer loop
      vertex 19.9553 -13.3337 22.99
      vertex 15.0287 -14.3389 8
      vertex 15.0816 -14.2562 8
    endloop
  endfacet
  facet normal 0.799192 -0.557253 -0.225302
    outer loop
      vertex 19.4164 -14.1068 22.99
      vertex 14.9725 -14.4195 8
      vertex 15.0287 -14.3389 8
    endloop
  endfacet
  facet normal 0.778058 -0.589015 -0.218374
    outer loop
      vertex 19.4164 -14.1068 22.99
      vertex 14.9133 -14.4977 8
      vertex 14.9725 -14.4195 8
    endloop
  endfacet
  facet normal 0.797357 -0.603508 0
    outer loop
      vertex 18.8476 -14.8583 23
      vertex 19.4164 -14.1068 22.99
      vertex 19.4164 -14.1068 23
    endloop
  endfacet
  facet normal 0.797357 -0.603508 0
    outer loop
      vertex 19.4164 -14.1068 22.99
      vertex 18.8476 -14.8583 23
      vertex 18.8476 -14.8583 22.99
    endloop
  endfacet
  facet normal 0.705469 -0.677569 -0.207879
    outer loop
      vertex 17.6237 -16.2912 22.99
      vertex 14.7178 -14.7178 8
      vertex 14.7858 -14.647 8
    endloop
  endfacet
  facet normal 0.705178 -0.67788 -0.207855
    outer loop
      vertex 16.9706 -16.9706 22.99
      vertex 14.7178 -14.7178 8
      vertex 17.6237 -16.2912 22.99
    endloop
  endfacet
  facet normal 0.400785 0.916172 -0
    outer loop
      vertex 10.0478 21.7954 22.99
      vertex 9.1844 22.1731 23
      vertex 10.0478 21.7954 23
    endloop
  endfacet
  facet normal 0.400785 0.916172 0
    outer loop
      vertex 9.1844 22.1731 23
      vertex 10.0478 21.7954 22.99
      vertex 9.1844 22.1731 22.99
    endloop
  endfacet
  facet normal 0.384037 0.878497 -0.28418
    outer loop
      vertex 13.9067 15.2597 8
      vertex 9.1844 22.1731 22.99
      vertex 13.9966 15.2204 8
    endloop
  endfacet
  facet normal 0.74748 0.664285 0
    outer loop
      vertex 18.2497 15.5868 23
      vertex 17.6237 16.2912 22.99
      vertex 17.6237 16.2912 23
    endloop
  endfacet
  facet normal 0.74748 0.664285 0
    outer loop
      vertex 17.6237 16.2912 22.99
      vertex 18.2497 15.5868 23
      vertex 18.2497 15.5868 22.99
    endloop
  endfacet
  facet normal 0.916172 0.400785 0
    outer loop
      vertex 22.1731 9.1844 23
      vertex 21.7954 10.0478 22.99
      vertex 21.7954 10.0478 23
    endloop
  endfacet
  facet normal 0.916172 0.400785 0
    outer loop
      vertex 21.7954 10.0478 22.99
      vertex 22.1731 9.1844 23
      vertex 22.1731 9.1844 22.99
    endloop
  endfacet
  facet normal 0.999807 -0.0196304 0
    outer loop
      vertex 23.9815 -0.942235 23
      vertex 24 0 22.99
      vertex 24 0 23
    endloop
  endfacet
  facet normal 0.999807 -0.0196304 0
    outer loop
      vertex 24 0 22.99
      vertex 23.9815 -0.942235 23
      vertex 23.9815 -0.942235 22.99
    endloop
  endfacet
  facet normal 0.995182 -0.0980454 0
    outer loop
      vertex 23.8336 -2.8209 23
      vertex 23.926 -1.88302 22.99
      vertex 23.926 -1.88302 23
    endloop
  endfacet
  facet normal 0.995182 -0.0980454 0
    outer loop
      vertex 23.926 -1.88302 22.99
      vertex 23.8336 -2.8209 23
      vertex 23.8336 -2.8209 22.99
    endloop
  endfacet
  facet normal 0.893818 -0.0880591 -0.439698
    outer loop
      vertex 23.8336 -2.8209 22.99
      vertex 15.4423 -13.1461 8
      vertex 23.926 -1.88302 22.99
    endloop
  endfacet
  facet normal 0.885414 -0.0522335 -0.46186
    outer loop
      vertex 23.926 -1.88302 22.99
      vertex 15.4423 -13.1461 8
      vertex 23.9815 -0.942235 22.99
    endloop
  endfacet
  facet normal 0.852499 0.45574 -0.256022
    outer loop
      vertex 21.3842 10.8958 22.99
      vertex 15.1312 14.1716 8
      vertex 20.9399 11.7269 22.99
    endloop
  endfacet
  facet normal -0.619839 0.755232 -0.213131
    outer loop
      vertex -14.5736 14.851 8
      vertex -15.5868 18.2497 22.99
      vertex -14.8583 18.8476 22.99
    endloop
  endfacet
  facet normal -0.603508 0.797357 0
    outer loop
      vertex -14.1068 19.4164 22.99
      vertex -14.8583 18.8476 23
      vertex -14.1068 19.4164 23
    endloop
  endfacet
  facet normal -0.603508 0.797357 0
    outer loop
      vertex -14.8583 18.8476 23
      vertex -14.1068 19.4164 22.99
      vertex -14.8583 18.8476 22.99
    endloop
  endfacet
  facet normal -0.634416 0.772992 0
    outer loop
      vertex -14.8583 18.8476 22.99
      vertex -15.5868 18.2497 23
      vertex -14.8583 18.8476 23
    endloop
  endfacet
  facet normal -0.634416 0.772992 0
    outer loop
      vertex -15.5868 18.2497 23
      vertex -14.8583 18.8476 22.99
      vertex -15.5868 18.2497 22.99
    endloop
  endfacet
  facet normal -0.236075 0.904503 -0.355166
    outer loop
      vertex -5.60269 23.3369 22.99
      vertex -13.5336 15.3809 8
      vertex -6.51457 23.0989 22.99
    endloop
  endfacet
  facet normal -0.161426 0.903811 -0.396318
    outer loop
      vertex -3.75443 23.7045 22.99
      vertex -13.3411 15.4192 8
      vertex -4.68217 23.5388 22.99
    endloop
  endfacet
  facet normal -0.252539 0.967587 0
    outer loop
      vertex -5.60269 23.3369 22.99
      vertex -6.51457 23.0989 23
      vertex -5.60269 23.3369 23
    endloop
  endfacet
  facet normal -0.252539 0.967587 0
    outer loop
      vertex -6.51457 23.0989 23
      vertex -5.60269 23.3369 22.99
      vertex -6.51457 23.0989 22.99
    endloop
  endfacet
  facet normal -0.384037 0.878497 -0.28418
    outer loop
      vertex -13.9067 15.2597 8
      vertex -13.9966 15.2204 8
      vertex -9.1844 22.1731 22.99
    endloop
  endfacet
  facet normal -0.0171764 0.874822 -0.484141
    outer loop
      vertex 0 24 22.99
      vertex -13.0481 15.4481 8
      vertex -0.942235 23.9815 22.99
    endloop
  endfacet
  facet normal -0.0880591 0.893818 -0.439698
    outer loop
      vertex -1.88302 23.926 22.99
      vertex -13.1461 15.4423 8
      vertex -2.8209 23.8336 22.99
    endloop
  endfacet
  facet normal 0.0588909 0.998264 -0
    outer loop
      vertex 1.88302 23.926 22.99
      vertex 0.942235 23.9815 23
      vertex 1.88302 23.926 23
    endloop
  endfacet
  facet normal 0.0588909 0.998264 0
    outer loop
      vertex 0.942235 23.9815 23
      vertex 1.88302 23.926 22.99
      vertex 0.942235 23.9815 22.99
    endloop
  endfacet
  facet normal -0.0196304 0.999807 0
    outer loop
      vertex 0 24 22.99
      vertex -0.942235 23.9815 23
      vertex 0 24 23
    endloop
  endfacet
  facet normal -0.0196304 0.999807 0
    outer loop
      vertex -0.942235 23.9815 23
      vertex 0 24 22.99
      vertex -0.942235 23.9815 22.99
    endloop
  endfacet
  facet normal 0.0171764 0.874822 -0.484141
    outer loop
      vertex 13.0481 15.4481 8
      vertex 0 24 22.99
      vertex 0.942235 23.9815 22.99
    endloop
  endfacet
  facet normal 0.0196304 0.999807 -0
    outer loop
      vertex 0.942235 23.9815 22.99
      vertex 0 24 23
      vertex 0.942235 23.9815 23
    endloop
  endfacet
  facet normal 0.0196304 0.999807 0
    outer loop
      vertex 0 24 23
      vertex 0.942235 23.9815 22.99
      vertex 0 24 22.99
    endloop
  endfacet
  facet normal -0.956961 0.290216 0
    outer loop
      vertex -23.0989 6.51457 22.99
      vertex -22.8254 7.41641 23
      vertex -22.8254 7.41641 22.99
    endloop
  endfacet
  facet normal -0.956961 0.290216 0
    outer loop
      vertex -22.8254 7.41641 23
      vertex -23.0989 6.51457 22.99
      vertex -23.0989 6.51457 23
    endloop
  endfacet
  facet normal -0.836636 0.490293 -0.244239
    outer loop
      vertex -15.1312 14.1716 8
      vertex -20.9399 11.7269 22.99
      vertex -20.4634 12.54 22.99
    endloop
  endfacet
  facet normal -0.720923 0.693015 0
    outer loop
      vertex -17.6237 16.2912 22.99
      vertex -16.9706 16.9706 23
      vertex -16.9706 16.9706 22.99
    endloop
  endfacet
  facet normal -0.720923 0.693015 0
    outer loop
      vertex -16.9706 16.9706 23
      vertex -17.6237 16.2912 22.99
      vertex -17.6237 16.2912 23
    endloop
  endfacet
  facet normal -0.754856 0.620327 -0.21304
    outer loop
      vertex -14.8759 14.5433 8
      vertex -18.8476 14.8583 22.99
      vertex -14.851 14.5736 8
    endloop
  endfacet
  facet normal -0.754648 0.620598 -0.21299
    outer loop
      vertex -14.8884 14.5281 8
      vertex -18.8476 14.8583 22.99
      vertex -14.8759 14.5433 8
    endloop
  endfacet
  facet normal -0.755819 0.619076 -0.213266
    outer loop
      vertex -18.8476 14.8583 22.99
      vertex -14.8884 14.5281 8
      vertex -14.9133 14.4977 8
    endloop
  endfacet
  facet normal -0.944794 0.327664 0
    outer loop
      vertex -22.8254 7.41641 22.99
      vertex -22.5166 8.30681 23
      vertex -22.5166 8.30681 22.99
    endloop
  endfacet
  facet normal -0.944794 0.327664 0
    outer loop
      vertex -22.5166 8.30681 23
      vertex -22.8254 7.41641 22.99
      vertex -22.8254 7.41641 23
    endloop
  endfacet
  facet normal -0.505605 -0.862765 0
    outer loop
      vertex -12.54 -20.4634 22.99
      vertex -11.7269 -20.9399 23
      vertex -12.54 -20.4634 23
    endloop
  endfacet
  facet normal -0.505605 -0.862765 -0
    outer loop
      vertex -11.7269 -20.9399 23
      vertex -12.54 -20.4634 22.99
      vertex -11.7269 -20.9399 22.99
    endloop
  endfacet
  facet normal -0.620327 -0.754856 -0.21304
    outer loop
      vertex -14.5433 -14.8759 8
      vertex -14.8583 -18.8476 22.99
      vertex -14.5736 -14.851 8
    endloop
  endfacet
  facet normal -0.620598 -0.754648 -0.21299
    outer loop
      vertex -14.5281 -14.8884 8
      vertex -14.8583 -18.8476 22.99
      vertex -14.5433 -14.8759 8
    endloop
  endfacet
  facet normal -0.619076 -0.755819 -0.213266
    outer loop
      vertex -14.8583 -18.8476 22.99
      vertex -14.5281 -14.8884 8
      vertex -14.4977 -14.9133 8
    endloop
  endfacet
  facet normal -0.557253 -0.799192 -0.225302
    outer loop
      vertex -14.1068 -19.4164 22.99
      vertex -14.4195 -14.9725 8
      vertex -14.3389 -15.0287 8
    endloop
  endfacet
  facet normal -0.603508 -0.797357 0
    outer loop
      vertex -14.8583 -18.8476 22.99
      vertex -14.1068 -19.4164 23
      vertex -14.8583 -18.8476 23
    endloop
  endfacet
  facet normal -0.603508 -0.797357 -0
    outer loop
      vertex -14.1068 -19.4164 23
      vertex -14.8583 -18.8476 22.99
      vertex -14.1068 -19.4164 22.99
    endloop
  endfacet
  facet normal -0.571845 -0.820362 0
    outer loop
      vertex -14.1068 -19.4164 22.99
      vertex -13.3337 -19.9553 23
      vertex -14.1068 -19.4164 23
    endloop
  endfacet
  facet normal -0.571845 -0.820362 -0
    outer loop
      vertex -13.3337 -19.9553 23
      vertex -14.1068 -19.4164 22.99
      vertex -13.3337 -19.9553 22.99
    endloop
  endfacet
  facet normal -0.557139 -0.799265 -0.225325
    outer loop
      vertex -14.1068 -19.4164 22.99
      vertex -14.3389 -15.0287 8
      vertex -13.3337 -19.9553 22.99
    endloop
  endfacet
  facet normal -0.347682 -0.888275 -0.300141
    outer loop
      vertex -9.1844 -22.1731 22.99
      vertex -13.8153 -15.2955 8
      vertex -8.30681 -22.5166 22.99
    endloop
  endfacet
  facet normal -0.42047 -0.866422 -0.26929
    outer loop
      vertex -10.8958 -21.3842 22.99
      vertex -14.085 -15.1775 8
      vertex -13.9966 -15.2204 8
    endloop
  endfacet
  facet normal -0.236075 -0.904503 -0.355166
    outer loop
      vertex -6.51457 -23.0989 22.99
      vertex -13.5336 -15.3809 8
      vertex -5.60269 -23.3369 22.99
    endloop
  endfacet
  facet normal -0.0870716 -0.89363 -0.440277
    outer loop
      vertex -13.2048 -15.4365 8
      vertex -2.8209 -23.8336 22.99
      vertex -13.2438 -15.4327 8
    endloop
  endfacet
  facet normal -0.086619 -0.893543 -0.440542
    outer loop
      vertex -13.1852 -15.4384 8
      vertex -2.8209 -23.8336 22.99
      vertex -13.2048 -15.4365 8
    endloop
  endfacet
  facet normal -0.0891741 -0.894028 -0.439047
    outer loop
      vertex -2.8209 -23.8336 22.99
      vertex -13.1852 -15.4384 8
      vertex -13.1461 -15.4423 8
    endloop
  endfacet
  facet normal -0.161426 -0.903811 -0.396318
    outer loop
      vertex -4.68217 -23.5388 22.99
      vertex -13.3411 -15.4192 8
      vertex -3.75443 -23.7045 22.99
    endloop
  endfacet
  facet normal -0.0171764 -0.874822 -0.484141
    outer loop
      vertex -0.942235 -23.9815 22.99
      vertex -13.0481 -15.4481 8
      vertex 0 -24 22.99
    endloop
  endfacet
  facet normal -0.0196304 -0.999807 0
    outer loop
      vertex -0.942235 -23.9815 22.99
      vertex 0 -24 23
      vertex -0.942235 -23.9815 23
    endloop
  endfacet
  facet normal -0.0196304 -0.999807 -0
    outer loop
      vertex 0 -24 23
      vertex -0.942235 -23.9815 22.99
      vertex 0 -24 22.99
    endloop
  endfacet
  facet normal -0.290216 -0.956961 0
    outer loop
      vertex -7.41641 -22.8254 22.99
      vertex -6.51457 -23.0989 23
      vertex -7.41641 -22.8254 23
    endloop
  endfacet
  facet normal -0.290216 -0.956961 -0
    outer loop
      vertex -6.51457 -23.0989 23
      vertex -7.41641 -22.8254 22.99
      vertex -6.51457 -23.0989 22.99
    endloop
  endfacet
  facet normal -0.21424 -0.976781 0
    outer loop
      vertex -5.60269 -23.3369 22.99
      vertex -4.68217 -23.5388 23
      vertex -5.60269 -23.3369 23
    endloop
  endfacet
  facet normal -0.21424 -0.976781 -0
    outer loop
      vertex -4.68217 -23.5388 23
      vertex -5.60269 -23.3369 22.99
      vertex -4.68217 -23.5388 22.99
    endloop
  endfacet
  facet normal -0.136989 -0.990573 0
    outer loop
      vertex -3.75443 -23.7045 22.99
      vertex -2.8209 -23.8336 23
      vertex -3.75443 -23.7045 23
    endloop
  endfacet
  facet normal -0.136989 -0.990573 -0
    outer loop
      vertex -2.8209 -23.8336 23
      vertex -3.75443 -23.7045 22.99
      vertex -2.8209 -23.8336 22.99
    endloop
  endfacet
  facet normal 0.236122 -0.9045 -0.355142
    outer loop
      vertex 13.6286 -15.3561 8
      vertex 6.51457 -23.0989 22.99
      vertex 13.5336 -15.3809 8
    endloop
  endfacet
  facet normal 0.45574 -0.852499 -0.256022
    outer loop
      vertex 11.7269 -20.9399 22.99
      vertex 10.8958 -21.3842 22.99
      vertex 14.1716 -15.1312 8
    endloop
  endfacet
  facet normal 0.505605 -0.862765 0
    outer loop
      vertex 11.7269 -20.9399 22.99
      vertex 12.54 -20.4634 23
      vertex 11.7269 -20.9399 23
    endloop
  endfacet
  facet normal 0.505605 -0.862765 0
    outer loop
      vertex 12.54 -20.4634 23
      vertex 11.7269 -20.9399 22.99
      vertex 12.54 -20.4634 22.99
    endloop
  endfacet
  facet normal 0.571845 -0.820362 0
    outer loop
      vertex 13.3337 -19.9553 22.99
      vertex 14.1068 -19.4164 23
      vertex 13.3337 -19.9553 23
    endloop
  endfacet
  facet normal 0.571845 -0.820362 0
    outer loop
      vertex 14.1068 -19.4164 23
      vertex 13.3337 -19.9553 22.99
      vertex 14.1068 -19.4164 22.99
    endloop
  endfacet
  facet normal 0.589015 -0.778058 -0.218374
    outer loop
      vertex 14.4977 -14.9133 8
      vertex 14.1068 -19.4164 22.99
      vertex 14.4195 -14.9725 8
    endloop
  endfacet
  facet normal -0.818832 -0.524189 -0.233968
    outer loop
      vertex -19.9553 -13.3337 22.99
      vertex -20.4634 -12.54 22.99
      vertex -15.0816 -14.2562 8
    endloop
  endfacet
  facet normal -0.836552 -0.490461 -0.244191
    outer loop
      vertex -15.0816 -14.2562 8
      vertex -20.4634 -12.54 22.99
      vertex -15.1312 -14.1716 8
    endloop
  endfacet
  facet normal -0.731023 -0.649356 -0.209623
    outer loop
      vertex -14.7858 -14.647 8
      vertex -17.6237 -16.2912 22.99
      vertex -14.851 -14.5736 8
    endloop
  endfacet
  facet normal -0.901383 -0.273292 -0.335888
    outer loop
      vertex -15.3447 -13.6662 8
      vertex -22.8254 -7.41641 22.99
      vertex -15.3561 -13.6286 8
    endloop
  endfacet
  facet normal -0.901383 -0.273292 -0.335888
    outer loop
      vertex -15.339 -13.685 8
      vertex -22.8254 -7.41641 22.99
      vertex -15.3447 -13.6662 8
    endloop
  endfacet
  facet normal -0.901295 -0.273994 -0.335551
    outer loop
      vertex -22.8254 -7.41641 22.99
      vertex -15.339 -13.685 8
      vertex -15.3276 -13.7225 8
    endloop
  endfacet
  facet normal -0.90378 -0.160922 -0.396593
    outer loop
      vertex -15.402 -13.4377 8
      vertex -23.5388 -4.68217 22.99
      vertex -15.4192 -13.3411 8
    endloop
  endfacet
  facet normal 0.90378 -0.160922 -0.396593
    outer loop
      vertex 23.5388 -4.68217 22.99
      vertex 15.402 -13.4377 8
      vertex 15.4192 -13.3411 8
    endloop
  endfacet
  facet normal 0.905337 -0.199193 -0.375084
    outer loop
      vertex 23.5388 -4.68217 22.99
      vertex 15.3809 -13.5336 8
      vertex 15.402 -13.4377 8
    endloop
  endfacet
  facet normal 0.866422 -0.42047 -0.26929
    outer loop
      vertex 21.3842 -10.8958 22.99
      vertex 15.1775 -14.085 8
      vertex 15.2204 -13.9966 8
    endloop
  endfacet
  facet normal 0.842208 -0.539153 0
    outer loop
      vertex 19.9553 -13.3337 23
      vertex 20.4634 -12.54 22.99
      vertex 20.4634 -12.54 23
    endloop
  endfacet
  facet normal 0.842208 -0.539153 0
    outer loop
      vertex 20.4634 -12.54 22.99
      vertex 19.9553 -13.3337 23
      vertex 19.9553 -13.3337 22.99
    endloop
  endfacet
  facet normal 0.677569 -0.705469 -0.207879
    outer loop
      vertex 16.2912 -17.6237 22.99
      vertex 14.647 -14.7858 8
      vertex 14.7178 -14.7178 8
    endloop
  endfacet
  facet normal 0.731023 -0.649356 -0.209623
    outer loop
      vertex 17.6237 -16.2912 22.99
      vertex 14.7858 -14.647 8
      vertex 14.851 -14.5736 8
    endloop
  endfacet
  facet normal 0.364487 0.931208 -0
    outer loop
      vertex 9.1844 22.1731 22.99
      vertex 8.30681 22.5166 23
      vertex 9.1844 22.1731 23
    endloop
  endfacet
  facet normal 0.364487 0.931208 0
    outer loop
      vertex 8.30681 22.5166 23
      vertex 9.1844 22.1731 22.99
      vertex 8.30681 22.5166 22.99
    endloop
  endfacet
  facet normal 0.236075 0.904503 -0.355166
    outer loop
      vertex 13.5336 15.3809 8
      vertex 5.60269 23.3369 22.99
      vertex 6.51457 23.0989 22.99
    endloop
  endfacet
  facet normal 0.252539 0.967587 -0
    outer loop
      vertex 6.51457 23.0989 22.99
      vertex 5.60269 23.3369 23
      vertex 6.51457 23.0989 23
    endloop
  endfacet
  facet normal 0.252539 0.967587 0
    outer loop
      vertex 5.60269 23.3369 23
      vertex 6.51457 23.0989 22.99
      vertex 5.60269 23.3369 22.99
    endloop
  endfacet
  facet normal 0.136989 0.990573 -0
    outer loop
      vertex 3.75443 23.7045 22.99
      vertex 2.8209 23.8336 23
      vertex 3.75443 23.7045 23
    endloop
  endfacet
  facet normal 0.136989 0.990573 0
    outer loop
      vertex 2.8209 23.8336 23
      vertex 3.75443 23.7045 22.99
      vertex 2.8209 23.8336 22.99
    endloop
  endfacet
  facet normal 0.21424 0.976781 -0
    outer loop
      vertex 5.60269 23.3369 22.99
      vertex 4.68217 23.5388 23
      vertex 5.60269 23.3369 23
    endloop
  endfacet
  facet normal 0.21424 0.976781 0
    outer loop
      vertex 4.68217 23.5388 23
      vertex 5.60269 23.3369 22.99
      vertex 4.68217 23.5388 22.99
    endloop
  endfacet
  facet normal 0.0980454 0.995182 -0
    outer loop
      vertex 2.8209 23.8336 22.99
      vertex 1.88302 23.926 23
      vertex 2.8209 23.8336 23
    endloop
  endfacet
  facet normal 0.0980454 0.995182 0
    outer loop
      vertex 1.88302 23.926 23
      vertex 2.8209 23.8336 22.99
      vertex 1.88302 23.926 22.99
    endloop
  endfacet
  facet normal 0.161426 0.903811 -0.396318
    outer loop
      vertex 13.3411 15.4192 8
      vertex 3.75443 23.7045 22.99
      vertex 4.68217 23.5388 22.99
    endloop
  endfacet
  facet normal 0.0870716 0.89363 -0.440277
    outer loop
      vertex 13.2048 15.4365 8
      vertex 2.8209 23.8336 22.99
      vertex 13.2438 15.4327 8
    endloop
  endfacet
  facet normal 0.086619 0.893543 -0.440542
    outer loop
      vertex 13.1852 15.4384 8
      vertex 2.8209 23.8336 22.99
      vertex 13.2048 15.4365 8
    endloop
  endfacet
  facet normal 0.0891741 0.894028 -0.439047
    outer loop
      vertex 2.8209 23.8336 22.99
      vertex 13.1852 15.4384 8
      vertex 13.1461 15.4423 8
    endloop
  endfacet
  facet normal 0.603508 0.797357 -0
    outer loop
      vertex 14.8583 18.8476 22.99
      vertex 14.1068 19.4164 23
      vertex 14.8583 18.8476 23
    endloop
  endfacet
  facet normal 0.603508 0.797357 0
    outer loop
      vertex 14.1068 19.4164 23
      vertex 14.8583 18.8476 22.99
      vertex 14.1068 19.4164 22.99
    endloop
  endfacet
  facet normal 0.67788 0.705178 -0.207855
    outer loop
      vertex 16.9706 16.9706 22.99
      vertex 14.7178 14.7178 8
      vertex 16.2912 17.6237 22.99
    endloop
  endfacet
  facet normal 0.754856 0.620327 -0.21304
    outer loop
      vertex 18.8476 14.8583 22.99
      vertex 14.8759 14.5433 8
      vertex 14.851 14.5736 8
    endloop
  endfacet
  facet normal 0.754648 0.620598 -0.21299
    outer loop
      vertex 18.8476 14.8583 22.99
      vertex 14.8884 14.5281 8
      vertex 14.8759 14.5433 8
    endloop
  endfacet
  facet normal 0.755819 0.619076 -0.213266
    outer loop
      vertex 14.8884 14.5281 8
      vertex 18.8476 14.8583 22.99
      vertex 14.9133 14.4977 8
    endloop
  endfacet
  facet normal 0.866529 0.420185 -0.269393
    outer loop
      vertex 21.7954 10.0478 22.99
      vertex 15.2204 13.9966 8
      vertex 21.3842 10.8958 22.99
    endloop
  endfacet
  facet normal 0.895936 0.31072 -0.317415
    outer loop
      vertex 22.8254 7.41641 22.99
      vertex 15.2955 13.8153 8
      vertex 22.5166 8.30681 22.99
    endloop
  endfacet
  facet normal 0.862765 0.505605 0
    outer loop
      vertex 20.9399 11.7269 23
      vertex 20.4634 12.54 22.99
      vertex 20.4634 12.54 23
    endloop
  endfacet
  facet normal 0.862765 0.505605 0
    outer loop
      vertex 20.4634 12.54 22.99
      vertex 20.9399 11.7269 23
      vertex 20.9399 11.7269 22.99
    endloop
  endfacet
  facet normal 0.990573 -0.136989 0
    outer loop
      vertex 23.7045 -3.75443 23
      vertex 23.8336 -2.8209 22.99
      vertex 23.8336 -2.8209 23
    endloop
  endfacet
  facet normal 0.990573 -0.136989 0
    outer loop
      vertex 23.8336 -2.8209 22.99
      vertex 23.7045 -3.75443 23
      vertex 23.7045 -3.75443 22.99
    endloop
  endfacet
  facet normal -0.664285 0.74748 0
    outer loop
      vertex -15.5868 18.2497 22.99
      vertex -16.2912 17.6237 23
      vertex -15.5868 18.2497 23
    endloop
  endfacet
  facet normal -0.664285 0.74748 0
    outer loop
      vertex -16.2912 17.6237 23
      vertex -15.5868 18.2497 22.99
      vertex -16.2912 17.6237 22.99
    endloop
  endfacet
  facet normal -0.649527 0.730874 -0.209614
    outer loop
      vertex -14.5736 14.851 8
      vertex -16.2912 17.6237 22.99
      vertex -15.5868 18.2497 22.99
    endloop
  endfacet
  facet normal -0.31072 0.895936 -0.317415
    outer loop
      vertex -7.41641 22.8254 22.99
      vertex -13.8153 15.2955 8
      vertex -8.30681 22.5166 22.99
    endloop
  endfacet
  facet normal -0.0524049 0.885462 -0.461747
    outer loop
      vertex -13.0481 15.4481 8
      vertex -13.1461 15.4423 8
      vertex -0.942235 23.9815 22.99
    endloop
  endfacet
  facet normal -0.236122 0.9045 -0.355142
    outer loop
      vertex -13.5336 15.3809 8
      vertex -13.6286 15.3561 8
      vertex -6.51457 23.0989 22.99
    endloop
  endfacet
  facet normal -0.124458 0.89996 -0.41783
    outer loop
      vertex -2.8209 23.8336 22.99
      vertex -13.2438 15.4327 8
      vertex -3.75443 23.7045 22.99
    endloop
  endfacet
  facet normal -0.175824 0.984422 0
    outer loop
      vertex -3.75443 23.7045 22.99
      vertex -4.68217 23.5388 23
      vertex -3.75443 23.7045 23
    endloop
  endfacet
  facet normal -0.175824 0.984422 0
    outer loop
      vertex -4.68217 23.5388 23
      vertex -3.75443 23.7045 22.99
      vertex -4.68217 23.5388 22.99
    endloop
  endfacet
  facet normal -0.290216 0.956961 0
    outer loop
      vertex -6.51457 23.0989 22.99
      vertex -7.41641 22.8254 23
      vertex -6.51457 23.0989 23
    endloop
  endfacet
  facet normal -0.290216 0.956961 0
    outer loop
      vertex -7.41641 22.8254 23
      vertex -6.51457 23.0989 22.99
      vertex -7.41641 22.8254 22.99
    endloop
  endfacet
  facet normal -0.364487 0.931208 0
    outer loop
      vertex -8.30681 22.5166 22.99
      vertex -9.1844 22.1731 23
      vertex -8.30681 22.5166 23
    endloop
  endfacet
  facet normal -0.364487 0.931208 0
    outer loop
      vertex -9.1844 22.1731 23
      vertex -8.30681 22.5166 22.99
      vertex -9.1844 22.1731 22.99
    endloop
  endfacet
  facet normal -0.400785 0.916172 0
    outer loop
      vertex -9.1844 22.1731 22.99
      vertex -10.0478 21.7954 23
      vertex -9.1844 22.1731 23
    endloop
  endfacet
  facet normal -0.400785 0.916172 0
    outer loop
      vertex -10.0478 21.7954 23
      vertex -9.1844 22.1731 22.99
      vertex -10.0478 21.7954 22.99
    endloop
  endfacet
  facet normal -0.455802 0.852473 -0.255997
    outer loop
      vertex -14.1196 15.159 8
      vertex -10.8958 21.3842 22.99
      vertex -14.085 15.1775 8
    endloop
  endfacet
  facet normal -0.453785 0.853313 -0.25678
    outer loop
      vertex -14.1369 15.1498 8
      vertex -10.8958 21.3842 22.99
      vertex -14.1196 15.159 8
    endloop
  endfacet
  facet normal -0.456736 0.852083 -0.25563
    outer loop
      vertex -10.8958 21.3842 22.99
      vertex -14.1369 15.1498 8
      vertex -14.1716 15.1312 8
    endloop
  endfacet
  facet normal -0.539153 0.842208 0
    outer loop
      vertex -12.54 20.4634 22.99
      vertex -13.3337 19.9553 23
      vertex -12.54 20.4634 23
    endloop
  endfacet
  facet normal -0.539153 0.842208 0
    outer loop
      vertex -13.3337 19.9553 23
      vertex -12.54 20.4634 22.99
      vertex -13.3337 19.9553 22.99
    endloop
  endfacet
  facet normal -0.571845 0.820362 0
    outer loop
      vertex -13.3337 19.9553 22.99
      vertex -14.1068 19.4164 23
      vertex -13.3337 19.9553 23
    endloop
  endfacet
  facet normal -0.571845 0.820362 0
    outer loop
      vertex -14.1068 19.4164 23
      vertex -13.3337 19.9553 22.99
      vertex -14.1068 19.4164 22.99
    endloop
  endfacet
  facet normal -0.0980454 0.995182 0
    outer loop
      vertex -1.88302 23.926 22.99
      vertex -2.8209 23.8336 23
      vertex -1.88302 23.926 23
    endloop
  endfacet
  facet normal -0.0980454 0.995182 0
    outer loop
      vertex -2.8209 23.8336 23
      vertex -1.88302 23.926 22.99
      vertex -2.8209 23.8336 22.99
    endloop
  endfacet
  facet normal 0.0880591 0.893818 -0.439698
    outer loop
      vertex 13.1461 15.4423 8
      vertex 1.88302 23.926 22.99
      vertex 2.8209 23.8336 22.99
    endloop
  endfacet
  facet normal 0.0522335 0.885414 -0.46186
    outer loop
      vertex 13.1461 15.4423 8
      vertex 0.942235 23.9815 22.99
      vertex 1.88302 23.926 22.99
    endloop
  endfacet
  facet normal -0.990573 0.136989 0
    outer loop
      vertex -23.8336 2.8209 22.99
      vertex -23.7045 3.75443 23
      vertex -23.7045 3.75443 22.99
    endloop
  endfacet
  facet normal -0.990573 0.136989 0
    outer loop
      vertex -23.7045 3.75443 23
      vertex -23.8336 2.8209 22.99
      vertex -23.8336 2.8209 23
    endloop
  endfacet
  facet normal -0.885462 0.0524049 -0.461747
    outer loop
      vertex -15.4481 13.0481 8
      vertex -23.9815 0.942235 22.99
      vertex -15.4423 13.1461 8
    endloop
  endfacet
  facet normal -0.895936 0.31072 -0.317415
    outer loop
      vertex -15.2955 13.8153 8
      vertex -22.8254 7.41641 22.99
      vertex -22.5166 8.30681 22.99
    endloop
  endfacet
  facet normal -0.874822 0.0171764 -0.484141
    outer loop
      vertex -15.4481 13.0481 8
      vertex -24 0 22.99
      vertex -23.9815 0.942235 22.99
    endloop
  endfacet
  facet normal -0.995182 0.0980454 0
    outer loop
      vertex -23.926 1.88302 22.99
      vertex -23.8336 2.8209 23
      vertex -23.8336 2.8209 22.99
    endloop
  endfacet
  facet normal -0.995182 0.0980454 0
    outer loop
      vertex -23.8336 2.8209 23
      vertex -23.926 1.88302 22.99
      vertex -23.926 1.88302 23
    endloop
  endfacet
  facet normal -0.984422 0.175824 0
    outer loop
      vertex -23.7045 3.75443 22.99
      vertex -23.5388 4.68217 23
      vertex -23.5388 4.68217 22.99
    endloop
  endfacet
  facet normal -0.984422 0.175824 0
    outer loop
      vertex -23.5388 4.68217 23
      vertex -23.7045 3.75443 22.99
      vertex -23.7045 3.75443 23
    endloop
  endfacet
  facet normal -0.852499 0.45574 -0.256022
    outer loop
      vertex -15.1312 14.1716 8
      vertex -21.3842 10.8958 22.99
      vertex -20.9399 11.7269 22.99
    endloop
  endfacet
  facet normal -0.77811 0.58894 -0.218391
    outer loop
      vertex -14.9133 14.4977 8
      vertex -19.4164 14.1068 22.99
      vertex -18.8476 14.8583 22.99
    endloop
  endfacet
  facet normal -0.799265 0.557139 -0.225325
    outer loop
      vertex -15.0287 14.3389 8
      vertex -19.9553 13.3337 22.99
      vertex -19.4164 14.1068 22.99
    endloop
  endfacet
  facet normal -0.842208 0.539153 0
    outer loop
      vertex -20.4634 12.54 22.99
      vertex -19.9553 13.3337 23
      vertex -19.9553 13.3337 22.99
    endloop
  endfacet
  facet normal -0.842208 0.539153 0
    outer loop
      vertex -19.9553 13.3337 23
      vertex -20.4634 12.54 22.99
      vertex -20.4634 12.54 23
    endloop
  endfacet
  facet normal -0.730874 0.649527 -0.209614
    outer loop
      vertex -14.851 14.5736 8
      vertex -18.2497 15.5868 22.99
      vertex -17.6237 16.2912 22.99
    endloop
  endfacet
  facet normal -0.755232 0.619839 -0.213131
    outer loop
      vertex -14.851 14.5736 8
      vertex -18.8476 14.8583 22.99
      vertex -18.2497 15.5868 22.99
    endloop
  endfacet
  facet normal -0.67788 0.705178 -0.207855
    outer loop
      vertex -14.7178 14.7178 8
      vertex -16.9706 16.9706 22.99
      vertex -16.2912 17.6237 22.99
    endloop
  endfacet
  facet normal -0.799192 0.557253 -0.225302
    outer loop
      vertex -15.0287 14.3389 8
      vertex -19.4164 14.1068 22.99
      vertex -14.9725 14.4195 8
    endloop
  endfacet
  facet normal -0.888275 0.347682 -0.300141
    outer loop
      vertex -15.2955 13.8153 8
      vertex -22.5166 8.30681 22.99
      vertex -22.1731 9.1844 22.99
    endloop
  endfacet
  facet normal -0.523885 -0.819004 -0.234043
    outer loop
      vertex -13.3337 -19.9553 22.99
      vertex -14.3389 -15.0287 8
      vertex -14.2562 -15.0816 8
    endloop
  endfacet
  facet normal -0.619839 -0.755232 -0.213131
    outer loop
      vertex -14.8583 -18.8476 22.99
      vertex -15.5868 -18.2497 22.99
      vertex -14.5736 -14.851 8
    endloop
  endfacet
  facet normal -0.67788 -0.705178 -0.207855
    outer loop
      vertex -16.2912 -17.6237 22.99
      vertex -16.9706 -16.9706 22.99
      vertex -14.7178 -14.7178 8
    endloop
  endfacet
  facet normal -0.677569 -0.705469 -0.207879
    outer loop
      vertex -14.647 -14.7858 8
      vertex -16.2912 -17.6237 22.99
      vertex -14.7178 -14.7178 8
    endloop
  endfacet
  facet normal -0.400785 -0.916172 0
    outer loop
      vertex -10.0478 -21.7954 22.99
      vertex -9.1844 -22.1731 23
      vertex -10.0478 -21.7954 23
    endloop
  endfacet
  facet normal -0.400785 -0.916172 -0
    outer loop
      vertex -9.1844 -22.1731 23
      vertex -10.0478 -21.7954 22.99
      vertex -9.1844 -22.1731 22.99
    endloop
  endfacet
  facet normal -0.273359 -0.901374 -0.335856
    outer loop
      vertex -7.41641 -22.8254 22.99
      vertex -13.6286 -15.3561 8
      vertex -6.51457 -23.0989 22.99
    endloop
  endfacet
  facet normal -0.273994 -0.901295 -0.335551
    outer loop
      vertex -13.685 -15.339 8
      vertex -7.41641 -22.8254 22.99
      vertex -13.7225 -15.3276 8
    endloop
  endfacet
  facet normal -0.273292 -0.901383 -0.335888
    outer loop
      vertex -13.6662 -15.3447 8
      vertex -7.41641 -22.8254 22.99
      vertex -13.685 -15.339 8
    endloop
  endfacet
  facet normal -0.273292 -0.901383 -0.335888
    outer loop
      vertex -7.41641 -22.8254 22.99
      vertex -13.6662 -15.3447 8
      vertex -13.6286 -15.3561 8
    endloop
  endfacet
  facet normal -0.124458 -0.89996 -0.41783
    outer loop
      vertex -3.75443 -23.7045 22.99
      vertex -13.2438 -15.4327 8
      vertex -2.8209 -23.8336 22.99
    endloop
  endfacet
  facet normal -0.124873 -0.900012 -0.417595
    outer loop
      vertex -3.75443 -23.7045 22.99
      vertex -13.3411 -15.4192 8
      vertex -13.2438 -15.4327 8
    endloop
  endfacet
  facet normal -0.0880591 -0.893818 -0.439698
    outer loop
      vertex -2.8209 -23.8336 22.99
      vertex -13.1461 -15.4423 8
      vertex -1.88302 -23.926 22.99
    endloop
  endfacet
  facet normal -0.0522335 -0.885414 -0.46186
    outer loop
      vertex -1.88302 -23.926 22.99
      vertex -13.1461 -15.4423 8
      vertex -0.942235 -23.9815 22.99
    endloop
  endfacet
  facet normal -0.0588909 -0.998264 0
    outer loop
      vertex -1.88302 -23.926 22.99
      vertex -0.942235 -23.9815 23
      vertex -1.88302 -23.926 23
    endloop
  endfacet
  facet normal -0.0588909 -0.998264 -0
    outer loop
      vertex -0.942235 -23.9815 23
      vertex -1.88302 -23.926 22.99
      vertex -0.942235 -23.9815 22.99
    endloop
  endfacet
  facet normal 0.124873 -0.900012 -0.417595
    outer loop
      vertex 13.3411 -15.4192 8
      vertex 3.75443 -23.7045 22.99
      vertex 13.2438 -15.4327 8
    endloop
  endfacet
  facet normal 0.124458 -0.89996 -0.41783
    outer loop
      vertex 3.75443 -23.7045 22.99
      vertex 2.8209 -23.8336 22.99
      vertex 13.2438 -15.4327 8
    endloop
  endfacet
  facet normal 0.273359 -0.901374 -0.335856
    outer loop
      vertex 7.41641 -22.8254 22.99
      vertex 6.51457 -23.0989 22.99
      vertex 13.6286 -15.3561 8
    endloop
  endfacet
  facet normal 0.347902 -0.88822 -0.300048
    outer loop
      vertex 13.9067 -15.2597 8
      vertex 9.1844 -22.1731 22.99
      vertex 13.8153 -15.2955 8
    endloop
  endfacet
  facet normal 0.384037 -0.878497 -0.28418
    outer loop
      vertex 13.9966 -15.2204 8
      vertex 9.1844 -22.1731 22.99
      vertex 13.9067 -15.2597 8
    endloop
  endfacet
  facet normal 0.436315 -0.899794 0
    outer loop
      vertex 10.0478 -21.7954 22.99
      vertex 10.8958 -21.3842 23
      vertex 10.0478 -21.7954 23
    endloop
  endfacet
  facet normal 0.436315 -0.899794 0
    outer loop
      vertex 10.8958 -21.3842 23
      vertex 10.0478 -21.7954 22.99
      vertex 10.8958 -21.3842 22.99
    endloop
  endfacet
  facet normal 0.524189 -0.818832 -0.233968
    outer loop
      vertex 13.3337 -19.9553 22.99
      vertex 12.54 -20.4634 22.99
      vertex 14.2562 -15.0816 8
    endloop
  endfacet
  facet normal 0.490461 -0.836552 -0.244191
    outer loop
      vertex 14.2562 -15.0816 8
      vertex 12.54 -20.4634 22.99
      vertex 14.1716 -15.1312 8
    endloop
  endfacet
  facet normal 0.455802 -0.852473 -0.255997
    outer loop
      vertex 14.1196 -15.159 8
      vertex 10.8958 -21.3842 22.99
      vertex 14.085 -15.1775 8
    endloop
  endfacet
  facet normal 0.453785 -0.853313 -0.25678
    outer loop
      vertex 14.1369 -15.1498 8
      vertex 10.8958 -21.3842 22.99
      vertex 14.1196 -15.159 8
    endloop
  endfacet
  facet normal 0.456736 -0.852083 -0.25563
    outer loop
      vertex 10.8958 -21.3842 22.99
      vertex 14.1369 -15.1498 8
      vertex 14.1716 -15.1312 8
    endloop
  endfacet
  facet normal 0.42047 -0.866422 -0.26929
    outer loop
      vertex 14.085 -15.1775 8
      vertex 10.8958 -21.3842 22.99
      vertex 13.9966 -15.2204 8
    endloop
  endfacet
  facet normal -0.842208 -0.539153 0
    outer loop
      vertex -19.9553 -13.3337 22.99
      vertex -20.4634 -12.54 23
      vertex -20.4634 -12.54 22.99
    endloop
  endfacet
  facet normal -0.842208 -0.539153 0
    outer loop
      vertex -20.4634 -12.54 23
      vertex -19.9553 -13.3337 22.99
      vertex -19.9553 -13.3337 23
    endloop
  endfacet
  facet normal -0.862765 -0.505605 0
    outer loop
      vertex -20.4634 -12.54 22.99
      vertex -20.9399 -11.7269 23
      vertex -20.9399 -11.7269 22.99
    endloop
  endfacet
  facet normal -0.862765 -0.505605 0
    outer loop
      vertex -20.9399 -11.7269 23
      vertex -20.4634 -12.54 22.99
      vertex -20.4634 -12.54 23
    endloop
  endfacet
  facet normal -0.819004 -0.523885 -0.234043
    outer loop
      vertex -15.0287 -14.3389 8
      vertex -19.9553 -13.3337 22.99
      vertex -15.0816 -14.2562 8
    endloop
  endfacet
  facet normal -0.755232 -0.619839 -0.213131
    outer loop
      vertex -18.2497 -15.5868 22.99
      vertex -18.8476 -14.8583 22.99
      vertex -14.851 -14.5736 8
    endloop
  endfacet
  facet normal -0.730874 -0.649527 -0.209614
    outer loop
      vertex -17.6237 -16.2912 22.99
      vertex -18.2497 -15.5868 22.99
      vertex -14.851 -14.5736 8
    endloop
  endfacet
  facet normal -0.705469 -0.677569 -0.207879
    outer loop
      vertex -14.7178 -14.7178 8
      vertex -17.6237 -16.2912 22.99
      vertex -14.7858 -14.647 8
    endloop
  endfacet
  facet normal -0.900012 -0.124873 -0.417595
    outer loop
      vertex -15.4192 -13.3411 8
      vertex -23.7045 -3.75443 22.99
      vertex -15.4327 -13.2438 8
    endloop
  endfacet
  facet normal 0.31072 0.895936 -0.317415
    outer loop
      vertex 13.8153 15.2955 8
      vertex 7.41641 22.8254 22.99
      vertex 8.30681 22.5166 22.99
    endloop
  endfacet
  facet normal 0.175824 0.984422 -0
    outer loop
      vertex 4.68217 23.5388 22.99
      vertex 3.75443 23.7045 23
      vertex 4.68217 23.5388 23
    endloop
  endfacet
  facet normal 0.175824 0.984422 0
    outer loop
      vertex 3.75443 23.7045 23
      vertex 4.68217 23.5388 22.99
      vertex 3.75443 23.7045 22.99
    endloop
  endfacet
  facet normal 0.327664 0.944794 -0
    outer loop
      vertex 8.30681 22.5166 22.99
      vertex 7.41641 22.8254 23
      vertex 8.30681 22.5166 23
    endloop
  endfacet
  facet normal 0.327664 0.944794 0
    outer loop
      vertex 7.41641 22.8254 23
      vertex 8.30681 22.5166 22.99
      vertex 7.41641 22.8254 22.99
    endloop
  endfacet
  facet normal 0.160922 0.90378 -0.396593
    outer loop
      vertex 13.3411 15.4192 8
      vertex 4.68217 23.5388 22.99
      vertex 13.4377 15.402 8
    endloop
  endfacet
  facet normal 0.124458 0.89996 -0.41783
    outer loop
      vertex 13.2438 15.4327 8
      vertex 2.8209 23.8336 22.99
      vertex 3.75443 23.7045 22.99
    endloop
  endfacet
  facet normal 0.124873 0.900012 -0.417595
    outer loop
      vertex 13.2438 15.4327 8
      vertex 3.75443 23.7045 22.99
      vertex 13.3411 15.4192 8
    endloop
  endfacet
  facet normal 0.58894 0.77811 -0.218391
    outer loop
      vertex 14.4977 14.9133 8
      vertex 14.1068 19.4164 22.99
      vertex 14.8583 18.8476 22.99
    endloop
  endfacet
  facet normal 0.693015 0.720923 -0
    outer loop
      vertex 16.9706 16.9706 22.99
      vertex 16.2912 17.6237 23
      vertex 16.9706 16.9706 23
    endloop
  endfacet
  facet normal 0.693015 0.720923 0
    outer loop
      vertex 16.2912 17.6237 23
      vertex 16.9706 16.9706 22.99
      vertex 16.2912 17.6237 22.99
    endloop
  endfacet
  facet normal 0.705178 0.67788 -0.207855
    outer loop
      vertex 17.6237 16.2912 22.99
      vertex 14.7178 14.7178 8
      vertex 16.9706 16.9706 22.99
    endloop
  endfacet
  facet normal 0.720923 0.693015 0
    outer loop
      vertex 17.6237 16.2912 23
      vertex 16.9706 16.9706 22.99
      vertex 16.9706 16.9706 23
    endloop
  endfacet
  facet normal 0.720923 0.693015 0
    outer loop
      vertex 16.9706 16.9706 22.99
      vertex 17.6237 16.2912 23
      vertex 17.6237 16.2912 22.99
    endloop
  endfacet
  facet normal 0.820362 0.571845 0
    outer loop
      vertex 19.9553 13.3337 23
      vertex 19.4164 14.1068 22.99
      vertex 19.4164 14.1068 23
    endloop
  endfacet
  facet normal 0.820362 0.571845 0
    outer loop
      vertex 19.4164 14.1068 22.99
      vertex 19.9553 13.3337 23
      vertex 19.9553 13.3337 22.99
    endloop
  endfacet
  facet normal 0.755232 0.619839 -0.213131
    outer loop
      vertex 18.8476 14.8583 22.99
      vertex 14.851 14.5736 8
      vertex 18.2497 15.5868 22.99
    endloop
  endfacet
  facet normal 0.842208 0.539153 0
    outer loop
      vertex 20.4634 12.54 23
      vertex 19.9553 13.3337 22.99
      vertex 19.9553 13.3337 23
    endloop
  endfacet
  facet normal 0.842208 0.539153 0
    outer loop
      vertex 19.9553 13.3337 22.99
      vertex 20.4634 12.54 23
      vertex 20.4634 12.54 22.99
    endloop
  endfacet
  facet normal 0.878428 0.384274 -0.284072
    outer loop
      vertex 22.1731 9.1844 22.99
      vertex 15.2204 13.9966 8
      vertex 21.7954 10.0478 22.99
    endloop
  endfacet
  facet normal 0.878497 0.384037 -0.28418
    outer loop
      vertex 15.2597 13.9067 8
      vertex 15.2204 13.9966 8
      vertex 22.1731 9.1844 22.99
    endloop
  endfacet
  facet normal 0.899794 0.436315 0
    outer loop
      vertex 21.7954 10.0478 23
      vertex 21.3842 10.8958 22.99
      vertex 21.3842 10.8958 23
    endloop
  endfacet
  facet normal 0.899794 0.436315 0
    outer loop
      vertex 21.3842 10.8958 22.99
      vertex 21.7954 10.0478 23
      vertex 21.7954 10.0478 22.99
    endloop
  endfacet
  facet normal 0.976781 0.21424 0
    outer loop
      vertex 23.5388 4.68217 23
      vertex 23.3369 5.60269 22.99
      vertex 23.3369 5.60269 23
    endloop
  endfacet
  facet normal 0.976781 0.21424 0
    outer loop
      vertex 23.3369 5.60269 22.99
      vertex 23.5388 4.68217 23
      vertex 23.5388 4.68217 22.99
    endloop
  endfacet
  facet normal 0.967587 0.252539 0
    outer loop
      vertex 23.3369 5.60269 23
      vertex 23.0989 6.51457 22.99
      vertex 23.0989 6.51457 23
    endloop
  endfacet
  facet normal 0.967587 0.252539 0
    outer loop
      vertex 23.0989 6.51457 22.99
      vertex 23.3369 5.60269 23
      vertex 23.3369 5.60269 22.99
    endloop
  endfacet
  facet normal 0.866422 0.42047 -0.26929
    outer loop
      vertex 15.2204 13.9966 8
      vertex 15.1775 14.085 8
      vertex 21.3842 10.8958 22.99
    endloop
  endfacet
  facet normal 0.888275 0.347682 -0.300141
    outer loop
      vertex 22.5166 8.30681 22.99
      vertex 15.2955 13.8153 8
      vertex 22.1731 9.1844 22.99
    endloop
  endfacet
  facet normal 0.900012 0.124873 -0.417595
    outer loop
      vertex 15.4327 13.2438 8
      vertex 15.4192 13.3411 8
      vertex 23.7045 3.75443 22.99
    endloop
  endfacet
  facet normal 0.984422 0.175824 0
    outer loop
      vertex 23.7045 3.75443 23
      vertex 23.5388 4.68217 22.99
      vertex 23.5388 4.68217 23
    endloop
  endfacet
  facet normal 0.984422 0.175824 0
    outer loop
      vertex 23.5388 4.68217 22.99
      vertex 23.7045 3.75443 23
      vertex 23.7045 3.75443 22.99
    endloop
  endfacet
  facet normal -0.0891741 0.894028 -0.439047
    outer loop
      vertex -13.1852 15.4384 8
      vertex -2.8209 23.8336 22.99
      vertex -13.1461 15.4423 8
    endloop
  endfacet
  facet normal -0.086619 0.893543 -0.440542
    outer loop
      vertex -13.2048 15.4365 8
      vertex -2.8209 23.8336 22.99
      vertex -13.1852 15.4384 8
    endloop
  endfacet
  facet normal -0.0870716 0.89363 -0.440277
    outer loop
      vertex -2.8209 23.8336 22.99
      vertex -13.2048 15.4365 8
      vertex -13.2438 15.4327 8
    endloop
  endfacet
  facet normal -0.199193 0.905337 -0.375084
    outer loop
      vertex -13.4377 15.402 8
      vertex -13.5336 15.3809 8
      vertex -4.68217 23.5388 22.99
    endloop
  endfacet
  facet normal -0.160922 0.90378 -0.396593
    outer loop
      vertex -13.3411 15.4192 8
      vertex -13.4377 15.402 8
      vertex -4.68217 23.5388 22.99
    endloop
  endfacet
  facet normal -0.273359 0.901374 -0.335856
    outer loop
      vertex -6.51457 23.0989 22.99
      vertex -13.6286 15.3561 8
      vertex -7.41641 22.8254 22.99
    endloop
  endfacet
  facet normal -0.136989 0.990573 0
    outer loop
      vertex -2.8209 23.8336 22.99
      vertex -3.75443 23.7045 23
      vertex -2.8209 23.8336 23
    endloop
  endfacet
  facet normal -0.136989 0.990573 0
    outer loop
      vertex -3.75443 23.7045 23
      vertex -2.8209 23.8336 22.99
      vertex -3.75443 23.7045 22.99
    endloop
  endfacet
  facet normal -0.436315 0.899794 0
    outer loop
      vertex -10.0478 21.7954 22.99
      vertex -10.8958 21.3842 23
      vertex -10.0478 21.7954 23
    endloop
  endfacet
  facet normal -0.436315 0.899794 0
    outer loop
      vertex -10.8958 21.3842 23
      vertex -10.0478 21.7954 22.99
      vertex -10.8958 21.3842 22.99
    endloop
  endfacet
  facet normal -0.42047 0.866422 -0.26929
    outer loop
      vertex -13.9966 15.2204 8
      vertex -14.085 15.1775 8
      vertex -10.8958 21.3842 22.99
    endloop
  endfacet
  facet normal -0.420185 0.866529 -0.269393
    outer loop
      vertex -10.0478 21.7954 22.99
      vertex -13.9966 15.2204 8
      vertex -10.8958 21.3842 22.99
    endloop
  endfacet
  facet normal -0.45574 0.852499 -0.256022
    outer loop
      vertex -10.8958 21.3842 22.99
      vertex -14.1716 15.1312 8
      vertex -11.7269 20.9399 22.99
    endloop
  endfacet
  facet normal -0.490293 0.836636 -0.244239
    outer loop
      vertex -11.7269 20.9399 22.99
      vertex -14.1716 15.1312 8
      vertex -12.54 20.4634 22.99
    endloop
  endfacet
  facet normal -0.557253 0.799192 -0.225302
    outer loop
      vertex -14.3389 15.0287 8
      vertex -14.4195 14.9725 8
      vertex -14.1068 19.4164 22.99
    endloop
  endfacet
  facet normal -0.524189 0.818832 -0.233968
    outer loop
      vertex -12.54 20.4634 22.99
      vertex -14.2562 15.0816 8
      vertex -13.3337 19.9553 22.99
    endloop
  endfacet
  facet normal -0.0588909 0.998264 0
    outer loop
      vertex -0.942235 23.9815 22.99
      vertex -1.88302 23.926 23
      vertex -0.942235 23.9815 23
    endloop
  endfacet
  facet normal -0.0588909 0.998264 0
    outer loop
      vertex -1.88302 23.926 23
      vertex -0.942235 23.9815 22.99
      vertex -1.88302 23.926 22.99
    endloop
  endfacet
  facet normal -0.905324 0.198567 -0.375446
    outer loop
      vertex -15.3809 13.5336 8
      vertex -23.5388 4.68217 22.99
      vertex -23.3369 5.60269 22.99
    endloop
  endfacet
  facet normal -0.903811 0.161426 -0.396318
    outer loop
      vertex -15.4192 13.3411 8
      vertex -23.7045 3.75443 22.99
      vertex -23.5388 4.68217 22.99
    endloop
  endfacet
  facet normal -0.900012 0.124873 -0.417595
    outer loop
      vertex -15.4327 13.2438 8
      vertex -23.7045 3.75443 22.99
      vertex -15.4192 13.3411 8
    endloop
  endfacet
  facet normal -0.967587 0.252539 0
    outer loop
      vertex -23.3369 5.60269 22.99
      vertex -23.0989 6.51457 23
      vertex -23.0989 6.51457 22.99
    endloop
  endfacet
  facet normal -0.967587 0.252539 0
    outer loop
      vertex -23.0989 6.51457 23
      vertex -23.3369 5.60269 22.99
      vertex -23.3369 5.60269 23
    endloop
  endfacet
  facet normal -0.998264 0.0588909 0
    outer loop
      vertex -23.9815 0.942235 22.99
      vertex -23.926 1.88302 23
      vertex -23.926 1.88302 22.99
    endloop
  endfacet
  facet normal -0.998264 0.0588909 0
    outer loop
      vertex -23.926 1.88302 23
      vertex -23.9815 0.942235 22.99
      vertex -23.9815 0.942235 23
    endloop
  endfacet
  facet normal -0.862765 0.505605 0
    outer loop
      vertex -20.9399 11.7269 22.99
      vertex -20.4634 12.54 23
      vertex -20.4634 12.54 22.99
    endloop
  endfacet
  facet normal -0.862765 0.505605 0
    outer loop
      vertex -20.4634 12.54 23
      vertex -20.9399 11.7269 22.99
      vertex -20.9399 11.7269 23
    endloop
  endfacet
  facet normal -0.820362 0.571845 0
    outer loop
      vertex -19.9553 13.3337 22.99
      vertex -19.4164 14.1068 23
      vertex -19.4164 14.1068 22.99
    endloop
  endfacet
  facet normal -0.820362 0.571845 0
    outer loop
      vertex -19.4164 14.1068 23
      vertex -19.9553 13.3337 22.99
      vertex -19.9553 13.3337 23
    endloop
  endfacet
  facet normal -0.797357 0.603508 0
    outer loop
      vertex -19.4164 14.1068 22.99
      vertex -18.8476 14.8583 23
      vertex -18.8476 14.8583 22.99
    endloop
  endfacet
  facet normal -0.797357 0.603508 0
    outer loop
      vertex -18.8476 14.8583 23
      vertex -19.4164 14.1068 22.99
      vertex -19.4164 14.1068 23
    endloop
  endfacet
  facet normal -0.731023 0.649356 -0.209623
    outer loop
      vertex -14.851 14.5736 8
      vertex -17.6237 16.2912 22.99
      vertex -14.7858 14.647 8
    endloop
  endfacet
  facet normal -0.705469 0.677569 -0.207879
    outer loop
      vertex -14.7858 14.647 8
      vertex -17.6237 16.2912 22.99
      vertex -14.7178 14.7178 8
    endloop
  endfacet
  facet normal -0.677569 0.705469 -0.207879
    outer loop
      vertex -14.7178 14.7178 8
      vertex -16.2912 17.6237 22.99
      vertex -14.647 14.7858 8
    endloop
  endfacet
  facet normal -0.649356 0.731023 -0.209623
    outer loop
      vertex -14.647 14.7858 8
      vertex -16.2912 17.6237 22.99
      vertex -14.5736 14.851 8
    endloop
  endfacet
  facet normal 0 0 1
    outer loop
      vertex -15.3447 13.6662 8
      vertex -15.3276 13.7225 8
      vertex -15.339 13.685 8
    endloop
  endfacet
  facet normal 0 0 1
    outer loop
      vertex -15.3561 13.6286 8
      vertex -15.3276 13.7225 8
      vertex -15.3447 13.6662 8
    endloop
  endfacet
  facet normal -0.901348 0.273572 -0.335754
    outer loop
      vertex -15.3276 13.7225 8
      vertex -15.3561 13.6286 8
      vertex -22.8254 7.41641 22.99
    endloop
  endfacet
  facet normal -0.896063 0.309953 -0.317806
    outer loop
      vertex -15.3276 13.7225 8
      vertex -22.8254 7.41641 22.99
      vertex -15.2955 13.8153 8
    endloop
  endfacet
  facet normal -0.88822 0.347902 -0.300048
    outer loop
      vertex -15.2955 13.8153 8
      vertex -22.1731 9.1844 22.99
      vertex -15.2597 13.9067 8
    endloop
  endfacet
  facet normal -0.878497 0.384037 -0.28418
    outer loop
      vertex -15.2597 13.9067 8
      vertex -22.1731 9.1844 22.99
      vertex -15.2204 13.9966 8
    endloop
  endfacet
  facet normal -0.436315 -0.899794 0
    outer loop
      vertex -10.8958 -21.3842 22.99
      vertex -10.0478 -21.7954 23
      vertex -10.8958 -21.3842 23
    endloop
  endfacet
  facet normal -0.436315 -0.899794 -0
    outer loop
      vertex -10.0478 -21.7954 23
      vertex -10.8958 -21.3842 22.99
      vertex -10.0478 -21.7954 22.99
    endloop
  endfacet
  facet normal -0.471453 -0.881891 0
    outer loop
      vertex -11.7269 -20.9399 22.99
      vertex -10.8958 -21.3842 23
      vertex -11.7269 -20.9399 23
    endloop
  endfacet
  facet normal -0.471453 -0.881891 -0
    outer loop
      vertex -10.8958 -21.3842 23
      vertex -11.7269 -20.9399 22.99
      vertex -10.8958 -21.3842 22.99
    endloop
  endfacet
  facet normal -0.634416 -0.772992 0
    outer loop
      vertex -15.5868 -18.2497 22.99
      vertex -14.8583 -18.8476 23
      vertex -15.5868 -18.2497 23
    endloop
  endfacet
  facet normal -0.634416 -0.772992 -0
    outer loop
      vertex -14.8583 -18.8476 23
      vertex -15.5868 -18.2497 22.99
      vertex -14.8583 -18.8476 22.99
    endloop
  endfacet
  facet normal -0.490461 -0.836552 -0.244191
    outer loop
      vertex -12.54 -20.4634 22.99
      vertex -14.2562 -15.0816 8
      vertex -14.1716 -15.1312 8
    endloop
  endfacet
  facet normal -0.649356 -0.731023 -0.209623
    outer loop
      vertex -14.5736 -14.851 8
      vertex -16.2912 -17.6237 22.99
      vertex -14.647 -14.7858 8
    endloop
  endfacet
  facet normal -0.347902 -0.88822 -0.300048
    outer loop
      vertex -9.1844 -22.1731 22.99
      vertex -13.9067 -15.2597 8
      vertex -13.8153 -15.2955 8
    endloop
  endfacet
  facet normal -0.384037 -0.878497 -0.28418
    outer loop
      vertex -9.1844 -22.1731 22.99
      vertex -13.9966 -15.2204 8
      vertex -13.9067 -15.2597 8
    endloop
  endfacet
  facet normal 0.160922 -0.90378 -0.396593
    outer loop
      vertex 13.4377 -15.402 8
      vertex 4.68217 -23.5388 22.99
      vertex 13.3411 -15.4192 8
    endloop
  endfacet
  facet normal 0.309953 -0.896063 -0.317806
    outer loop
      vertex 13.8153 -15.2955 8
      vertex 7.41641 -22.8254 22.99
      vertex 13.7225 -15.3276 8
    endloop
  endfacet
  facet normal 0.273292 -0.901383 -0.335888
    outer loop
      vertex 13.6662 -15.3447 8
      vertex 7.41641 -22.8254 22.99
      vertex 13.6286 -15.3561 8
    endloop
  endfacet
  facet normal 0.273292 -0.901383 -0.335888
    outer loop
      vertex 13.685 -15.339 8
      vertex 7.41641 -22.8254 22.99
      vertex 13.6662 -15.3447 8
    endloop
  endfacet
  facet normal 0.273994 -0.901295 -0.335551
    outer loop
      vertex 7.41641 -22.8254 22.99
      vertex 13.685 -15.339 8
      vertex 13.7225 -15.3276 8
    endloop
  endfacet
  facet normal -0.984422 -0.175824 0
    outer loop
      vertex -23.5388 -4.68217 22.99
      vertex -23.7045 -3.75443 23
      vertex -23.7045 -3.75443 22.99
    endloop
  endfacet
  facet normal -0.984422 -0.175824 0
    outer loop
      vertex -23.7045 -3.75443 23
      vertex -23.5388 -4.68217 22.99
      vertex -23.5388 -4.68217 23
    endloop
  endfacet
  facet normal -0.990573 -0.136989 0
    outer loop
      vertex -23.7045 -3.75443 22.99
      vertex -23.8336 -2.8209 23
      vertex -23.8336 -2.8209 22.99
    endloop
  endfacet
  facet normal -0.990573 -0.136989 0
    outer loop
      vertex -23.8336 -2.8209 23
      vertex -23.7045 -3.75443 22.99
      vertex -23.7045 -3.75443 23
    endloop
  endfacet
  facet normal 0.290216 0.956961 -0
    outer loop
      vertex 7.41641 22.8254 22.99
      vertex 6.51457 23.0989 23
      vertex 7.41641 22.8254 23
    endloop
  endfacet
  facet normal 0.290216 0.956961 0
    outer loop
      vertex 6.51457 23.0989 23
      vertex 7.41641 22.8254 22.99
      vertex 6.51457 23.0989 22.99
    endloop
  endfacet
  facet normal 0.309953 0.896063 -0.317806
    outer loop
      vertex 13.7225 15.3276 8
      vertex 7.41641 22.8254 22.99
      vertex 13.8153 15.2955 8
    endloop
  endfacet
  facet normal 0.436315 0.899794 -0
    outer loop
      vertex 10.8958 21.3842 22.99
      vertex 10.0478 21.7954 23
      vertex 10.8958 21.3842 23
    endloop
  endfacet
  facet normal 0.436315 0.899794 0
    outer loop
      vertex 10.0478 21.7954 23
      vertex 10.8958 21.3842 22.99
      vertex 10.0478 21.7954 22.99
    endloop
  endfacet
  facet normal 0.471453 0.881891 -0
    outer loop
      vertex 11.7269 20.9399 22.99
      vertex 10.8958 21.3842 23
      vertex 11.7269 20.9399 23
    endloop
  endfacet
  facet normal 0.471453 0.881891 0
    outer loop
      vertex 10.8958 21.3842 23
      vertex 11.7269 20.9399 22.99
      vertex 10.8958 21.3842 22.99
    endloop
  endfacet
  facet normal 0.505605 0.862765 -0
    outer loop
      vertex 12.54 20.4634 22.99
      vertex 11.7269 20.9399 23
      vertex 12.54 20.4634 23
    endloop
  endfacet
  facet normal 0.505605 0.862765 0
    outer loop
      vertex 11.7269 20.9399 23
      vertex 12.54 20.4634 22.99
      vertex 11.7269 20.9399 22.99
    endloop
  endfacet
  facet normal 0.557139 0.799265 -0.225325
    outer loop
      vertex 14.3389 15.0287 8
      vertex 13.3337 19.9553 22.99
      vertex 14.1068 19.4164 22.99
    endloop
  endfacet
  facet normal 0.557253 0.799192 -0.225302
    outer loop
      vertex 14.3389 15.0287 8
      vertex 14.1068 19.4164 22.99
      vertex 14.4195 14.9725 8
    endloop
  endfacet
  facet normal 0.589015 0.778058 -0.218374
    outer loop
      vertex 14.4195 14.9725 8
      vertex 14.1068 19.4164 22.99
      vertex 14.4977 14.9133 8
    endloop
  endfacet
  facet normal 0.620327 0.754856 -0.21304
    outer loop
      vertex 14.5433 14.8759 8
      vertex 14.8583 18.8476 22.99
      vertex 14.5736 14.851 8
    endloop
  endfacet
  facet normal 0.620598 0.754648 -0.21299
    outer loop
      vertex 14.5281 14.8884 8
      vertex 14.8583 18.8476 22.99
      vertex 14.5433 14.8759 8
    endloop
  endfacet
  facet normal 0.619076 0.755819 -0.213266
    outer loop
      vertex 14.8583 18.8476 22.99
      vertex 14.5281 14.8884 8
      vertex 14.4977 14.9133 8
    endloop
  endfacet
  facet normal 0.634416 0.772992 -0
    outer loop
      vertex 15.5868 18.2497 22.99
      vertex 14.8583 18.8476 23
      vertex 15.5868 18.2497 23
    endloop
  endfacet
  facet normal 0.634416 0.772992 0
    outer loop
      vertex 14.8583 18.8476 23
      vertex 15.5868 18.2497 22.99
      vertex 14.8583 18.8476 22.99
    endloop
  endfacet
  facet normal 0.664285 0.74748 -0
    outer loop
      vertex 16.2912 17.6237 22.99
      vertex 15.5868 18.2497 23
      vertex 16.2912 17.6237 23
    endloop
  endfacet
  facet normal 0.664285 0.74748 0
    outer loop
      vertex 15.5868 18.2497 23
      vertex 16.2912 17.6237 22.99
      vertex 15.5868 18.2497 22.99
    endloop
  endfacet
  facet normal 0.677569 0.705469 -0.207879
    outer loop
      vertex 14.7178 14.7178 8
      vertex 14.647 14.7858 8
      vertex 16.2912 17.6237 22.99
    endloop
  endfacet
  facet normal 0.731023 0.649356 -0.209623
    outer loop
      vertex 14.851 14.5736 8
      vertex 14.7858 14.647 8
      vertex 17.6237 16.2912 22.99
    endloop
  endfacet
  facet normal 0.705469 0.677569 -0.207879
    outer loop
      vertex 14.7858 14.647 8
      vertex 14.7178 14.7178 8
      vertex 17.6237 16.2912 22.99
    endloop
  endfacet
  facet normal 0.818832 0.524189 -0.233968
    outer loop
      vertex 20.4634 12.54 22.99
      vertex 15.0816 14.2562 8
      vertex 19.9553 13.3337 22.99
    endloop
  endfacet
  facet normal 0.819004 0.523885 -0.234043
    outer loop
      vertex 15.0816 14.2562 8
      vertex 15.0287 14.3389 8
      vertex 19.9553 13.3337 22.99
    endloop
  endfacet
  facet normal 0.730874 0.649527 -0.209614
    outer loop
      vertex 18.2497 15.5868 22.99
      vertex 14.851 14.5736 8
      vertex 17.6237 16.2912 22.99
    endloop
  endfacet
  facet normal 0.772992 0.634416 0
    outer loop
      vertex 18.8476 14.8583 23
      vertex 18.2497 15.5868 22.99
      vertex 18.2497 15.5868 23
    endloop
  endfacet
  facet normal 0.772992 0.634416 0
    outer loop
      vertex 18.2497 15.5868 22.99
      vertex 18.8476 14.8583 23
      vertex 18.8476 14.8583 22.99
    endloop
  endfacet
  facet normal 0.797357 0.603508 0
    outer loop
      vertex 19.4164 14.1068 23
      vertex 18.8476 14.8583 22.99
      vertex 18.8476 14.8583 23
    endloop
  endfacet
  facet normal 0.797357 0.603508 0
    outer loop
      vertex 18.8476 14.8583 22.99
      vertex 19.4164 14.1068 23
      vertex 19.4164 14.1068 22.99
    endloop
  endfacet
  facet normal 0.77811 0.58894 -0.218391
    outer loop
      vertex 19.4164 14.1068 22.99
      vertex 14.9133 14.4977 8
      vertex 18.8476 14.8583 22.99
    endloop
  endfacet
  facet normal 0.778058 0.589015 -0.218374
    outer loop
      vertex 14.9725 14.4195 8
      vertex 14.9133 14.4977 8
      vertex 19.4164 14.1068 22.99
    endloop
  endfacet
  facet normal 0.799192 0.557253 -0.225302
    outer loop
      vertex 15.0287 14.3389 8
      vertex 14.9725 14.4195 8
      vertex 19.4164 14.1068 22.99
    endloop
  endfacet
  facet normal 0.903811 0.161426 -0.396318
    outer loop
      vertex 23.7045 3.75443 22.99
      vertex 15.4192 13.3411 8
      vertex 23.5388 4.68217 22.99
    endloop
  endfacet
  facet normal 0.9045 0.236122 -0.355142
    outer loop
      vertex 15.3809 13.5336 8
      vertex 15.3561 13.6286 8
      vertex 23.0989 6.51457 22.99
    endloop
  endfacet
  facet normal 0.956961 0.290216 0
    outer loop
      vertex 23.0989 6.51457 23
      vertex 22.8254 7.41641 22.99
      vertex 22.8254 7.41641 23
    endloop
  endfacet
  facet normal 0.956961 0.290216 0
    outer loop
      vertex 22.8254 7.41641 22.99
      vertex 23.0989 6.51457 23
      vertex 23.0989 6.51457 22.99
    endloop
  endfacet
  facet normal 0.836552 0.490461 -0.244191
    outer loop
      vertex 15.1312 14.1716 8
      vertex 15.0816 14.2562 8
      vertex 20.4634 12.54 22.99
    endloop
  endfacet
  facet normal 0.836636 0.490293 -0.244239
    outer loop
      vertex 20.9399 11.7269 22.99
      vertex 15.1312 14.1716 8
      vertex 20.4634 12.54 22.99
    endloop
  endfacet
  facet normal 0.896063 0.309953 -0.317806
    outer loop
      vertex 15.3276 13.7225 8
      vertex 15.2955 13.8153 8
      vertex 22.8254 7.41641 22.99
    endloop
  endfacet
  facet normal 0.998264 0.0588909 0
    outer loop
      vertex 23.9815 0.942235 23
      vertex 23.926 1.88302 22.99
      vertex 23.926 1.88302 23
    endloop
  endfacet
  facet normal 0.998264 0.0588909 0
    outer loop
      vertex 23.926 1.88302 22.99
      vertex 23.9815 0.942235 23
      vertex 23.9815 0.942235 22.99
    endloop
  endfacet
  facet normal 0.990573 0.136989 0
    outer loop
      vertex 23.8336 2.8209 23
      vertex 23.7045 3.75443 22.99
      vertex 23.7045 3.75443 23
    endloop
  endfacet
  facet normal 0.990573 0.136989 0
    outer loop
      vertex 23.7045 3.75443 22.99
      vertex 23.8336 2.8209 23
      vertex 23.8336 2.8209 22.99
    endloop
  endfacet
  facet normal 0.901374 0.273359 -0.335856
    outer loop
      vertex 23.0989 6.51457 22.99
      vertex 15.3561 13.6286 8
      vertex 22.8254 7.41641 22.99
    endloop
  endfacet
  facet normal 0.904503 0.236075 -0.355166
    outer loop
      vertex 23.3369 5.60269 22.99
      vertex 15.3809 13.5336 8
      vertex 23.0989 6.51457 22.99
    endloop
  endfacet
  facet normal 0.905324 0.198567 -0.375446
    outer loop
      vertex 23.5388 4.68217 22.99
      vertex 15.3809 13.5336 8
      vertex 23.3369 5.60269 22.99
    endloop
  endfacet
  facet normal -0.309953 0.896063 -0.317806
    outer loop
      vertex -13.7225 15.3276 8
      vertex -13.8153 15.2955 8
      vertex -7.41641 22.8254 22.99
    endloop
  endfacet
  facet normal -0.273292 0.901383 -0.335888
    outer loop
      vertex -13.6662 15.3447 8
      vertex -7.41641 22.8254 22.99
      vertex -13.6286 15.3561 8
    endloop
  endfacet
  facet normal -0.273292 0.901383 -0.335888
    outer loop
      vertex -13.685 15.339 8
      vertex -7.41641 22.8254 22.99
      vertex -13.6662 15.3447 8
    endloop
  endfacet
  facet normal -0.273994 0.901295 -0.335551
    outer loop
      vertex -7.41641 22.8254 22.99
      vertex -13.685 15.339 8
      vertex -13.7225 15.3276 8
    endloop
  endfacet
  facet normal -0.347902 0.88822 -0.300048
    outer loop
      vertex -13.8153 15.2955 8
      vertex -13.9067 15.2597 8
      vertex -9.1844 22.1731 22.99
    endloop
  endfacet
  facet normal -0.557139 0.799265 -0.225325
    outer loop
      vertex -13.3337 19.9553 22.99
      vertex -14.3389 15.0287 8
      vertex -14.1068 19.4164 22.99
    endloop
  endfacet
  facet normal -0.523885 0.819004 -0.234043
    outer loop
      vertex -14.2562 15.0816 8
      vertex -14.3389 15.0287 8
      vertex -13.3337 19.9553 22.99
    endloop
  endfacet
  facet normal -0.90378 0.160922 -0.396593
    outer loop
      vertex -15.4192 13.3411 8
      vertex -23.5388 4.68217 22.99
      vertex -15.402 13.4377 8
    endloop
  endfacet
  facet normal -0.905337 0.199193 -0.375084
    outer loop
      vertex -15.402 13.4377 8
      vertex -23.5388 4.68217 22.99
      vertex -15.3809 13.5336 8
    endloop
  endfacet
  facet normal -0.976781 0.21424 0
    outer loop
      vertex -23.5388 4.68217 22.99
      vertex -23.3369 5.60269 23
      vertex -23.3369 5.60269 22.99
    endloop
  endfacet
  facet normal -0.976781 0.21424 0
    outer loop
      vertex -23.3369 5.60269 23
      vertex -23.5388 4.68217 22.99
      vertex -23.5388 4.68217 23
    endloop
  endfacet
  facet normal -0.885414 0.0522335 -0.46186
    outer loop
      vertex -15.4423 13.1461 8
      vertex -23.9815 0.942235 22.99
      vertex -23.926 1.88302 22.99
    endloop
  endfacet
  facet normal -0.999807 0.0196304 0
    outer loop
      vertex -24 0 22.99
      vertex -23.9815 0.942235 23
      vertex -23.9815 0.942235 22.99
    endloop
  endfacet
  facet normal -0.999807 0.0196304 0
    outer loop
      vertex -23.9815 0.942235 23
      vertex -24 0 22.99
      vertex -24 0 23
    endloop
  endfacet
  facet normal 0 0 1
    outer loop
      vertex -15.159 14.1196 8
      vertex -15.1312 14.1716 8
      vertex -15.1498 14.1369 8
    endloop
  endfacet
  facet normal 0 0 -1
    outer loop
      vertex -15.1775 14.085 8
      vertex -15.1312 14.1716 8
      vertex -15.159 14.1196 8
    endloop
  endfacet
  facet normal -0.852485 0.455774 -0.256008
    outer loop
      vertex -15.1312 14.1716 8
      vertex -15.1775 14.085 8
      vertex -21.3842 10.8958 22.99
    endloop
  endfacet
  facet normal -0.836552 0.490461 -0.244191
    outer loop
      vertex -15.1312 14.1716 8
      vertex -20.4634 12.54 22.99
      vertex -15.0816 14.2562 8
    endloop
  endfacet
  facet normal -0.818832 0.524189 -0.233968
    outer loop
      vertex -15.0816 14.2562 8
      vertex -20.4634 12.54 22.99
      vertex -19.9553 13.3337 22.99
    endloop
  endfacet
  facet normal -0.456736 -0.852083 -0.25563
    outer loop
      vertex -14.1369 -15.1498 8
      vertex -10.8958 -21.3842 22.99
      vertex -14.1716 -15.1312 8
    endloop
  endfacet
  facet normal -0.453785 -0.853313 -0.25678
    outer loop
      vertex -14.1196 -15.159 8
      vertex -10.8958 -21.3842 22.99
      vertex -14.1369 -15.1498 8
    endloop
  endfacet
  facet normal -0.455802 -0.852473 -0.255997
    outer loop
      vertex -10.8958 -21.3842 22.99
      vertex -14.1196 -15.159 8
      vertex -14.085 -15.1775 8
    endloop
  endfacet
  facet normal -0.420185 -0.866529 -0.269393
    outer loop
      vertex -10.8958 -21.3842 22.99
      vertex -13.9966 -15.2204 8
      vertex -10.0478 -21.7954 22.99
    endloop
  endfacet
  facet normal 0.199193 -0.905337 -0.375084
    outer loop
      vertex 13.5336 -15.3809 8
      vertex 4.68217 -23.5388 22.99
      vertex 13.4377 -15.402 8
    endloop
  endfacet
  facet normal 0.236122 0.9045 -0.355142
    outer loop
      vertex 13.5336 15.3809 8
      vertex 6.51457 23.0989 22.99
      vertex 13.6286 15.3561 8
    endloop
  endfacet
  facet normal 0.273359 0.901374 -0.335856
    outer loop
      vertex 13.6286 15.3561 8
      vertex 6.51457 23.0989 22.99
      vertex 7.41641 22.8254 22.99
    endloop
  endfacet
  facet normal 0.347682 0.888275 -0.300141
    outer loop
      vertex 13.8153 15.2955 8
      vertex 8.30681 22.5166 22.99
      vertex 9.1844 22.1731 22.99
    endloop
  endfacet
  facet normal 0.347902 0.88822 -0.300048
    outer loop
      vertex 13.8153 15.2955 8
      vertex 9.1844 22.1731 22.99
      vertex 13.9067 15.2597 8
    endloop
  endfacet
  facet normal 0.420185 0.866529 -0.269393
    outer loop
      vertex 13.9966 15.2204 8
      vertex 10.0478 21.7954 22.99
      vertex 10.8958 21.3842 22.99
    endloop
  endfacet
  facet normal 0.571845 0.820362 -0
    outer loop
      vertex 14.1068 19.4164 22.99
      vertex 13.3337 19.9553 23
      vertex 14.1068 19.4164 23
    endloop
  endfacet
  facet normal 0.571845 0.820362 0
    outer loop
      vertex 13.3337 19.9553 23
      vertex 14.1068 19.4164 22.99
      vertex 13.3337 19.9553 22.99
    endloop
  endfacet
  facet normal 0.524189 0.818832 -0.233968
    outer loop
      vertex 14.2562 15.0816 8
      vertex 12.54 20.4634 22.99
      vertex 13.3337 19.9553 22.99
    endloop
  endfacet
  facet normal 0.649527 0.730874 -0.209614
    outer loop
      vertex 16.2912 17.6237 22.99
      vertex 14.5736 14.851 8
      vertex 15.5868 18.2497 22.99
    endloop
  endfacet
  facet normal 0.619839 0.755232 -0.213131
    outer loop
      vertex 15.5868 18.2497 22.99
      vertex 14.5736 14.851 8
      vertex 14.8583 18.8476 22.99
    endloop
  endfacet
  facet normal 0 0 1
    outer loop
      vertex 15.1312 14.1716 8
      vertex 15.159 14.1196 8
      vertex 15.1498 14.1369 8
    endloop
  endfacet
  facet normal 0 0 -1
    outer loop
      vertex 15.1312 14.1716 8
      vertex 15.1775 14.085 8
      vertex 15.159 14.1196 8
    endloop
  endfacet
  facet normal 0.852485 0.455774 -0.256008
    outer loop
      vertex 15.1775 14.085 8
      vertex 15.1312 14.1716 8
      vertex 21.3842 10.8958 22.99
    endloop
  endfacet
  facet normal 0.88822 0.347902 -0.300048
    outer loop
      vertex 15.2955 13.8153 8
      vertex 15.2597 13.9067 8
      vertex 22.1731 9.1844 22.99
    endloop
  endfacet
  facet normal 0.931208 0.364487 0
    outer loop
      vertex 22.5166 8.30681 23
      vertex 22.1731 9.1844 22.99
      vertex 22.1731 9.1844 23
    endloop
  endfacet
  facet normal 0.931208 0.364487 0
    outer loop
      vertex 22.1731 9.1844 22.99
      vertex 22.5166 8.30681 23
      vertex 22.5166 8.30681 22.99
    endloop
  endfacet
  facet normal 0.944794 0.327664 0
    outer loop
      vertex 22.8254 7.41641 23
      vertex 22.5166 8.30681 22.99
      vertex 22.5166 8.30681 23
    endloop
  endfacet
  facet normal 0.944794 0.327664 0
    outer loop
      vertex 22.5166 8.30681 22.99
      vertex 22.8254 7.41641 23
      vertex 22.8254 7.41641 22.99
    endloop
  endfacet
  facet normal 0.885414 0.0522335 -0.46186
    outer loop
      vertex 23.9815 0.942235 22.99
      vertex 15.4423 13.1461 8
      vertex 23.926 1.88302 22.99
    endloop
  endfacet
  facet normal 0.885462 0.0524049 -0.461747
    outer loop
      vertex 15.4481 13.0481 8
      vertex 15.4423 13.1461 8
      vertex 23.9815 0.942235 22.99
    endloop
  endfacet
  facet normal 0 0 1
    outer loop
      vertex 15.3276 13.7225 8
      vertex 15.3447 13.6662 8
      vertex 15.339 13.685 8
    endloop
  endfacet
  facet normal 0 0 1
    outer loop
      vertex 15.3276 13.7225 8
      vertex 15.3561 13.6286 8
      vertex 15.3447 13.6662 8
    endloop
  endfacet
  facet normal 0.901348 0.273572 -0.335754
    outer loop
      vertex 15.3561 13.6286 8
      vertex 15.3276 13.7225 8
      vertex 22.8254 7.41641 22.99
    endloop
  endfacet
  facet normal 0.995182 0.0980454 0
    outer loop
      vertex 23.926 1.88302 23
      vertex 23.8336 2.8209 22.99
      vertex 23.8336 2.8209 23
    endloop
  endfacet
  facet normal 0.995182 0.0980454 0
    outer loop
      vertex 23.8336 2.8209 22.99
      vertex 23.926 1.88302 23
      vertex 23.926 1.88302 22.99
    endloop
  endfacet
  facet normal 0.905337 0.199193 -0.375084
    outer loop
      vertex 15.402 13.4377 8
      vertex 15.3809 13.5336 8
      vertex 23.5388 4.68217 22.99
    endloop
  endfacet
  facet normal 0.90378 0.160922 -0.396593
    outer loop
      vertex 15.4192 13.3411 8
      vertex 15.402 13.4377 8
      vertex 23.5388 4.68217 22.99
    endloop
  endfacet
  facet normal -0.471453 0.881891 0
    outer loop
      vertex -10.8958 21.3842 22.99
      vertex -11.7269 20.9399 23
      vertex -10.8958 21.3842 23
    endloop
  endfacet
  facet normal -0.471453 0.881891 0
    outer loop
      vertex -11.7269 20.9399 23
      vertex -10.8958 21.3842 22.99
      vertex -11.7269 20.9399 22.99
    endloop
  endfacet
  facet normal -0.589015 0.778058 -0.218374
    outer loop
      vertex -14.4195 14.9725 8
      vertex -14.4977 14.9133 8
      vertex -14.1068 19.4164 22.99
    endloop
  endfacet
  facet normal -0.819004 0.523885 -0.234043
    outer loop
      vertex -15.0816 14.2562 8
      vertex -19.9553 13.3337 22.99
      vertex -15.0287 14.3389 8
    endloop
  endfacet
  facet normal 0.42047 0.866422 -0.26929
    outer loop
      vertex 13.9966 15.2204 8
      vertex 10.8958 21.3842 22.99
      vertex 14.085 15.1775 8
    endloop
  endfacet
  facet normal 0.456736 0.852083 -0.25563
    outer loop
      vertex 14.1369 15.1498 8
      vertex 10.8958 21.3842 22.99
      vertex 14.1716 15.1312 8
    endloop
  endfacet
  facet normal 0.453785 0.853313 -0.25678
    outer loop
      vertex 14.1196 15.159 8
      vertex 10.8958 21.3842 22.99
      vertex 14.1369 15.1498 8
    endloop
  endfacet
  facet normal 0.455802 0.852473 -0.255997
    outer loop
      vertex 10.8958 21.3842 22.99
      vertex 14.1196 15.159 8
      vertex 14.085 15.1775 8
    endloop
  endfacet
  facet normal 0.523885 0.819004 -0.234043
    outer loop
      vertex 14.2562 15.0816 8
      vertex 13.3337 19.9553 22.99
      vertex 14.3389 15.0287 8
    endloop
  endfacet
  facet normal 0.539153 0.842208 -0
    outer loop
      vertex 13.3337 19.9553 22.99
      vertex 12.54 20.4634 23
      vertex 13.3337 19.9553 23
    endloop
  endfacet
  facet normal 0.539153 0.842208 0
    outer loop
      vertex 12.54 20.4634 23
      vertex 13.3337 19.9553 22.99
      vertex 12.54 20.4634 22.99
    endloop
  endfacet
  facet normal 0.490461 0.836552 -0.244191
    outer loop
      vertex 14.1716 15.1312 8
      vertex 12.54 20.4634 22.99
      vertex 14.2562 15.0816 8
    endloop
  endfacet
  facet normal 0.490293 0.836636 -0.244239
    outer loop
      vertex 14.1716 15.1312 8
      vertex 11.7269 20.9399 22.99
      vertex 12.54 20.4634 22.99
    endloop
  endfacet
  facet normal 0.649356 0.731023 -0.209623
    outer loop
      vertex 14.647 14.7858 8
      vertex 14.5736 14.851 8
      vertex 16.2912 17.6237 22.99
    endloop
  endfacet
  facet normal 0.893818 0.0880591 -0.439698
    outer loop
      vertex 23.926 1.88302 22.99
      vertex 15.4423 13.1461 8
      vertex 23.8336 2.8209 22.99
    endloop
  endfacet
  facet normal 0.89996 0.124458 -0.41783
    outer loop
      vertex 23.8336 2.8209 22.99
      vertex 15.4327 13.2438 8
      vertex 23.7045 3.75443 22.99
    endloop
  endfacet
  facet normal 0 0 1
    outer loop
      vertex 15.4327 13.2438 8
      vertex 15.4384 13.1852 8
      vertex 15.4365 13.2048 8
    endloop
  endfacet
  facet normal 0 0 -1
    outer loop
      vertex 15.4327 13.2438 8
      vertex 15.4423 13.1461 8
      vertex 15.4384 13.1852 8
    endloop
  endfacet
  facet normal 0.893774 0.0878222 -0.439836
    outer loop
      vertex 15.4423 13.1461 8
      vertex 15.4327 13.2438 8
      vertex 23.8336 2.8209 22.99
    endloop
  endfacet
  facet normal 0.95503 -0.170558 -0.242545
    outer loop
      vertex 49.8239 -9.91059 130.175
      vertex 23.5388 -4.68217 23
      vertex 50.1746 -7.94687 130.175
    endloop
  endfacet
  facet normal 0.969953 0.0190645 -0.242545
    outer loop
      vertex 50.8 0 130.175
      vertex 24 0 23
      vertex 50.7608 1.9944 130.175
    endloop
  endfacet
  facet normal 0.969953 0.0190442 -0.242545
    outer loop
      vertex 24 0 23
      vertex 23.9815 0.942235 23
      vertex 50.7608 1.9944 130.175
    endloop
  endfacet
  facet normal 0.969953 -0.0190442 -0.242545
    outer loop
      vertex 50.7608 -1.9944 130.175
      vertex 23.9815 -0.942235 23
      vertex 24 0 23
    endloop
  endfacet
  facet normal -0.968459 -0.0570963 -0.242545
    outer loop
      vertex -50.6434 -3.98572 130.175
      vertex -50.7608 -1.9944 130.175
      vertex -23.9815 -0.942235 23
    endloop
  endfacet
  facet normal -0.0570963 0.968459 -0.242545
    outer loop
      vertex -0.942235 23.9815 23
      vertex -3.98572 50.6434 130.175
      vertex -1.9944 50.7608 130.175
    endloop
  endfacet
  facet normal 0.0190442 -0.969953 -0.242545
    outer loop
      vertex 1.9944 -50.7608 130.175
      vertex 0 -24 23
      vertex 0.942235 -23.9815 23
    endloop
  endfacet
  facet normal 0.699396 -0.672322 -0.242544
    outer loop
      vertex 35.921 -35.921 130.175
      vertex 16.9706 -16.9706 23
      vertex 17.6237 -16.2912 23
    endloop
  endfacet
  facet normal 0.903403 -0.353603 -0.242545
    outer loop
      vertex 46.9331 -19.4403 130.175
      vertex 22.1731 -9.1844 23
      vertex 22.5166 -8.30681 23
    endloop
  endfacet
  facet normal -0.749925 -0.615454 -0.242545
    outer loop
      vertex -38.6286 -32.992 130.175
      vertex -39.8941 -31.45 130.175
      vertex -18.8476 -14.8583 23
    endloop
  endfacet
  facet normal -0.615454 -0.749925 -0.242545
    outer loop
      vertex -31.45 -39.8941 130.175
      vertex -32.992 -38.6286 130.175
      vertex -14.8583 -18.8476 23
    endloop
  endfacet
  facet normal 0.872871 0.423402 -0.242545
    outer loop
      vertex 46.1337 21.2679 130.175
      vertex 21.7954 10.0478 23
      vertex 45.2631 23.0627 130.175
    endloop
  endfacet
  facet normal 0.968459 -0.0570963 -0.242545
    outer loop
      vertex 50.6434 -3.98572 130.175
      vertex 23.9815 -0.942235 23
      vertex 50.7608 -1.9944 130.175
    endloop
  endfacet
  facet normal 0.969953 -0.0190645 -0.242545
    outer loop
      vertex 50.7608 -1.9944 130.175
      vertex 24 0 23
      vertex 50.8 0 130.175
    endloop
  endfacet
  facet normal 0.955027 -0.170574 -0.242545
    outer loop
      vertex 50.1746 -7.94687 130.175
      vertex 23.5388 -4.68217 23
      vertex 23.7045 -3.75443 23
    endloop
  endfacet
  facet normal 0.31788 -0.916583 -0.242545
    outer loop
      vertex 15.6981 -48.3137 130.175
      vertex 7.41641 -22.8254 23
      vertex 8.30681 -22.5166 23
    endloop
  endfacet
  facet normal 0.244962 -0.938704 -0.242545
    outer loop
      vertex 11.859 -49.3964 130.175
      vertex 6.51457 -23.0989 23
      vertex 13.7892 -48.8927 130.175
    endloop
  endfacet
  facet normal -0.837003 -0.490508 -0.242544
    outer loop
      vertex -20.4634 -12.54 23
      vertex -43.3141 -26.5429 130.175
      vertex -20.9399 -11.7269 23
    endloop
  endfacet
  facet normal -0.916583 -0.31788 -0.242545
    outer loop
      vertex -22.5166 -8.30681 23
      vertex -48.3137 -15.6981 130.175
      vertex -22.8254 -7.41641 23
    endloop
  endfacet
  facet normal -0.31788 -0.916583 -0.242545
    outer loop
      vertex -7.41641 -22.8254 23
      vertex -15.6981 -48.3137 130.175
      vertex -8.30681 -22.5166 23
    endloop
  endfacet
  facet normal -0.0570963 -0.968459 -0.242545
    outer loop
      vertex -1.9944 -50.7608 130.175
      vertex -3.98572 -50.6434 130.175
      vertex -0.942235 -23.9815 23
    endloop
  endfacet
  facet normal -0.490508 0.837003 -0.242544
    outer loop
      vertex -12.54 20.4634 23
      vertex -26.5429 43.3141 130.175
      vertex -11.7269 20.9399 23
    endloop
  endfacet
  facet normal -0.31788 0.916583 -0.242545
    outer loop
      vertex -8.30681 22.5166 23
      vertex -15.6981 48.3137 130.175
      vertex -7.41641 22.8254 23
    endloop
  endfacet
  facet normal -0.928374 0.281591 -0.242545
    outer loop
      vertex -23.0989 6.51457 23
      vertex -48.8927 13.7892 130.175
      vertex -48.3137 15.6981 130.175
    endloop
  endfacet
  facet normal -0.644449 0.72516 -0.242545
    outer loop
      vertex -16.2912 17.6237 23
      vertex -32.992 38.6286 130.175
      vertex -15.5868 18.2497 23
    endloop
  endfacet
  facet normal 0.968456 -0.0571324 -0.242545
    outer loop
      vertex 50.6434 -3.98572 130.175
      vertex 23.926 -1.88302 23
      vertex 23.9815 -0.942235 23
    endloop
  endfacet
  facet normal 0.960992 -0.132916 -0.242545
    outer loop
      vertex 50.1746 -7.94687 130.175
      vertex 23.8336 -2.8209 23
      vertex 50.4479 -5.9709 130.175
    endloop
  endfacet
  facet normal 0.947614 -0.207843 -0.242546
    outer loop
      vertex 49.8239 -9.91059 130.175
      vertex 23.3369 -5.60269 23
      vertex 23.5388 -4.68217 23
    endloop
  endfacet
  facet normal 0.947599 -0.207912 -0.242545
    outer loop
      vertex 49.3964 -11.859 130.175
      vertex 23.3369 -5.60269 23
      vertex 49.8239 -9.91059 130.175
    endloop
  endfacet
  facet normal 0.83696 -0.490581 -0.242545
    outer loop
      vertex 43.3141 -26.5429 130.175
      vertex 20.9399 -11.7269 23
      vertex 44.3228 -24.822 130.175
    endloop
  endfacet
  facet normal 0.795899 -0.554722 -0.242545
    outer loop
      vertex 41.0981 -29.8595 130.175
      vertex 19.4164 -14.1068 23
      vertex 42.2387 -28.223 130.175
    endloop
  endfacet
  facet normal 0.773548 -0.585488 -0.242545
    outer loop
      vertex 39.8941 -31.45 130.175
      vertex 18.8476 -14.8583 23
      vertex 19.4164 -14.1068 23
    endloop
  endfacet
  facet normal 0.0571324 -0.968456 -0.242545
    outer loop
      vertex 3.98572 -50.6434 130.175
      vertex 0.942235 -23.9815 23
      vertex 1.88302 -23.926 23
    endloop
  endfacet
  facet normal 0.423287 -0.872927 -0.242544
    outer loop
      vertex 23.0627 -45.2631 130.175
      vertex 10.0478 -21.7954 23
      vertex 10.8958 -21.3842 23
    endloop
  endfacet
  facet normal 0.554722 -0.795899 -0.242545
    outer loop
      vertex 28.223 -42.2387 130.175
      vertex 14.1068 -19.4164 23
      vertex 29.8595 -41.0981 130.175
    endloop
  endfacet
  facet normal 0.353566 -0.903417 -0.242545
    outer loop
      vertex 17.5827 -47.6601 130.175
      vertex 8.30681 -22.5166 23
      vertex 19.4403 -46.9331 130.175
    endloop
  endfacet
  facet normal 0.170558 -0.95503 -0.242545
    outer loop
      vertex 7.94687 -50.1746 130.175
      vertex 4.68217 -23.5388 23
      vertex 9.91059 -49.8239 130.175
    endloop
  endfacet
  facet normal -0.95503 -0.170558 -0.242545
    outer loop
      vertex -49.8239 -9.91059 130.175
      vertex -50.1746 -7.94687 130.175
      vertex -23.5388 -4.68217 23
    endloop
  endfacet
  facet normal -0.960994 -0.132898 -0.242545
    outer loop
      vertex -23.7045 -3.75443 23
      vertex -50.1746 -7.94687 130.175
      vertex -23.8336 -2.8209 23
    endloop
  endfacet
  facet normal -0.795899 -0.554722 -0.242545
    outer loop
      vertex -41.0981 -29.8595 130.175
      vertex -42.2387 -28.223 130.175
      vertex -19.4164 -14.1068 23
    endloop
  endfacet
  facet normal -0.672322 -0.699396 -0.242544
    outer loop
      vertex -16.2912 -17.6237 23
      vertex -35.921 -35.921 130.175
      vertex -16.9706 -16.9706 23
    endloop
  endfacet
  facet normal -0.615472 -0.749911 -0.242545
    outer loop
      vertex -14.8583 -18.8476 23
      vertex -32.992 -38.6286 130.175
      vertex -15.5868 -18.2497 23
    endloop
  endfacet
  facet normal -0.353566 -0.903417 -0.242545
    outer loop
      vertex -17.5827 -47.6601 130.175
      vertex -19.4403 -46.9331 130.175
      vertex -8.30681 -22.5166 23
    endloop
  endfacet
  facet normal -0.585541 -0.773507 -0.242545
    outer loop
      vertex -29.8595 -41.0981 130.175
      vertex -31.45 -39.8941 130.175
      vertex -14.1068 -19.4164 23
    endloop
  endfacet
  facet normal -0.523054 -0.81706 -0.242545
    outer loop
      vertex -12.54 -20.4634 23
      vertex -28.223 -42.2387 130.175
      vertex -13.3337 -19.9553 23
    endloop
  endfacet
  facet normal -0.423402 -0.872871 -0.242545
    outer loop
      vertex -21.2679 -46.1337 130.175
      vertex -23.0627 -45.2631 130.175
      vertex -10.0478 -21.7954 23
    endloop
  endfacet
  facet normal -0.423287 -0.872927 -0.242544
    outer loop
      vertex -10.0478 -21.7954 23
      vertex -23.0627 -45.2631 130.175
      vertex -10.8958 -21.3842 23
    endloop
  endfacet
  facet normal -0.317881 -0.916583 -0.242545
    outer loop
      vertex -15.6981 -48.3137 130.175
      vertex -17.5827 -47.6601 130.175
      vertex -8.30681 -22.5166 23
    endloop
  endfacet
  facet normal -0.281591 -0.928374 -0.242545
    outer loop
      vertex -13.7892 -48.8927 130.175
      vertex -15.6981 -48.3137 130.175
      vertex -6.51457 -23.0989 23
    endloop
  endfacet
  facet normal -0.170558 -0.95503 -0.242545
    outer loop
      vertex -7.94687 -50.1746 130.175
      vertex -9.91059 -49.8239 130.175
      vertex -4.68217 -23.5388 23
    endloop
  endfacet
  facet normal -0.0950792 -0.96547 -0.242545
    outer loop
      vertex -3.98572 -50.6434 130.175
      vertex -5.9709 -50.4479 130.175
      vertex -2.8209 -23.8336 23
    endloop
  endfacet
  facet normal -0.0951178 -0.965466 -0.242545
    outer loop
      vertex -1.88302 -23.926 23
      vertex -3.98572 -50.6434 130.175
      vertex -2.8209 -23.8336 23
    endloop
  endfacet
  facet normal -0.0190442 -0.969953 -0.242545
    outer loop
      vertex 0 -24 23
      vertex -1.9944 -50.7608 130.175
      vertex -0.942235 -23.9815 23
    endloop
  endfacet
  facet normal -0.170558 0.95503 -0.242545
    outer loop
      vertex -4.68217 23.5388 23
      vertex -9.91059 49.8239 130.175
      vertex -7.94687 50.1746 130.175
    endloop
  endfacet
  facet normal -0.132898 0.960994 -0.242545
    outer loop
      vertex -3.75443 23.7045 23
      vertex -7.94687 50.1746 130.175
      vertex -2.8209 23.8336 23
    endloop
  endfacet
  facet normal -0.554722 0.795899 -0.242545
    outer loop
      vertex -14.1068 19.4164 23
      vertex -29.8595 41.0981 130.175
      vertex -28.223 42.2387 130.175
    endloop
  endfacet
  facet normal -0.965466 0.0951178 -0.242545
    outer loop
      vertex -23.926 1.88302 23
      vertex -50.6434 3.98572 130.175
      vertex -23.8336 2.8209 23
    endloop
  endfacet
  facet normal -0.903417 0.353566 -0.242545
    outer loop
      vertex -22.5166 8.30681 23
      vertex -47.6601 17.5827 130.175
      vertex -46.9331 19.4403 130.175
    endloop
  endfacet
  facet normal -0.888832 0.388779 -0.242545
    outer loop
      vertex -21.7954 10.0478 23
      vertex -46.9331 19.4403 130.175
      vertex -46.1337 21.2679 130.175
    endloop
  endfacet
  facet normal -0.872927 0.423287 -0.242544
    outer loop
      vertex -21.7954 10.0478 23
      vertex -45.2631 23.0627 130.175
      vertex -21.3842 10.8958 23
    endloop
  endfacet
  facet normal -0.699308 0.672414 -0.242545
    outer loop
      vertex -17.6237 16.2912 23
      vertex -37.3036 34.4831 130.175
      vertex -35.921 35.921 130.175
    endloop
  endfacet
  facet normal 0.965466 -0.0951178 -0.242545
    outer loop
      vertex 50.6434 -3.98572 130.175
      vertex 23.8336 -2.8209 23
      vertex 23.926 -1.88302 23
    endloop
  endfacet
  facet normal 0.960994 -0.132898 -0.242545
    outer loop
      vertex 50.1746 -7.94687 130.175
      vertex 23.7045 -3.75443 23
      vertex 23.8336 -2.8209 23
    endloop
  endfacet
  facet normal 0.96547 -0.0950792 -0.242545
    outer loop
      vertex 50.4479 -5.9709 130.175
      vertex 23.8336 -2.8209 23
      vertex 50.6434 -3.98572 130.175
    endloop
  endfacet
  facet normal 0.928374 -0.281591 -0.242545
    outer loop
      vertex 48.3137 -15.6981 130.175
      vertex 23.0989 -6.51457 23
      vertex 48.8927 -13.7892 130.175
    endloop
  endfacet
  facet normal 0.938704 -0.244962 -0.242545
    outer loop
      vertex 48.8927 -13.7892 130.175
      vertex 23.0989 -6.51457 23
      vertex 49.3964 -11.859 130.175
    endloop
  endfacet
  facet normal 0.938695 -0.244999 -0.242544
    outer loop
      vertex 49.3964 -11.859 130.175
      vertex 23.0989 -6.51457 23
      vertex 23.3369 -5.60269 23
    endloop
  endfacet
  facet normal 0.725194 -0.644411 -0.242545
    outer loop
      vertex 37.3036 -34.4831 130.175
      vertex 17.6237 -16.2912 23
      vertex 38.6286 -32.992 130.175
    endloop
  endfacet
  facet normal 0.699308 -0.672414 -0.242545
    outer loop
      vertex 35.921 -35.921 130.175
      vertex 17.6237 -16.2912 23
      vertex 37.3036 -34.4831 130.175
    endloop
  endfacet
  facet normal 0.817091 -0.523005 -0.242544
    outer loop
      vertex 42.2387 -28.223 130.175
      vertex 20.4634 -12.54 23
      vertex 43.3141 -26.5429 130.175
    endloop
  endfacet
  facet normal 0.837003 -0.490508 -0.242544
    outer loop
      vertex 43.3141 -26.5429 130.175
      vertex 20.4634 -12.54 23
      vertex 20.9399 -11.7269 23
    endloop
  endfacet
  facet normal 0.81706 -0.523054 -0.242545
    outer loop
      vertex 42.2387 -28.223 130.175
      vertex 19.9553 -13.3337 23
      vertex 20.4634 -12.54 23
    endloop
  endfacet
  facet normal 0.795866 -0.554769 -0.242545
    outer loop
      vertex 42.2387 -28.223 130.175
      vertex 19.4164 -14.1068 23
      vertex 19.9553 -13.3337 23
    endloop
  endfacet
  facet normal 0.773507 -0.585541 -0.242545
    outer loop
      vertex 39.8941 -31.45 130.175
      vertex 19.4164 -14.1068 23
      vertex 41.0981 -29.8595 130.175
    endloop
  endfacet
  facet normal 0.0570963 -0.968459 -0.242545
    outer loop
      vertex 1.9944 -50.7608 130.175
      vertex 0.942235 -23.9815 23
      vertex 3.98572 -50.6434 130.175
    endloop
  endfacet
  facet normal 0.207912 -0.947599 -0.242545
    outer loop
      vertex 9.91059 -49.8239 130.175
      vertex 5.60269 -23.3369 23
      vertex 11.859 -49.3964 130.175
    endloop
  endfacet
  facet normal 0.132916 -0.960992 -0.242545
    outer loop
      vertex 5.9709 -50.4479 130.175
      vertex 2.8209 -23.8336 23
      vertex 7.94687 -50.1746 130.175
    endloop
  endfacet
  facet normal 0.457296 -0.855601 -0.242544
    outer loop
      vertex 23.0627 -45.2631 130.175
      vertex 10.8958 -21.3842 23
      vertex 24.822 -44.3228 130.175
    endloop
  endfacet
  facet normal 0.615472 -0.749911 -0.242545
    outer loop
      vertex 32.992 -38.6286 130.175
      vertex 14.8583 -18.8476 23
      vertex 15.5868 -18.2497 23
    endloop
  endfacet
  facet normal 0.523054 -0.81706 -0.242545
    outer loop
      vertex 28.223 -42.2387 130.175
      vertex 12.54 -20.4634 23
      vertex 13.3337 -19.9553 23
    endloop
  endfacet
  facet normal 0.388818 -0.888815 -0.242545
    outer loop
      vertex 19.4403 -46.9331 130.175
      vertex 9.1844 -22.1731 23
      vertex 10.0478 -21.7954 23
    endloop
  endfacet
  facet normal 0.353603 -0.903403 -0.242545
    outer loop
      vertex 19.4403 -46.9331 130.175
      vertex 8.30681 -22.5166 23
      vertex 9.1844 -22.1731 23
    endloop
  endfacet
  facet normal 0.317881 -0.916583 -0.242545
    outer loop
      vertex 15.6981 -48.3137 130.175
      vertex 8.30681 -22.5166 23
      vertex 17.5827 -47.6601 130.175
    endloop
  endfacet
  facet normal -0.938695 -0.244999 -0.242544
    outer loop
      vertex -23.0989 -6.51457 23
      vertex -49.3964 -11.859 130.175
      vertex -23.3369 -5.60269 23
    endloop
  endfacet
  facet normal -0.773507 -0.585541 -0.242545
    outer loop
      vertex -39.8941 -31.45 130.175
      vertex -41.0981 -29.8595 130.175
      vertex -19.4164 -14.1068 23
    endloop
  endfacet
  facet normal -0.773548 -0.585488 -0.242545
    outer loop
      vertex -18.8476 -14.8583 23
      vertex -39.8941 -31.45 130.175
      vertex -19.4164 -14.1068 23
    endloop
  endfacet
  facet normal -0.903417 -0.353566 -0.242545
    outer loop
      vertex -46.9331 -19.4403 130.175
      vertex -47.6601 -17.5827 130.175
      vertex -22.5166 -8.30681 23
    endloop
  endfacet
  facet normal -0.672414 -0.699308 -0.242545
    outer loop
      vertex -34.4831 -37.3036 130.175
      vertex -35.921 -35.921 130.175
      vertex -16.2912 -17.6237 23
    endloop
  endfacet
  facet normal -0.725194 -0.644411 -0.242545
    outer loop
      vertex -37.3036 -34.4831 130.175
      vertex -38.6286 -32.992 130.175
      vertex -17.6237 -16.2912 23
    endloop
  endfacet
  facet normal -0.585488 -0.773548 -0.242545
    outer loop
      vertex -14.1068 -19.4164 23
      vertex -31.45 -39.8941 130.175
      vertex -14.8583 -18.8476 23
    endloop
  endfacet
  facet normal -0.523005 -0.817091 -0.242544
    outer loop
      vertex -26.5429 -43.3141 130.175
      vertex -28.223 -42.2387 130.175
      vertex -12.54 -20.4634 23
    endloop
  endfacet
  facet normal -0.457296 -0.855601 -0.242544
    outer loop
      vertex -23.0627 -45.2631 130.175
      vertex -24.822 -44.3228 130.175
      vertex -10.8958 -21.3842 23
    endloop
  endfacet
  facet normal -0.490508 -0.837003 -0.242544
    outer loop
      vertex -11.7269 -20.9399 23
      vertex -26.5429 -43.3141 130.175
      vertex -12.54 -20.4634 23
    endloop
  endfacet
  facet normal -0.388818 -0.888815 -0.242545
    outer loop
      vertex -9.1844 -22.1731 23
      vertex -19.4403 -46.9331 130.175
      vertex -10.0478 -21.7954 23
    endloop
  endfacet
  facet normal -0.388779 -0.888832 -0.242545
    outer loop
      vertex -19.4403 -46.9331 130.175
      vertex -21.2679 -46.1337 130.175
      vertex -10.0478 -21.7954 23
    endloop
  endfacet
  facet normal -0.281551 -0.928386 -0.242545
    outer loop
      vertex -6.51457 -23.0989 23
      vertex -15.6981 -48.3137 130.175
      vertex -7.41641 -22.8254 23
    endloop
  endfacet
  facet normal -0.132916 -0.960992 -0.242545
    outer loop
      vertex -5.9709 -50.4479 130.175
      vertex -7.94687 -50.1746 130.175
      vertex -2.8209 -23.8336 23
    endloop
  endfacet
  facet normal -0.132898 -0.960994 -0.242545
    outer loop
      vertex -2.8209 -23.8336 23
      vertex -7.94687 -50.1746 130.175
      vertex -3.75443 -23.7045 23
    endloop
  endfacet
  facet normal -0.0190645 -0.969953 -0.242545
    outer loop
      vertex 0 -50.8 130.175
      vertex -1.9944 -50.7608 130.175
      vertex 0 -24 23
    endloop
  endfacet
  facet normal 0.0190645 -0.969953 -0.242545
    outer loop
      vertex 1.9944 -50.7608 130.175
      vertex 0 -50.8 130.175
      vertex 0 -24 23
    endloop
  endfacet
  facet normal 0.0951178 0.965466 -0.242545
    outer loop
      vertex 2.8209 23.8336 23
      vertex 1.88302 23.926 23
      vertex 3.98572 50.6434 130.175
    endloop
  endfacet
  facet normal 0.388779 0.888832 -0.242545
    outer loop
      vertex 21.2679 46.1337 130.175
      vertex 10.0478 21.7954 23
      vertex 19.4403 46.9331 130.175
    endloop
  endfacet
  facet normal 0.423287 0.872927 -0.242544
    outer loop
      vertex 10.8958 21.3842 23
      vertex 10.0478 21.7954 23
      vertex 23.0627 45.2631 130.175
    endloop
  endfacet
  facet normal 0.725194 0.644411 -0.242545
    outer loop
      vertex 38.6286 32.992 130.175
      vertex 17.6237 16.2912 23
      vertex 37.3036 34.4831 130.175
    endloop
  endfacet
  facet normal 0.938704 0.244962 -0.242545
    outer loop
      vertex 49.3964 11.859 130.175
      vertex 23.0989 6.51457 23
      vertex 48.8927 13.7892 130.175
    endloop
  endfacet
  facet normal 0.938695 0.244999 -0.242544
    outer loop
      vertex 23.3369 5.60269 23
      vertex 23.0989 6.51457 23
      vertex 49.3964 11.859 130.175
    endloop
  endfacet
  facet normal 0.947599 0.207912 -0.242545
    outer loop
      vertex 49.8239 9.91059 130.175
      vertex 23.3369 5.60269 23
      vertex 49.3964 11.859 130.175
    endloop
  endfacet
  facet normal -0.244999 0.938695 -0.242544
    outer loop
      vertex -6.51457 23.0989 23
      vertex -11.859 49.3964 130.175
      vertex -5.60269 23.3369 23
    endloop
  endfacet
  facet normal -0.585541 0.773507 -0.242545
    outer loop
      vertex -14.1068 19.4164 23
      vertex -31.45 39.8941 130.175
      vertex -29.8595 41.0981 130.175
    endloop
  endfacet
  facet normal -0.615454 0.749925 -0.242545
    outer loop
      vertex -14.8583 18.8476 23
      vertex -32.992 38.6286 130.175
      vertex -31.45 39.8941 130.175
    endloop
  endfacet
  facet normal -0.353566 0.903417 -0.242545
    outer loop
      vertex -8.30681 22.5166 23
      vertex -19.4403 46.9331 130.175
      vertex -17.5827 47.6601 130.175
    endloop
  endfacet
  facet normal -0.916583 0.31788 -0.242545
    outer loop
      vertex -22.8254 7.41641 23
      vertex -48.3137 15.6981 130.175
      vertex -22.5166 8.30681 23
    endloop
  endfacet
  facet normal -0.855601 0.457296 -0.242544
    outer loop
      vertex -21.3842 10.8958 23
      vertex -45.2631 23.0627 130.175
      vertex -44.3228 24.822 130.175
    endloop
  endfacet
  facet normal -0.749911 0.615472 -0.242545
    outer loop
      vertex -18.8476 14.8583 23
      vertex -38.6286 32.992 130.175
      vertex -18.2497 15.5868 23
    endloop
  endfacet
  facet normal -0.817091 0.523005 -0.242544
    outer loop
      vertex -20.4634 12.54 23
      vertex -43.3141 26.5429 130.175
      vertex -42.2387 28.223 130.175
    endloop
  endfacet
  facet normal -0.872871 0.423402 -0.242545
    outer loop
      vertex -21.7954 10.0478 23
      vertex -46.1337 21.2679 130.175
      vertex -45.2631 23.0627 130.175
    endloop
  endfacet
  facet normal -0.725194 0.644411 -0.242545
    outer loop
      vertex -17.6237 16.2912 23
      vertex -38.6286 32.992 130.175
      vertex -37.3036 34.4831 130.175
    endloop
  endfacet
  facet normal -0.672414 0.699308 -0.242545
    outer loop
      vertex -16.2912 17.6237 23
      vertex -35.921 35.921 130.175
      vertex -34.4831 37.3036 130.175
    endloop
  endfacet
  facet normal 0.916583 -0.317881 -0.242545
    outer loop
      vertex 47.6601 -17.5827 130.175
      vertex 22.5166 -8.30681 23
      vertex 48.3137 -15.6981 130.175
    endloop
  endfacet
  facet normal 0.903417 -0.353566 -0.242545
    outer loop
      vertex 46.9331 -19.4403 130.175
      vertex 22.5166 -8.30681 23
      vertex 47.6601 -17.5827 130.175
    endloop
  endfacet
  facet normal 0.749911 -0.615472 -0.242545
    outer loop
      vertex 38.6286 -32.992 130.175
      vertex 18.2497 -15.5868 23
      vertex 18.8476 -14.8583 23
    endloop
  endfacet
  facet normal 0.855601 -0.457296 -0.242544
    outer loop
      vertex 44.3228 -24.822 130.175
      vertex 21.3842 -10.8958 23
      vertex 45.2631 -23.0627 130.175
    endloop
  endfacet
  facet normal 0.872927 -0.423287 -0.242544
    outer loop
      vertex 45.2631 -23.0627 130.175
      vertex 21.3842 -10.8958 23
      vertex 21.7954 -10.0478 23
    endloop
  endfacet
  facet normal 0.855558 -0.457375 -0.242545
    outer loop
      vertex 44.3228 -24.822 130.175
      vertex 20.9399 -11.7269 23
      vertex 21.3842 -10.8958 23
    endloop
  endfacet
  facet normal 0.888815 -0.388818 -0.242545
    outer loop
      vertex 46.9331 -19.4403 130.175
      vertex 21.7954 -10.0478 23
      vertex 22.1731 -9.1844 23
    endloop
  endfacet
  facet normal 0.0950792 -0.96547 -0.242545
    outer loop
      vertex 3.98572 -50.6434 130.175
      vertex 2.8209 -23.8336 23
      vertex 5.9709 -50.4479 130.175
    endloop
  endfacet
  facet normal 0.244999 -0.938695 -0.242544
    outer loop
      vertex 11.859 -49.3964 130.175
      vertex 5.60269 -23.3369 23
      vertex 6.51457 -23.0989 23
    endloop
  endfacet
  facet normal 0.388779 -0.888832 -0.242545
    outer loop
      vertex 19.4403 -46.9331 130.175
      vertex 10.0478 -21.7954 23
      vertex 21.2679 -46.1337 130.175
    endloop
  endfacet
  facet normal 0.423402 -0.872871 -0.242545
    outer loop
      vertex 21.2679 -46.1337 130.175
      vertex 10.0478 -21.7954 23
      vertex 23.0627 -45.2631 130.175
    endloop
  endfacet
  facet normal 0.585541 -0.773507 -0.242545
    outer loop
      vertex 29.8595 -41.0981 130.175
      vertex 14.1068 -19.4164 23
      vertex 31.45 -39.8941 130.175
    endloop
  endfacet
  facet normal 0.672414 -0.699308 -0.242545
    outer loop
      vertex 34.4831 -37.3036 130.175
      vertex 16.2912 -17.6237 23
      vertex 35.921 -35.921 130.175
    endloop
  endfacet
  facet normal 0.490508 -0.837003 -0.242544
    outer loop
      vertex 26.5429 -43.3141 130.175
      vertex 11.7269 -20.9399 23
      vertex 12.54 -20.4634 23
    endloop
  endfacet
  facet normal 0.523005 -0.817091 -0.242544
    outer loop
      vertex 26.5429 -43.3141 130.175
      vertex 12.54 -20.4634 23
      vertex 28.223 -42.2387 130.175
    endloop
  endfacet
  facet normal 0.554769 -0.795866 -0.242545
    outer loop
      vertex 28.223 -42.2387 130.175
      vertex 13.3337 -19.9553 23
      vertex 14.1068 -19.4164 23
    endloop
  endfacet
  facet normal -0.955027 -0.170574 -0.242545
    outer loop
      vertex -23.5388 -4.68217 23
      vertex -50.1746 -7.94687 130.175
      vertex -23.7045 -3.75443 23
    endloop
  endfacet
  facet normal -0.96547 -0.0950792 -0.242545
    outer loop
      vertex -50.4479 -5.9709 130.175
      vertex -50.6434 -3.98572 130.175
      vertex -23.8336 -2.8209 23
    endloop
  endfacet
  facet normal -0.960992 -0.132916 -0.242545
    outer loop
      vertex -50.1746 -7.94687 130.175
      vertex -50.4479 -5.9709 130.175
      vertex -23.8336 -2.8209 23
    endloop
  endfacet
  facet normal -0.965466 -0.0951178 -0.242545
    outer loop
      vertex -23.8336 -2.8209 23
      vertex -50.6434 -3.98572 130.175
      vertex -23.926 -1.88302 23
    endloop
  endfacet
  facet normal -0.968456 -0.0571324 -0.242545
    outer loop
      vertex -23.926 -1.88302 23
      vertex -50.6434 -3.98572 130.175
      vertex -23.9815 -0.942235 23
    endloop
  endfacet
  facet normal -0.928386 -0.281551 -0.242545
    outer loop
      vertex -22.8254 -7.41641 23
      vertex -48.3137 -15.6981 130.175
      vertex -23.0989 -6.51457 23
    endloop
  endfacet
  facet normal -0.938704 -0.244962 -0.242545
    outer loop
      vertex -48.8927 -13.7892 130.175
      vertex -49.3964 -11.859 130.175
      vertex -23.0989 -6.51457 23
    endloop
  endfacet
  facet normal -0.928374 -0.281591 -0.242545
    outer loop
      vertex -48.3137 -15.6981 130.175
      vertex -48.8927 -13.7892 130.175
      vertex -23.0989 -6.51457 23
    endloop
  endfacet
  facet normal -0.947599 -0.207912 -0.242545
    outer loop
      vertex -49.3964 -11.859 130.175
      vertex -49.8239 -9.91059 130.175
      vertex -23.3369 -5.60269 23
    endloop
  endfacet
  facet normal -0.947614 -0.207843 -0.242546
    outer loop
      vertex -23.3369 -5.60269 23
      vertex -49.8239 -9.91059 130.175
      vertex -23.5388 -4.68217 23
    endloop
  endfacet
  facet normal -0.872927 -0.423287 -0.242544
    outer loop
      vertex -21.3842 -10.8958 23
      vertex -45.2631 -23.0627 130.175
      vertex -21.7954 -10.0478 23
    endloop
  endfacet
  facet normal -0.872871 -0.423402 -0.242545
    outer loop
      vertex -45.2631 -23.0627 130.175
      vertex -46.1337 -21.2679 130.175
      vertex -21.7954 -10.0478 23
    endloop
  endfacet
  facet normal -0.81706 -0.523054 -0.242545
    outer loop
      vertex -19.9553 -13.3337 23
      vertex -42.2387 -28.223 130.175
      vertex -20.4634 -12.54 23
    endloop
  endfacet
  facet normal -0.916583 -0.317881 -0.242545
    outer loop
      vertex -47.6601 -17.5827 130.175
      vertex -48.3137 -15.6981 130.175
      vertex -22.5166 -8.30681 23
    endloop
  endfacet
  facet normal -0.644449 -0.72516 -0.242545
    outer loop
      vertex -15.5868 -18.2497 23
      vertex -32.992 -38.6286 130.175
      vertex -16.2912 -17.6237 23
    endloop
  endfacet
  facet normal -0.644411 -0.725194 -0.242545
    outer loop
      vertex -32.992 -38.6286 130.175
      vertex -34.4831 -37.3036 130.175
      vertex -16.2912 -17.6237 23
    endloop
  endfacet
  facet normal -0.699308 -0.672414 -0.242545
    outer loop
      vertex -35.921 -35.921 130.175
      vertex -37.3036 -34.4831 130.175
      vertex -17.6237 -16.2912 23
    endloop
  endfacet
  facet normal -0.554722 -0.795899 -0.242545
    outer loop
      vertex -28.223 -42.2387 130.175
      vertex -29.8595 -41.0981 130.175
      vertex -14.1068 -19.4164 23
    endloop
  endfacet
  facet normal -0.554769 -0.795866 -0.242545
    outer loop
      vertex -13.3337 -19.9553 23
      vertex -28.223 -42.2387 130.175
      vertex -14.1068 -19.4164 23
    endloop
  endfacet
  facet normal -0.490581 -0.83696 -0.242545
    outer loop
      vertex -24.822 -44.3228 130.175
      vertex -26.5429 -43.3141 130.175
      vertex -11.7269 -20.9399 23
    endloop
  endfacet
  facet normal -0.457375 -0.855558 -0.242545
    outer loop
      vertex -10.8958 -21.3842 23
      vertex -24.822 -44.3228 130.175
      vertex -11.7269 -20.9399 23
    endloop
  endfacet
  facet normal -0.353603 -0.903403 -0.242545
    outer loop
      vertex -8.30681 -22.5166 23
      vertex -19.4403 -46.9331 130.175
      vertex -9.1844 -22.1731 23
    endloop
  endfacet
  facet normal -0.170574 -0.955027 -0.242545
    outer loop
      vertex -3.75443 -23.7045 23
      vertex -7.94687 -50.1746 130.175
      vertex -4.68217 -23.5388 23
    endloop
  endfacet
  facet normal -0.244962 -0.938704 -0.242545
    outer loop
      vertex -11.859 -49.3964 130.175
      vertex -13.7892 -48.8927 130.175
      vertex -6.51457 -23.0989 23
    endloop
  endfacet
  facet normal -0.0571324 -0.968456 -0.242545
    outer loop
      vertex -0.942235 -23.9815 23
      vertex -3.98572 -50.6434 130.175
      vertex -1.88302 -23.926 23
    endloop
  endfacet
  facet normal 0.644411 0.725194 -0.242545
    outer loop
      vertex 34.4831 37.3036 130.175
      vertex 16.2912 17.6237 23
      vertex 32.992 38.6286 130.175
    endloop
  endfacet
  facet normal 0.644449 0.72516 -0.242545
    outer loop
      vertex 16.2912 17.6237 23
      vertex 15.5868 18.2497 23
      vertex 32.992 38.6286 130.175
    endloop
  endfacet
  facet normal 0.31788 0.916583 -0.242545
    outer loop
      vertex 8.30681 22.5166 23
      vertex 7.41641 22.8254 23
      vertex 15.6981 48.3137 130.175
    endloop
  endfacet
  facet normal 0.457296 0.855601 -0.242544
    outer loop
      vertex 24.822 44.3228 130.175
      vertex 10.8958 21.3842 23
      vertex 23.0627 45.2631 130.175
    endloop
  endfacet
  facet normal 0.353566 0.903417 -0.242545
    outer loop
      vertex 19.4403 46.9331 130.175
      vertex 8.30681 22.5166 23
      vertex 17.5827 47.6601 130.175
    endloop
  endfacet
  facet normal 0.523005 0.817091 -0.242544
    outer loop
      vertex 28.223 42.2387 130.175
      vertex 12.54 20.4634 23
      vertex 26.5429 43.3141 130.175
    endloop
  endfacet
  facet normal 0.423402 0.872871 -0.242545
    outer loop
      vertex 23.0627 45.2631 130.175
      vertex 10.0478 21.7954 23
      vertex 21.2679 46.1337 130.175
    endloop
  endfacet
  facet normal 0.872927 0.423287 -0.242544
    outer loop
      vertex 21.7954 10.0478 23
      vertex 21.3842 10.8958 23
      vertex 45.2631 23.0627 130.175
    endloop
  endfacet
  facet normal 0.699308 0.672414 -0.242545
    outer loop
      vertex 37.3036 34.4831 130.175
      vertex 17.6237 16.2912 23
      vertex 35.921 35.921 130.175
    endloop
  endfacet
  facet normal 0.795866 0.554769 -0.242545
    outer loop
      vertex 19.9553 13.3337 23
      vertex 19.4164 14.1068 23
      vertex 42.2387 28.223 130.175
    endloop
  endfacet
  facet normal 0.888832 0.388779 -0.242545
    outer loop
      vertex 46.9331 19.4403 130.175
      vertex 21.7954 10.0478 23
      vertex 46.1337 21.2679 130.175
    endloop
  endfacet
  facet normal 0.960992 0.132916 -0.242545
    outer loop
      vertex 50.4479 5.9709 130.175
      vertex 23.8336 2.8209 23
      vertex 50.1746 7.94687 130.175
    endloop
  endfacet
  facet normal 0.947614 0.207843 -0.242546
    outer loop
      vertex 23.5388 4.68217 23
      vertex 23.3369 5.60269 23
      vertex 49.8239 9.91059 130.175
    endloop
  endfacet
  facet normal -0.170574 0.955027 -0.242545
    outer loop
      vertex -4.68217 23.5388 23
      vertex -7.94687 50.1746 130.175
      vertex -3.75443 23.7045 23
    endloop
  endfacet
  facet normal -0.0950792 0.96547 -0.242545
    outer loop
      vertex -2.8209 23.8336 23
      vertex -5.9709 50.4479 130.175
      vertex -3.98572 50.6434 130.175
    endloop
  endfacet
  facet normal -0.132916 0.960992 -0.242545
    outer loop
      vertex -2.8209 23.8336 23
      vertex -7.94687 50.1746 130.175
      vertex -5.9709 50.4479 130.175
    endloop
  endfacet
  facet normal -0.0951178 0.965466 -0.242545
    outer loop
      vertex -2.8209 23.8336 23
      vertex -3.98572 50.6434 130.175
      vertex -1.88302 23.926 23
    endloop
  endfacet
  facet normal -0.0571324 0.968456 -0.242545
    outer loop
      vertex -1.88302 23.926 23
      vertex -3.98572 50.6434 130.175
      vertex -0.942235 23.9815 23
    endloop
  endfacet
  facet normal -0.281551 0.928386 -0.242545
    outer loop
      vertex -7.41641 22.8254 23
      vertex -15.6981 48.3137 130.175
      vertex -6.51457 23.0989 23
    endloop
  endfacet
  facet normal -0.244962 0.938704 -0.242545
    outer loop
      vertex -6.51457 23.0989 23
      vertex -13.7892 48.8927 130.175
      vertex -11.859 49.3964 130.175
    endloop
  endfacet
  facet normal -0.281591 0.928374 -0.242545
    outer loop
      vertex -6.51457 23.0989 23
      vertex -15.6981 48.3137 130.175
      vertex -13.7892 48.8927 130.175
    endloop
  endfacet
  facet normal -0.207912 0.947599 -0.242545
    outer loop
      vertex -5.60269 23.3369 23
      vertex -11.859 49.3964 130.175
      vertex -9.91059 49.8239 130.175
    endloop
  endfacet
  facet normal -0.207843 0.947614 -0.242546
    outer loop
      vertex -5.60269 23.3369 23
      vertex -9.91059 49.8239 130.175
      vertex -4.68217 23.5388 23
    endloop
  endfacet
  facet normal -0.423287 0.872927 -0.242544
    outer loop
      vertex -10.8958 21.3842 23
      vertex -23.0627 45.2631 130.175
      vertex -10.0478 21.7954 23
    endloop
  endfacet
  facet normal -0.423402 0.872871 -0.242545
    outer loop
      vertex -10.0478 21.7954 23
      vertex -23.0627 45.2631 130.175
      vertex -21.2679 46.1337 130.175
    endloop
  endfacet
  facet normal -0.523054 0.81706 -0.242545
    outer loop
      vertex -13.3337 19.9553 23
      vertex -28.223 42.2387 130.175
      vertex -12.54 20.4634 23
    endloop
  endfacet
  facet normal -0.317881 0.916583 -0.242545
    outer loop
      vertex -8.30681 22.5166 23
      vertex -17.5827 47.6601 130.175
      vertex -15.6981 48.3137 130.175
    endloop
  endfacet
  facet normal -0.916583 0.317881 -0.242545
    outer loop
      vertex -22.5166 8.30681 23
      vertex -48.3137 15.6981 130.175
      vertex -47.6601 17.5827 130.175
    endloop
  endfacet
  facet normal -0.955027 0.170574 -0.242545
    outer loop
      vertex -23.7045 3.75443 23
      vertex -50.1746 7.94687 130.175
      vertex -23.5388 4.68217 23
    endloop
  endfacet
  facet normal -0.96547 0.0950792 -0.242545
    outer loop
      vertex -23.8336 2.8209 23
      vertex -50.6434 3.98572 130.175
      vertex -50.4479 5.9709 130.175
    endloop
  endfacet
  facet normal -0.969953 -0.0190645 -0.242545
    outer loop
      vertex -50.7608 -1.9944 130.175
      vertex -50.8 0 130.175
      vertex -24 0 23
    endloop
  endfacet
  facet normal -0.795866 0.554769 -0.242545
    outer loop
      vertex -19.9553 13.3337 23
      vertex -42.2387 28.223 130.175
      vertex -19.4164 14.1068 23
    endloop
  endfacet
  facet normal -0.888815 0.388818 -0.242545
    outer loop
      vertex -22.1731 9.1844 23
      vertex -46.9331 19.4403 130.175
      vertex -21.7954 10.0478 23
    endloop
  endfacet
  facet normal -0.837003 0.490508 -0.242544
    outer loop
      vertex -20.9399 11.7269 23
      vertex -43.3141 26.5429 130.175
      vertex -20.4634 12.54 23
    endloop
  endfacet
  facet normal -0.585488 0.773548 -0.242545
    outer loop
      vertex -14.8583 18.8476 23
      vertex -31.45 39.8941 130.175
      vertex -14.1068 19.4164 23
    endloop
  endfacet
  facet normal -0.72516 0.644449 -0.242545
    outer loop
      vertex -18.2497 15.5868 23
      vertex -38.6286 32.992 130.175
      vertex -17.6237 16.2912 23
    endloop
  endfacet
  facet normal -0.644411 0.725194 -0.242545
    outer loop
      vertex -16.2912 17.6237 23
      vertex -34.4831 37.3036 130.175
      vertex -32.992 38.6286 130.175
    endloop
  endfacet
  facet normal 0.928386 -0.281551 -0.242545
    outer loop
      vertex 48.3137 -15.6981 130.175
      vertex 22.8254 -7.41641 23
      vertex 23.0989 -6.51457 23
    endloop
  endfacet
  facet normal 0.916583 -0.31788 -0.242545
    outer loop
      vertex 48.3137 -15.6981 130.175
      vertex 22.5166 -8.30681 23
      vertex 22.8254 -7.41641 23
    endloop
  endfacet
  facet normal 0.749925 -0.615454 -0.242545
    outer loop
      vertex 38.6286 -32.992 130.175
      vertex 18.8476 -14.8583 23
      vertex 39.8941 -31.45 130.175
    endloop
  endfacet
  facet normal 0.72516 -0.644449 -0.242545
    outer loop
      vertex 38.6286 -32.992 130.175
      vertex 17.6237 -16.2912 23
      vertex 18.2497 -15.5868 23
    endloop
  endfacet
  facet normal 0.872871 -0.423402 -0.242545
    outer loop
      vertex 45.2631 -23.0627 130.175
      vertex 21.7954 -10.0478 23
      vertex 46.1337 -21.2679 130.175
    endloop
  endfacet
  facet normal 0.888832 -0.388779 -0.242545
    outer loop
      vertex 46.1337 -21.2679 130.175
      vertex 21.7954 -10.0478 23
      vertex 46.9331 -19.4403 130.175
    endloop
  endfacet
  facet normal 0.0951178 -0.965466 -0.242545
    outer loop
      vertex 3.98572 -50.6434 130.175
      vertex 1.88302 -23.926 23
      vertex 2.8209 -23.8336 23
    endloop
  endfacet
  facet normal 0.281551 -0.928386 -0.242545
    outer loop
      vertex 15.6981 -48.3137 130.175
      vertex 6.51457 -23.0989 23
      vertex 7.41641 -22.8254 23
    endloop
  endfacet
  facet normal 0.281591 -0.928374 -0.242545
    outer loop
      vertex 13.7892 -48.8927 130.175
      vertex 6.51457 -23.0989 23
      vertex 15.6981 -48.3137 130.175
    endloop
  endfacet
  facet normal 0.207843 -0.947614 -0.242546
    outer loop
      vertex 9.91059 -49.8239 130.175
      vertex 4.68217 -23.5388 23
      vertex 5.60269 -23.3369 23
    endloop
  endfacet
  facet normal 0.490581 -0.83696 -0.242545
    outer loop
      vertex 24.822 -44.3228 130.175
      vertex 11.7269 -20.9399 23
      vertex 26.5429 -43.3141 130.175
    endloop
  endfacet
  facet normal 0.457375 -0.855558 -0.242545
    outer loop
      vertex 24.822 -44.3228 130.175
      vertex 10.8958 -21.3842 23
      vertex 11.7269 -20.9399 23
    endloop
  endfacet
  facet normal 0.615454 -0.749925 -0.242545
    outer loop
      vertex 31.45 -39.8941 130.175
      vertex 14.8583 -18.8476 23
      vertex 32.992 -38.6286 130.175
    endloop
  endfacet
  facet normal 0.644411 -0.725194 -0.242545
    outer loop
      vertex 32.992 -38.6286 130.175
      vertex 16.2912 -17.6237 23
      vertex 34.4831 -37.3036 130.175
    endloop
  endfacet
  facet normal 0.644449 -0.72516 -0.242545
    outer loop
      vertex 32.992 -38.6286 130.175
      vertex 15.5868 -18.2497 23
      vertex 16.2912 -17.6237 23
    endloop
  endfacet
  facet normal -0.817091 -0.523005 -0.242544
    outer loop
      vertex -42.2387 -28.223 130.175
      vertex -43.3141 -26.5429 130.175
      vertex -20.4634 -12.54 23
    endloop
  endfacet
  facet normal -0.888832 -0.388779 -0.242545
    outer loop
      vertex -46.1337 -21.2679 130.175
      vertex -46.9331 -19.4403 130.175
      vertex -21.7954 -10.0478 23
    endloop
  endfacet
  facet normal -0.72516 -0.644449 -0.242545
    outer loop
      vertex -17.6237 -16.2912 23
      vertex -38.6286 -32.992 130.175
      vertex -18.2497 -15.5868 23
    endloop
  endfacet
  facet normal -0.749911 -0.615472 -0.242545
    outer loop
      vertex -18.2497 -15.5868 23
      vertex -38.6286 -32.992 130.175
      vertex -18.8476 -14.8583 23
    endloop
  endfacet
  facet normal -0.699396 -0.672322 -0.242544
    outer loop
      vertex -16.9706 -16.9706 23
      vertex -35.921 -35.921 130.175
      vertex -17.6237 -16.2912 23
    endloop
  endfacet
  facet normal -0.207912 -0.947599 -0.242545
    outer loop
      vertex -9.91059 -49.8239 130.175
      vertex -11.859 -49.3964 130.175
      vertex -5.60269 -23.3369 23
    endloop
  endfacet
  facet normal -0.244999 -0.938695 -0.242544
    outer loop
      vertex -5.60269 -23.3369 23
      vertex -11.859 -49.3964 130.175
      vertex -6.51457 -23.0989 23
    endloop
  endfacet
  facet normal 0.615472 0.749911 -0.242545
    outer loop
      vertex 15.5868 18.2497 23
      vertex 14.8583 18.8476 23
      vertex 32.992 38.6286 130.175
    endloop
  endfacet
  facet normal 0.317881 0.916583 -0.242545
    outer loop
      vertex 17.5827 47.6601 130.175
      vertex 8.30681 22.5166 23
      vertex 15.6981 48.3137 130.175
    endloop
  endfacet
  facet normal 0.281591 0.928374 -0.242545
    outer loop
      vertex 15.6981 48.3137 130.175
      vertex 6.51457 23.0989 23
      vertex 13.7892 48.8927 130.175
    endloop
  endfacet
  facet normal 0.170558 0.95503 -0.242545
    outer loop
      vertex 9.91059 49.8239 130.175
      vertex 4.68217 23.5388 23
      vertex 7.94687 50.1746 130.175
    endloop
  endfacet
  facet normal 0.0950792 0.96547 -0.242545
    outer loop
      vertex 5.9709 50.4479 130.175
      vertex 2.8209 23.8336 23
      vertex 3.98572 50.6434 130.175
    endloop
  endfacet
  facet normal -0.0190645 0.969953 -0.242545
    outer loop
      vertex 0 24 23
      vertex -1.9944 50.7608 130.175
      vertex 0 50.8 130.175
    endloop
  endfacet
  facet normal 0.388818 0.888815 -0.242545
    outer loop
      vertex 10.0478 21.7954 23
      vertex 9.1844 22.1731 23
      vertex 19.4403 46.9331 130.175
    endloop
  endfacet
  facet normal 0.490508 0.837003 -0.242544
    outer loop
      vertex 12.54 20.4634 23
      vertex 11.7269 20.9399 23
      vertex 26.5429 43.3141 130.175
    endloop
  endfacet
  facet normal 0.81706 0.523054 -0.242545
    outer loop
      vertex 20.4634 12.54 23
      vertex 19.9553 13.3337 23
      vertex 42.2387 28.223 130.175
    endloop
  endfacet
  facet normal 0.855601 0.457296 -0.242544
    outer loop
      vertex 45.2631 23.0627 130.175
      vertex 21.3842 10.8958 23
      vertex 44.3228 24.822 130.175
    endloop
  endfacet
  facet normal 0.773507 0.585541 -0.242545
    outer loop
      vertex 41.0981 29.8595 130.175
      vertex 19.4164 14.1068 23
      vertex 39.8941 31.45 130.175
    endloop
  endfacet
  facet normal 0.672322 0.699396 -0.242544
    outer loop
      vertex 16.9706 16.9706 23
      vertex 16.2912 17.6237 23
      vertex 35.921 35.921 130.175
    endloop
  endfacet
  facet normal 0.672414 0.699308 -0.242545
    outer loop
      vertex 35.921 35.921 130.175
      vertex 16.2912 17.6237 23
      vertex 34.4831 37.3036 130.175
    endloop
  endfacet
  facet normal 0.773548 0.585488 -0.242545
    outer loop
      vertex 19.4164 14.1068 23
      vertex 18.8476 14.8583 23
      vertex 39.8941 31.45 130.175
    endloop
  endfacet
  facet normal 0.795899 0.554722 -0.242545
    outer loop
      vertex 42.2387 28.223 130.175
      vertex 19.4164 14.1068 23
      vertex 41.0981 29.8595 130.175
    endloop
  endfacet
  facet normal 0.817091 0.523005 -0.242544
    outer loop
      vertex 43.3141 26.5429 130.175
      vertex 20.4634 12.54 23
      vertex 42.2387 28.223 130.175
    endloop
  endfacet
  facet normal 0.916583 0.31788 -0.242545
    outer loop
      vertex 22.8254 7.41641 23
      vertex 22.5166 8.30681 23
      vertex 48.3137 15.6981 130.175
    endloop
  endfacet
  facet normal 0.928374 0.281591 -0.242545
    outer loop
      vertex 48.8927 13.7892 130.175
      vertex 23.0989 6.51457 23
      vertex 48.3137 15.6981 130.175
    endloop
  endfacet
  facet normal 0.903417 0.353566 -0.242545
    outer loop
      vertex 47.6601 17.5827 130.175
      vertex 22.5166 8.30681 23
      vertex 46.9331 19.4403 130.175
    endloop
  endfacet
  facet normal 0.968459 0.0570963 -0.242545
    outer loop
      vertex 50.7608 1.9944 130.175
      vertex 23.9815 0.942235 23
      vertex 50.6434 3.98572 130.175
    endloop
  endfacet
  facet normal 0.95503 0.170558 -0.242545
    outer loop
      vertex 50.1746 7.94687 130.175
      vertex 23.5388 4.68217 23
      vertex 49.8239 9.91059 130.175
    endloop
  endfacet
  facet normal -0.523005 0.817091 -0.242544
    outer loop
      vertex -12.54 20.4634 23
      vertex -28.223 42.2387 130.175
      vertex -26.5429 43.3141 130.175
    endloop
  endfacet
  facet normal -0.388779 0.888832 -0.242545
    outer loop
      vertex -10.0478 21.7954 23
      vertex -21.2679 46.1337 130.175
      vertex -19.4403 46.9331 130.175
    endloop
  endfacet
  facet normal -0.938704 0.244962 -0.242545
    outer loop
      vertex -23.0989 6.51457 23
      vertex -49.3964 11.859 130.175
      vertex -48.8927 13.7892 130.175
    endloop
  endfacet
  facet normal -0.938695 0.244999 -0.242544
    outer loop
      vertex -23.3369 5.60269 23
      vertex -49.3964 11.859 130.175
      vertex -23.0989 6.51457 23
    endloop
  endfacet
  facet normal -0.95503 0.170558 -0.242545
    outer loop
      vertex -23.5388 4.68217 23
      vertex -50.1746 7.94687 130.175
      vertex -49.8239 9.91059 130.175
    endloop
  endfacet
  facet normal -0.968459 0.0570963 -0.242545
    outer loop
      vertex -23.9815 0.942235 23
      vertex -50.7608 1.9944 130.175
      vertex -50.6434 3.98572 130.175
    endloop
  endfacet
  facet normal 0 0 1
    outer loop
      vertex 48.3 0 130.175
      vertex 50.8 0 130.175
      vertex 50.7608 1.9944 130.175
    endloop
  endfacet
  facet normal 0 0 1
    outer loop
      vertex 48.2628 1.89625 130.175
      vertex 50.7608 1.9944 130.175
      vertex 50.6434 3.98572 130.175
    endloop
  endfacet
  facet normal 0 0 1
    outer loop
      vertex 50.8 0 130.175
      vertex 48.3 0 130.175
      vertex 50.7608 -1.9944 130.175
    endloop
  endfacet
  facet normal 0 0 1
    outer loop
      vertex 48.1511 3.78957 130.175
      vertex 50.6434 3.98572 130.175
      vertex 50.4479 5.9709 130.175
    endloop
  endfacet
  facet normal -0 0 1
    outer loop
      vertex 48.2628 -1.89625 130.175
      vertex 50.7608 -1.9944 130.175
      vertex 48.3 0 130.175
    endloop
  endfacet
  facet normal 0 0 1
    outer loop
      vertex 47.9652 5.67706 130.175
      vertex 50.4479 5.9709 130.175
      vertex 50.1746 7.94687 130.175
    endloop
  endfacet
  facet normal 0 0 1
    outer loop
      vertex 50.7608 -1.9944 130.175
      vertex 48.2628 -1.89625 130.175
      vertex 50.6434 -3.98572 130.175
    endloop
  endfacet
  facet normal 0 0 1
    outer loop
      vertex 47.7053 7.55578 130.175
      vertex 50.1746 7.94687 130.175
      vertex 49.8239 9.91059 130.175
    endloop
  endfacet
  facet normal -0 0 1
    outer loop
      vertex 48.1511 -3.78957 130.175
      vertex 50.6434 -3.98572 130.175
      vertex 48.2628 -1.89625 130.175
    endloop
  endfacet
  facet normal 0 0 1
    outer loop
      vertex 47.3719 9.42286 130.175
      vertex 49.8239 9.91059 130.175
      vertex 49.3964 11.859 130.175
    endloop
  endfacet
  facet normal 0 0 1
    outer loop
      vertex 50.6434 -3.98572 130.175
      vertex 48.1511 -3.78957 130.175
      vertex 50.4479 -5.9709 130.175
    endloop
  endfacet
  facet normal 0 0 1
    outer loop
      vertex 46.9655 11.2754 130.175
      vertex 49.3964 11.859 130.175
      vertex 48.8927 13.7892 130.175
    endloop
  endfacet
  facet normal -0 0 1
    outer loop
      vertex 47.9652 -5.67706 130.175
      vertex 50.4479 -5.9709 130.175
      vertex 48.1511 -3.78957 130.175
    endloop
  endfacet
  facet normal 0 0 1
    outer loop
      vertex 46.4866 13.1106 130.175
      vertex 48.8927 13.7892 130.175
      vertex 48.3137 15.6981 130.175
    endloop
  endfacet
  facet normal 0 0 1
    outer loop
      vertex 50.4479 -5.9709 130.175
      vertex 47.9652 -5.67706 130.175
      vertex 50.1746 -7.94687 130.175
    endloop
  endfacet
  facet normal -0 0 1
    outer loop
      vertex 47.7053 -7.55578 130.175
      vertex 50.1746 -7.94687 130.175
      vertex 47.9652 -5.67706 130.175
    endloop
  endfacet
  facet normal 0 0 1
    outer loop
      vertex 50.7608 1.9944 130.175
      vertex 48.2628 1.89625 130.175
      vertex 48.3 0 130.175
    endloop
  endfacet
  facet normal 0 0 1
    outer loop
      vertex 50.6434 3.98572 130.175
      vertex 48.1511 3.78957 130.175
      vertex 48.2628 1.89625 130.175
    endloop
  endfacet
  facet normal 0 0 1
    outer loop
      vertex 50.4479 5.9709 130.175
      vertex 47.9652 5.67706 130.175
      vertex 48.1511 3.78957 130.175
    endloop
  endfacet
  facet normal 0 0 1
    outer loop
      vertex 50.1746 7.94687 130.175
      vertex 47.7053 7.55578 130.175
      vertex 47.9652 5.67706 130.175
    endloop
  endfacet
  facet normal 0 0 1
    outer loop
      vertex 45.936 14.9255 130.175
      vertex 48.3137 15.6981 130.175
      vertex 47.6601 17.5827 130.175
    endloop
  endfacet
  facet normal 0 0 1
    outer loop
      vertex 49.8239 9.91059 130.175
      vertex 47.3719 9.42286 130.175
      vertex 47.7053 7.55578 130.175
    endloop
  endfacet
  facet normal 0 0 1
    outer loop
      vertex 49.3964 11.859 130.175
      vertex 46.9655 11.2754 130.175
      vertex 47.3719 9.42286 130.175
    endloop
  endfacet
  facet normal 0 0 1
    outer loop
      vertex 45.3146 16.7175 130.175
      vertex 47.6601 17.5827 130.175
      vertex 46.9331 19.4403 130.175
    endloop
  endfacet
  facet normal 0 0 1
    outer loop
      vertex 48.8927 13.7892 130.175
      vertex 46.4866 13.1106 130.175
      vertex 46.9655 11.2754 130.175
    endloop
  endfacet
  facet normal 0 0 1
    outer loop
      vertex 44.6234 18.4836 130.175
      vertex 46.9331 19.4403 130.175
      vertex 46.1337 21.2679 130.175
    endloop
  endfacet
  facet normal 0 0 1
    outer loop
      vertex 48.3137 15.6981 130.175
      vertex 45.936 14.9255 130.175
      vertex 46.4866 13.1106 130.175
    endloop
  endfacet
  facet normal 0 0 1
    outer loop
      vertex 47.6601 17.5827 130.175
      vertex 45.3146 16.7175 130.175
      vertex 45.936 14.9255 130.175
    endloop
  endfacet
  facet normal 0 0 1
    outer loop
      vertex 43.8633 20.2213 130.175
      vertex 46.1337 21.2679 130.175
      vertex 45.2631 23.0627 130.175
    endloop
  endfacet
  facet normal 0 0 1
    outer loop
      vertex 46.9331 19.4403 130.175
      vertex 44.6234 18.4836 130.175
      vertex 45.3146 16.7175 130.175
    endloop
  endfacet
  facet normal 0 0 1
    outer loop
      vertex 43.0356 21.9277 130.175
      vertex 45.2631 23.0627 130.175
      vertex 44.3228 24.822 130.175
    endloop
  endfacet
  facet normal 0 0 1
    outer loop
      vertex 46.1337 21.2679 130.175
      vertex 43.8633 20.2213 130.175
      vertex 44.6234 18.4836 130.175
    endloop
  endfacet
  facet normal 0 0 1
    outer loop
      vertex 42.1416 23.6004 130.175
      vertex 44.3228 24.822 130.175
      vertex 43.3141 26.5429 130.175
    endloop
  endfacet
  facet normal 0 0 1
    outer loop
      vertex 45.2631 23.0627 130.175
      vertex 43.0356 21.9277 130.175
      vertex 43.8633 20.2213 130.175
    endloop
  endfacet
  facet normal 0 0 1
    outer loop
      vertex 41.1825 25.2367 130.175
      vertex 43.3141 26.5429 130.175
      vertex 42.2387 28.223 130.175
    endloop
  endfacet
  facet normal 0 0 1
    outer loop
      vertex 44.3228 24.822 130.175
      vertex 42.1416 23.6004 130.175
      vertex 43.0356 21.9277 130.175
    endloop
  endfacet
  facet normal 0 0 1
    outer loop
      vertex 43.3141 26.5429 130.175
      vertex 41.1825 25.2367 130.175
      vertex 42.1416 23.6004 130.175
    endloop
  endfacet
  facet normal 0 0 1
    outer loop
      vertex 40.16 26.834 130.175
      vertex 42.2387 28.223 130.175
      vertex 41.0981 29.8595 130.175
    endloop
  endfacet
  facet normal 0 0 1
    outer loop
      vertex 42.2387 28.223 130.175
      vertex 40.16 26.834 130.175
      vertex 41.1825 25.2367 130.175
    endloop
  endfacet
  facet normal 0 0 1
    outer loop
      vertex 39.0755 28.39 130.175
      vertex 41.0981 29.8595 130.175
      vertex 39.8941 31.45 130.175
    endloop
  endfacet
  facet normal 0 0 1
    outer loop
      vertex 41.0981 29.8595 130.175
      vertex 39.0755 28.39 130.175
      vertex 40.16 26.834 130.175
    endloop
  endfacet
  facet normal 0 0 1
    outer loop
      vertex 37.9308 29.9022 130.175
      vertex 39.8941 31.45 130.175
      vertex 38.6286 32.992 130.175
    endloop
  endfacet
  facet normal 0 0 1
    outer loop
      vertex 39.8941 31.45 130.175
      vertex 37.9308 29.9022 130.175
      vertex 39.0755 28.39 130.175
    endloop
  endfacet
  facet normal 0 0 1
    outer loop
      vertex 36.7276 31.3683 130.175
      vertex 38.6286 32.992 130.175
      vertex 37.3036 34.4831 130.175
    endloop
  endfacet
  facet normal 0 0 1
    outer loop
      vertex 38.6286 32.992 130.175
      vertex 36.7276 31.3683 130.175
      vertex 37.9308 29.9022 130.175
    endloop
  endfacet
  facet normal 0 0 1
    outer loop
      vertex 35.4678 32.7861 130.175
      vertex 37.3036 34.4831 130.175
      vertex 35.921 35.921 130.175
    endloop
  endfacet
  facet normal 0 0 1
    outer loop
      vertex 37.3036 34.4831 130.175
      vertex 35.4678 32.7861 130.175
      vertex 36.7276 31.3683 130.175
    endloop
  endfacet
  facet normal 0 0 1
    outer loop
      vertex 34.1533 34.1533 130.175
      vertex 35.921 35.921 130.175
      vertex 34.4831 37.3036 130.175
    endloop
  endfacet
  facet normal 0 0 1
    outer loop
      vertex 35.921 35.921 130.175
      vertex 34.1533 34.1533 130.175
      vertex 35.4678 32.7861 130.175
    endloop
  endfacet
  facet normal 0 0 1
    outer loop
      vertex 32.7861 35.4678 130.175
      vertex 34.4831 37.3036 130.175
      vertex 32.992 38.6286 130.175
    endloop
  endfacet
  facet normal 0 0 1
    outer loop
      vertex 34.4831 37.3036 130.175
      vertex 32.7861 35.4678 130.175
      vertex 34.1533 34.1533 130.175
    endloop
  endfacet
  facet normal 0 0 1
    outer loop
      vertex 31.3683 36.7276 130.175
      vertex 32.992 38.6286 130.175
      vertex 31.45 39.8941 130.175
    endloop
  endfacet
  facet normal 0 0 1
    outer loop
      vertex 32.992 38.6286 130.175
      vertex 31.3683 36.7276 130.175
      vertex 32.7861 35.4678 130.175
    endloop
  endfacet
  facet normal 0 0 1
    outer loop
      vertex 31.45 39.8941 130.175
      vertex 29.9022 37.9308 130.175
      vertex 31.3683 36.7276 130.175
    endloop
  endfacet
  facet normal 0 0 1
    outer loop
      vertex 29.8595 41.0981 130.175
      vertex 29.9022 37.9308 130.175
      vertex 31.45 39.8941 130.175
    endloop
  endfacet
  facet normal 0 0 1
    outer loop
      vertex 29.8595 41.0981 130.175
      vertex 28.39 39.0755 130.175
      vertex 29.9022 37.9308 130.175
    endloop
  endfacet
  facet normal 0 0 1
    outer loop
      vertex 28.223 42.2387 130.175
      vertex 28.39 39.0755 130.175
      vertex 29.8595 41.0981 130.175
    endloop
  endfacet
  facet normal 0 0 1
    outer loop
      vertex 28.223 42.2387 130.175
      vertex 26.834 40.16 130.175
      vertex 28.39 39.0755 130.175
    endloop
  endfacet
  facet normal 0 0 1
    outer loop
      vertex 26.5429 43.3141 130.175
      vertex 26.834 40.16 130.175
      vertex 28.223 42.2387 130.175
    endloop
  endfacet
  facet normal 0 0 1
    outer loop
      vertex 26.5429 43.3141 130.175
      vertex 25.2367 41.1825 130.175
      vertex 26.834 40.16 130.175
    endloop
  endfacet
  facet normal 0 0 1
    outer loop
      vertex 24.822 44.3228 130.175
      vertex 25.2367 41.1825 130.175
      vertex 26.5429 43.3141 130.175
    endloop
  endfacet
  facet normal 0 0 1
    outer loop
      vertex 24.822 44.3228 130.175
      vertex 23.6004 42.1416 130.175
      vertex 25.2367 41.1825 130.175
    endloop
  endfacet
  facet normal 0 0 1
    outer loop
      vertex 23.0627 45.2631 130.175
      vertex 23.6004 42.1416 130.175
      vertex 24.822 44.3228 130.175
    endloop
  endfacet
  facet normal 0 0 1
    outer loop
      vertex 23.0627 45.2631 130.175
      vertex 21.9277 43.0356 130.175
      vertex 23.6004 42.1416 130.175
    endloop
  endfacet
  facet normal 0 0 1
    outer loop
      vertex 21.2679 46.1337 130.175
      vertex 21.9277 43.0356 130.175
      vertex 23.0627 45.2631 130.175
    endloop
  endfacet
  facet normal 0 0 1
    outer loop
      vertex 21.2679 46.1337 130.175
      vertex 20.2213 43.8633 130.175
      vertex 21.9277 43.0356 130.175
    endloop
  endfacet
  facet normal 0 0 1
    outer loop
      vertex 19.4403 46.9331 130.175
      vertex 20.2213 43.8633 130.175
      vertex 21.2679 46.1337 130.175
    endloop
  endfacet
  facet normal 0 0 1
    outer loop
      vertex 19.4403 46.9331 130.175
      vertex 18.4836 44.6234 130.175
      vertex 20.2213 43.8633 130.175
    endloop
  endfacet
  facet normal 0 0 1
    outer loop
      vertex 17.5827 47.6601 130.175
      vertex 18.4836 44.6234 130.175
      vertex 19.4403 46.9331 130.175
    endloop
  endfacet
  facet normal 0 0 1
    outer loop
      vertex 17.5827 47.6601 130.175
      vertex 16.7175 45.3146 130.175
      vertex 18.4836 44.6234 130.175
    endloop
  endfacet
  facet normal 0 0 1
    outer loop
      vertex 15.6981 48.3137 130.175
      vertex 16.7175 45.3146 130.175
      vertex 17.5827 47.6601 130.175
    endloop
  endfacet
  facet normal 0 0 1
    outer loop
      vertex 15.6981 48.3137 130.175
      vertex 14.9255 45.936 130.175
      vertex 16.7175 45.3146 130.175
    endloop
  endfacet
  facet normal 0 0 1
    outer loop
      vertex 13.7892 48.8927 130.175
      vertex 14.9255 45.936 130.175
      vertex 15.6981 48.3137 130.175
    endloop
  endfacet
  facet normal 0 0 1
    outer loop
      vertex 13.7892 48.8927 130.175
      vertex 13.1106 46.4866 130.175
      vertex 14.9255 45.936 130.175
    endloop
  endfacet
  facet normal 0 0 1
    outer loop
      vertex 11.859 49.3964 130.175
      vertex 13.1106 46.4866 130.175
      vertex 13.7892 48.8927 130.175
    endloop
  endfacet
  facet normal 0 0 1
    outer loop
      vertex 11.859 49.3964 130.175
      vertex 11.2754 46.9655 130.175
      vertex 13.1106 46.4866 130.175
    endloop
  endfacet
  facet normal 0 0 1
    outer loop
      vertex 9.91059 49.8239 130.175
      vertex 11.2754 46.9655 130.175
      vertex 11.859 49.3964 130.175
    endloop
  endfacet
  facet normal 0 0 1
    outer loop
      vertex 9.91059 49.8239 130.175
      vertex 9.42286 47.3719 130.175
      vertex 11.2754 46.9655 130.175
    endloop
  endfacet
  facet normal 0 0 1
    outer loop
      vertex 7.94687 50.1746 130.175
      vertex 9.42286 47.3719 130.175
      vertex 9.91059 49.8239 130.175
    endloop
  endfacet
  facet normal 0 0 1
    outer loop
      vertex 7.94687 50.1746 130.175
      vertex 7.55578 47.7053 130.175
      vertex 9.42286 47.3719 130.175
    endloop
  endfacet
  facet normal 0 0 1
    outer loop
      vertex 5.9709 50.4479 130.175
      vertex 7.55578 47.7053 130.175
      vertex 7.94687 50.1746 130.175
    endloop
  endfacet
  facet normal 0 0 1
    outer loop
      vertex 5.9709 50.4479 130.175
      vertex 5.67706 47.9652 130.175
      vertex 7.55578 47.7053 130.175
    endloop
  endfacet
  facet normal 0 0 1
    outer loop
      vertex 3.98572 50.6434 130.175
      vertex 5.67706 47.9652 130.175
      vertex 5.9709 50.4479 130.175
    endloop
  endfacet
  facet normal 0 0 1
    outer loop
      vertex 3.98572 50.6434 130.175
      vertex 3.78957 48.1511 130.175
      vertex 5.67706 47.9652 130.175
    endloop
  endfacet
  facet normal 0 0 1
    outer loop
      vertex 1.9944 50.7608 130.175
      vertex 3.78957 48.1511 130.175
      vertex 3.98572 50.6434 130.175
    endloop
  endfacet
  facet normal 0 0 1
    outer loop
      vertex 1.9944 50.7608 130.175
      vertex 1.89625 48.2628 130.175
      vertex 3.78957 48.1511 130.175
    endloop
  endfacet
  facet normal 0 0 1
    outer loop
      vertex 0 50.8 130.175
      vertex 1.89625 48.2628 130.175
      vertex 1.9944 50.7608 130.175
    endloop
  endfacet
  facet normal 0 0 1
    outer loop
      vertex 0 50.8 130.175
      vertex 0 48.3 130.175
      vertex 1.89625 48.2628 130.175
    endloop
  endfacet
  facet normal 0 0 1
    outer loop
      vertex 0 50.8 130.175
      vertex -1.89625 48.2628 130.175
      vertex 0 48.3 130.175
    endloop
  endfacet
  facet normal -0 0 1
    outer loop
      vertex -1.9944 50.7608 130.175
      vertex -1.89625 48.2628 130.175
      vertex 0 50.8 130.175
    endloop
  endfacet
  facet normal 0 0 1
    outer loop
      vertex -1.9944 50.7608 130.175
      vertex -3.78957 48.1511 130.175
      vertex -1.89625 48.2628 130.175
    endloop
  endfacet
  facet normal -0 0 1
    outer loop
      vertex -3.98572 50.6434 130.175
      vertex -3.78957 48.1511 130.175
      vertex -1.9944 50.7608 130.175
    endloop
  endfacet
  facet normal 0 0 1
    outer loop
      vertex -3.98572 50.6434 130.175
      vertex -5.67706 47.9652 130.175
      vertex -3.78957 48.1511 130.175
    endloop
  endfacet
  facet normal -0 0 1
    outer loop
      vertex -5.9709 50.4479 130.175
      vertex -5.67706 47.9652 130.175
      vertex -3.98572 50.6434 130.175
    endloop
  endfacet
  facet normal 0 0 1
    outer loop
      vertex -5.9709 50.4479 130.175
      vertex -7.55578 47.7053 130.175
      vertex -5.67706 47.9652 130.175
    endloop
  endfacet
  facet normal -0 0 1
    outer loop
      vertex -7.94687 50.1746 130.175
      vertex -7.55578 47.7053 130.175
      vertex -5.9709 50.4479 130.175
    endloop
  endfacet
  facet normal 0 0 1
    outer loop
      vertex -7.94687 50.1746 130.175
      vertex -9.42286 47.3719 130.175
      vertex -7.55578 47.7053 130.175
    endloop
  endfacet
  facet normal -0 0 1
    outer loop
      vertex -9.91059 49.8239 130.175
      vertex -9.42286 47.3719 130.175
      vertex -7.94687 50.1746 130.175
    endloop
  endfacet
  facet normal 0 0 1
    outer loop
      vertex -9.91059 49.8239 130.175
      vertex -11.2754 46.9655 130.175
      vertex -9.42286 47.3719 130.175
    endloop
  endfacet
  facet normal -0 0 1
    outer loop
      vertex -11.859 49.3964 130.175
      vertex -11.2754 46.9655 130.175
      vertex -9.91059 49.8239 130.175
    endloop
  endfacet
  facet normal 0 0 1
    outer loop
      vertex -11.859 49.3964 130.175
      vertex -13.1106 46.4866 130.175
      vertex -11.2754 46.9655 130.175
    endloop
  endfacet
  facet normal -0 0 1
    outer loop
      vertex -13.7892 48.8927 130.175
      vertex -13.1106 46.4866 130.175
      vertex -11.859 49.3964 130.175
    endloop
  endfacet
  facet normal 0 0 1
    outer loop
      vertex -13.7892 48.8927 130.175
      vertex -14.9255 45.936 130.175
      vertex -13.1106 46.4866 130.175
    endloop
  endfacet
  facet normal -0 0 1
    outer loop
      vertex -15.6981 48.3137 130.175
      vertex -14.9255 45.936 130.175
      vertex -13.7892 48.8927 130.175
    endloop
  endfacet
  facet normal 0 0 1
    outer loop
      vertex -15.6981 48.3137 130.175
      vertex -16.7175 45.3146 130.175
      vertex -14.9255 45.936 130.175
    endloop
  endfacet
  facet normal -0 0 1
    outer loop
      vertex -17.5827 47.6601 130.175
      vertex -16.7175 45.3146 130.175
      vertex -15.6981 48.3137 130.175
    endloop
  endfacet
  facet normal 0 0 1
    outer loop
      vertex -17.5827 47.6601 130.175
      vertex -18.4836 44.6234 130.175
      vertex -16.7175 45.3146 130.175
    endloop
  endfacet
  facet normal -0 0 1
    outer loop
      vertex -19.4403 46.9331 130.175
      vertex -18.4836 44.6234 130.175
      vertex -17.5827 47.6601 130.175
    endloop
  endfacet
  facet normal 0 0 1
    outer loop
      vertex -19.4403 46.9331 130.175
      vertex -20.2213 43.8633 130.175
      vertex -18.4836 44.6234 130.175
    endloop
  endfacet
  facet normal -0 0 1
    outer loop
      vertex -21.2679 46.1337 130.175
      vertex -20.2213 43.8633 130.175
      vertex -19.4403 46.9331 130.175
    endloop
  endfacet
  facet normal 0 0 1
    outer loop
      vertex -21.2679 46.1337 130.175
      vertex -21.9277 43.0356 130.175
      vertex -20.2213 43.8633 130.175
    endloop
  endfacet
  facet normal -0 0 1
    outer loop
      vertex -23.0627 45.2631 130.175
      vertex -21.9277 43.0356 130.175
      vertex -21.2679 46.1337 130.175
    endloop
  endfacet
  facet normal 0 0 1
    outer loop
      vertex -23.0627 45.2631 130.175
      vertex -23.6004 42.1416 130.175
      vertex -21.9277 43.0356 130.175
    endloop
  endfacet
  facet normal -0 0 1
    outer loop
      vertex -24.822 44.3228 130.175
      vertex -23.6004 42.1416 130.175
      vertex -23.0627 45.2631 130.175
    endloop
  endfacet
  facet normal 0 0 1
    outer loop
      vertex -24.822 44.3228 130.175
      vertex -25.2367 41.1825 130.175
      vertex -23.6004 42.1416 130.175
    endloop
  endfacet
  facet normal -0 0 1
    outer loop
      vertex -26.5429 43.3141 130.175
      vertex -25.2367 41.1825 130.175
      vertex -24.822 44.3228 130.175
    endloop
  endfacet
  facet normal 0 0 1
    outer loop
      vertex -26.5429 43.3141 130.175
      vertex -26.834 40.16 130.175
      vertex -25.2367 41.1825 130.175
    endloop
  endfacet
  facet normal -0 0 1
    outer loop
      vertex -28.223 42.2387 130.175
      vertex -26.834 40.16 130.175
      vertex -26.5429 43.3141 130.175
    endloop
  endfacet
  facet normal 0 0 1
    outer loop
      vertex -28.223 42.2387 130.175
      vertex -28.39 39.0755 130.175
      vertex -26.834 40.16 130.175
    endloop
  endfacet
  facet normal -0 0 1
    outer loop
      vertex -29.8595 41.0981 130.175
      vertex -28.39 39.0755 130.175
      vertex -28.223 42.2387 130.175
    endloop
  endfacet
  facet normal 0 0 1
    outer loop
      vertex -29.8595 41.0981 130.175
      vertex -29.9022 37.9308 130.175
      vertex -28.39 39.0755 130.175
    endloop
  endfacet
  facet normal -0 0 1
    outer loop
      vertex -31.45 39.8941 130.175
      vertex -29.9022 37.9308 130.175
      vertex -29.8595 41.0981 130.175
    endloop
  endfacet
  facet normal 0 0 1
    outer loop
      vertex -29.9022 37.9308 130.175
      vertex -31.45 39.8941 130.175
      vertex -31.3683 36.7276 130.175
    endloop
  endfacet
  facet normal -0 0 1
    outer loop
      vertex -32.992 38.6286 130.175
      vertex -31.3683 36.7276 130.175
      vertex -31.45 39.8941 130.175
    endloop
  endfacet
  facet normal 0 0 1
    outer loop
      vertex -31.3683 36.7276 130.175
      vertex -32.992 38.6286 130.175
      vertex -32.7861 35.4678 130.175
    endloop
  endfacet
  facet normal -0 0 1
    outer loop
      vertex -34.4831 37.3036 130.175
      vertex -32.7861 35.4678 130.175
      vertex -32.992 38.6286 130.175
    endloop
  endfacet
  facet normal 0 0 1
    outer loop
      vertex -32.7861 35.4678 130.175
      vertex -34.4831 37.3036 130.175
      vertex -34.1533 34.1533 130.175
    endloop
  endfacet
  facet normal -0 0 1
    outer loop
      vertex -35.921 35.921 130.175
      vertex -34.1533 34.1533 130.175
      vertex -34.4831 37.3036 130.175
    endloop
  endfacet
  facet normal 0 0 1
    outer loop
      vertex -34.1533 34.1533 130.175
      vertex -35.921 35.921 130.175
      vertex -35.4678 32.7861 130.175
    endloop
  endfacet
  facet normal -0 0 1
    outer loop
      vertex -37.3036 34.4831 130.175
      vertex -35.4678 32.7861 130.175
      vertex -35.921 35.921 130.175
    endloop
  endfacet
  facet normal 0 0 1
    outer loop
      vertex -35.4678 32.7861 130.175
      vertex -37.3036 34.4831 130.175
      vertex -36.7276 31.3683 130.175
    endloop
  endfacet
  facet normal -0 0 1
    outer loop
      vertex -38.6286 32.992 130.175
      vertex -36.7276 31.3683 130.175
      vertex -37.3036 34.4831 130.175
    endloop
  endfacet
  facet normal 0 0 1
    outer loop
      vertex -36.7276 31.3683 130.175
      vertex -38.6286 32.992 130.175
      vertex -37.9308 29.9022 130.175
    endloop
  endfacet
  facet normal -0 0 1
    outer loop
      vertex -39.8941 31.45 130.175
      vertex -37.9308 29.9022 130.175
      vertex -38.6286 32.992 130.175
    endloop
  endfacet
  facet normal 0 0 1
    outer loop
      vertex -37.9308 29.9022 130.175
      vertex -39.8941 31.45 130.175
      vertex -39.0755 28.39 130.175
    endloop
  endfacet
  facet normal -0 0 1
    outer loop
      vertex -41.0981 29.8595 130.175
      vertex -39.0755 28.39 130.175
      vertex -39.8941 31.45 130.175
    endloop
  endfacet
  facet normal 0 0 1
    outer loop
      vertex -39.0755 28.39 130.175
      vertex -41.0981 29.8595 130.175
      vertex -40.16 26.834 130.175
    endloop
  endfacet
  facet normal -0 0 1
    outer loop
      vertex -42.2387 28.223 130.175
      vertex -40.16 26.834 130.175
      vertex -41.0981 29.8595 130.175
    endloop
  endfacet
  facet normal 0 0 1
    outer loop
      vertex -40.16 26.834 130.175
      vertex -42.2387 28.223 130.175
      vertex -41.1825 25.2367 130.175
    endloop
  endfacet
  facet normal -0 0 1
    outer loop
      vertex -43.3141 26.5429 130.175
      vertex -41.1825 25.2367 130.175
      vertex -42.2387 28.223 130.175
    endloop
  endfacet
  facet normal 0 0 1
    outer loop
      vertex -41.1825 25.2367 130.175
      vertex -43.3141 26.5429 130.175
      vertex -42.1416 23.6004 130.175
    endloop
  endfacet
  facet normal -0 0 1
    outer loop
      vertex -44.3228 24.822 130.175
      vertex -42.1416 23.6004 130.175
      vertex -43.3141 26.5429 130.175
    endloop
  endfacet
  facet normal 0 0 1
    outer loop
      vertex -42.1416 23.6004 130.175
      vertex -44.3228 24.822 130.175
      vertex -43.0356 21.9277 130.175
    endloop
  endfacet
  facet normal -0 0 1
    outer loop
      vertex -45.2631 23.0627 130.175
      vertex -43.0356 21.9277 130.175
      vertex -44.3228 24.822 130.175
    endloop
  endfacet
  facet normal 0 0 1
    outer loop
      vertex -43.0356 21.9277 130.175
      vertex -45.2631 23.0627 130.175
      vertex -43.8633 20.2213 130.175
    endloop
  endfacet
  facet normal -0 0 1
    outer loop
      vertex -46.1337 21.2679 130.175
      vertex -43.8633 20.2213 130.175
      vertex -45.2631 23.0627 130.175
    endloop
  endfacet
  facet normal 0 0 1
    outer loop
      vertex -43.8633 20.2213 130.175
      vertex -46.1337 21.2679 130.175
      vertex -44.6234 18.4836 130.175
    endloop
  endfacet
  facet normal -0 0 1
    outer loop
      vertex -46.9331 19.4403 130.175
      vertex -44.6234 18.4836 130.175
      vertex -46.1337 21.2679 130.175
    endloop
  endfacet
  facet normal 0 0 1
    outer loop
      vertex -44.6234 18.4836 130.175
      vertex -46.9331 19.4403 130.175
      vertex -45.3146 16.7175 130.175
    endloop
  endfacet
  facet normal -0 0 1
    outer loop
      vertex -47.6601 17.5827 130.175
      vertex -45.3146 16.7175 130.175
      vertex -46.9331 19.4403 130.175
    endloop
  endfacet
  facet normal 0 0 1
    outer loop
      vertex -45.3146 16.7175 130.175
      vertex -47.6601 17.5827 130.175
      vertex -45.936 14.9255 130.175
    endloop
  endfacet
  facet normal -0 0 1
    outer loop
      vertex -48.3137 15.6981 130.175
      vertex -45.936 14.9255 130.175
      vertex -47.6601 17.5827 130.175
    endloop
  endfacet
  facet normal 0 0 1
    outer loop
      vertex -45.936 14.9255 130.175
      vertex -48.3137 15.6981 130.175
      vertex -46.4866 13.1106 130.175
    endloop
  endfacet
  facet normal -0 0 1
    outer loop
      vertex -48.8927 13.7892 130.175
      vertex -46.4866 13.1106 130.175
      vertex -48.3137 15.6981 130.175
    endloop
  endfacet
  facet normal 0 0 1
    outer loop
      vertex -46.4866 13.1106 130.175
      vertex -48.8927 13.7892 130.175
      vertex -46.9655 11.2754 130.175
    endloop
  endfacet
  facet normal -0 0 1
    outer loop
      vertex -49.3964 11.859 130.175
      vertex -46.9655 11.2754 130.175
      vertex -48.8927 13.7892 130.175
    endloop
  endfacet
  facet normal 0 0 1
    outer loop
      vertex -46.9655 11.2754 130.175
      vertex -49.3964 11.859 130.175
      vertex -47.3719 9.42286 130.175
    endloop
  endfacet
  facet normal -0 0 1
    outer loop
      vertex -49.8239 9.91059 130.175
      vertex -47.3719 9.42286 130.175
      vertex -49.3964 11.859 130.175
    endloop
  endfacet
  facet normal -0 0 1
    outer loop
      vertex -50.1746 7.94687 130.175
      vertex -47.7053 7.55578 130.175
      vertex -49.8239 9.91059 130.175
    endloop
  endfacet
  facet normal 0 0 1
    outer loop
      vertex -47.3719 9.42286 130.175
      vertex -49.8239 9.91059 130.175
      vertex -47.7053 7.55578 130.175
    endloop
  endfacet
  facet normal 0 0 1
    outer loop
      vertex 50.1746 -7.94687 130.175
      vertex 47.7053 -7.55578 130.175
      vertex 49.8239 -9.91059 130.175
    endloop
  endfacet
  facet normal -0 0 1
    outer loop
      vertex 47.3719 -9.42286 130.175
      vertex 49.8239 -9.91059 130.175
      vertex 47.7053 -7.55578 130.175
    endloop
  endfacet
  facet normal 0 0 1
    outer loop
      vertex 49.8239 -9.91059 130.175
      vertex 47.3719 -9.42286 130.175
      vertex 49.3964 -11.859 130.175
    endloop
  endfacet
  facet normal -0 0 1
    outer loop
      vertex 46.9655 -11.2754 130.175
      vertex 49.3964 -11.859 130.175
      vertex 47.3719 -9.42286 130.175
    endloop
  endfacet
  facet normal 0 0 1
    outer loop
      vertex 49.3964 -11.859 130.175
      vertex 46.9655 -11.2754 130.175
      vertex 48.8927 -13.7892 130.175
    endloop
  endfacet
  facet normal -0 0 1
    outer loop
      vertex 46.4866 -13.1106 130.175
      vertex 48.8927 -13.7892 130.175
      vertex 46.9655 -11.2754 130.175
    endloop
  endfacet
  facet normal 0 0 1
    outer loop
      vertex 48.8927 -13.7892 130.175
      vertex 46.4866 -13.1106 130.175
      vertex 48.3137 -15.6981 130.175
    endloop
  endfacet
  facet normal -0 0 1
    outer loop
      vertex 45.936 -14.9255 130.175
      vertex 48.3137 -15.6981 130.175
      vertex 46.4866 -13.1106 130.175
    endloop
  endfacet
  facet normal 0 0 1
    outer loop
      vertex 48.3137 -15.6981 130.175
      vertex 45.936 -14.9255 130.175
      vertex 47.6601 -17.5827 130.175
    endloop
  endfacet
  facet normal -0 0 1
    outer loop
      vertex 45.3146 -16.7175 130.175
      vertex 47.6601 -17.5827 130.175
      vertex 45.936 -14.9255 130.175
    endloop
  endfacet
  facet normal 0 0 1
    outer loop
      vertex 47.6601 -17.5827 130.175
      vertex 45.3146 -16.7175 130.175
      vertex 46.9331 -19.4403 130.175
    endloop
  endfacet
  facet normal -0 0 1
    outer loop
      vertex 44.6234 -18.4836 130.175
      vertex 46.9331 -19.4403 130.175
      vertex 45.3146 -16.7175 130.175
    endloop
  endfacet
  facet normal 0 0 1
    outer loop
      vertex 46.9331 -19.4403 130.175
      vertex 44.6234 -18.4836 130.175
      vertex 46.1337 -21.2679 130.175
    endloop
  endfacet
  facet normal -0 0 1
    outer loop
      vertex 43.8633 -20.2213 130.175
      vertex 46.1337 -21.2679 130.175
      vertex 44.6234 -18.4836 130.175
    endloop
  endfacet
  facet normal 0 0 1
    outer loop
      vertex 46.1337 -21.2679 130.175
      vertex 43.8633 -20.2213 130.175
      vertex 45.2631 -23.0627 130.175
    endloop
  endfacet
  facet normal -0 0 1
    outer loop
      vertex 43.0356 -21.9277 130.175
      vertex 45.2631 -23.0627 130.175
      vertex 43.8633 -20.2213 130.175
    endloop
  endfacet
  facet normal 0 0 1
    outer loop
      vertex 45.2631 -23.0627 130.175
      vertex 43.0356 -21.9277 130.175
      vertex 44.3228 -24.822 130.175
    endloop
  endfacet
  facet normal -0 0 1
    outer loop
      vertex 42.1416 -23.6004 130.175
      vertex 44.3228 -24.822 130.175
      vertex 43.0356 -21.9277 130.175
    endloop
  endfacet
  facet normal 0 0 1
    outer loop
      vertex 44.3228 -24.822 130.175
      vertex 42.1416 -23.6004 130.175
      vertex 43.3141 -26.5429 130.175
    endloop
  endfacet
  facet normal -0 0 1
    outer loop
      vertex 41.1825 -25.2367 130.175
      vertex 43.3141 -26.5429 130.175
      vertex 42.1416 -23.6004 130.175
    endloop
  endfacet
  facet normal 0 0 1
    outer loop
      vertex 43.3141 -26.5429 130.175
      vertex 41.1825 -25.2367 130.175
      vertex 42.2387 -28.223 130.175
    endloop
  endfacet
  facet normal -0 0 1
    outer loop
      vertex 40.16 -26.834 130.175
      vertex 42.2387 -28.223 130.175
      vertex 41.1825 -25.2367 130.175
    endloop
  endfacet
  facet normal 0 0 1
    outer loop
      vertex 42.2387 -28.223 130.175
      vertex 40.16 -26.834 130.175
      vertex 41.0981 -29.8595 130.175
    endloop
  endfacet
  facet normal -0 0 1
    outer loop
      vertex 39.0755 -28.39 130.175
      vertex 41.0981 -29.8595 130.175
      vertex 40.16 -26.834 130.175
    endloop
  endfacet
  facet normal 0 0 1
    outer loop
      vertex 41.0981 -29.8595 130.175
      vertex 39.0755 -28.39 130.175
      vertex 39.8941 -31.45 130.175
    endloop
  endfacet
  facet normal -0 0 1
    outer loop
      vertex 37.9308 -29.9022 130.175
      vertex 39.8941 -31.45 130.175
      vertex 39.0755 -28.39 130.175
    endloop
  endfacet
  facet normal 0 0 1
    outer loop
      vertex 39.8941 -31.45 130.175
      vertex 37.9308 -29.9022 130.175
      vertex 38.6286 -32.992 130.175
    endloop
  endfacet
  facet normal -0 0 1
    outer loop
      vertex 36.7276 -31.3683 130.175
      vertex 38.6286 -32.992 130.175
      vertex 37.9308 -29.9022 130.175
    endloop
  endfacet
  facet normal 0 0 1
    outer loop
      vertex 38.6286 -32.992 130.175
      vertex 36.7276 -31.3683 130.175
      vertex 37.3036 -34.4831 130.175
    endloop
  endfacet
  facet normal -0 0 1
    outer loop
      vertex 35.4678 -32.7861 130.175
      vertex 37.3036 -34.4831 130.175
      vertex 36.7276 -31.3683 130.175
    endloop
  endfacet
  facet normal 0 0 1
    outer loop
      vertex 37.3036 -34.4831 130.175
      vertex 35.4678 -32.7861 130.175
      vertex 35.921 -35.921 130.175
    endloop
  endfacet
  facet normal -0 0 1
    outer loop
      vertex 34.1533 -34.1533 130.175
      vertex 35.921 -35.921 130.175
      vertex 35.4678 -32.7861 130.175
    endloop
  endfacet
  facet normal 0 0 1
    outer loop
      vertex 35.921 -35.921 130.175
      vertex 34.1533 -34.1533 130.175
      vertex 34.4831 -37.3036 130.175
    endloop
  endfacet
  facet normal -0 0 1
    outer loop
      vertex 32.7861 -35.4678 130.175
      vertex 34.4831 -37.3036 130.175
      vertex 34.1533 -34.1533 130.175
    endloop
  endfacet
  facet normal 0 0 1
    outer loop
      vertex 34.4831 -37.3036 130.175
      vertex 32.7861 -35.4678 130.175
      vertex 32.992 -38.6286 130.175
    endloop
  endfacet
  facet normal -0 0 1
    outer loop
      vertex 31.3683 -36.7276 130.175
      vertex 32.992 -38.6286 130.175
      vertex 32.7861 -35.4678 130.175
    endloop
  endfacet
  facet normal 0 0 1
    outer loop
      vertex 32.992 -38.6286 130.175
      vertex 31.3683 -36.7276 130.175
      vertex 31.45 -39.8941 130.175
    endloop
  endfacet
  facet normal -0 0 1
    outer loop
      vertex 29.9022 -37.9308 130.175
      vertex 31.45 -39.8941 130.175
      vertex 31.3683 -36.7276 130.175
    endloop
  endfacet
  facet normal 0 0 1
    outer loop
      vertex 29.9022 -37.9308 130.175
      vertex 29.8595 -41.0981 130.175
      vertex 31.45 -39.8941 130.175
    endloop
  endfacet
  facet normal -0 0 1
    outer loop
      vertex 28.39 -39.0755 130.175
      vertex 29.8595 -41.0981 130.175
      vertex 29.9022 -37.9308 130.175
    endloop
  endfacet
  facet normal 0 0 1
    outer loop
      vertex 28.39 -39.0755 130.175
      vertex 28.223 -42.2387 130.175
      vertex 29.8595 -41.0981 130.175
    endloop
  endfacet
  facet normal -0 0 1
    outer loop
      vertex 26.834 -40.16 130.175
      vertex 28.223 -42.2387 130.175
      vertex 28.39 -39.0755 130.175
    endloop
  endfacet
  facet normal 0 0 1
    outer loop
      vertex 26.834 -40.16 130.175
      vertex 26.5429 -43.3141 130.175
      vertex 28.223 -42.2387 130.175
    endloop
  endfacet
  facet normal -0 0 1
    outer loop
      vertex 25.2367 -41.1825 130.175
      vertex 26.5429 -43.3141 130.175
      vertex 26.834 -40.16 130.175
    endloop
  endfacet
  facet normal 0 0 1
    outer loop
      vertex 25.2367 -41.1825 130.175
      vertex 24.822 -44.3228 130.175
      vertex 26.5429 -43.3141 130.175
    endloop
  endfacet
  facet normal -0 0 1
    outer loop
      vertex 23.6004 -42.1416 130.175
      vertex 24.822 -44.3228 130.175
      vertex 25.2367 -41.1825 130.175
    endloop
  endfacet
  facet normal 0 0 1
    outer loop
      vertex 23.6004 -42.1416 130.175
      vertex 23.0627 -45.2631 130.175
      vertex 24.822 -44.3228 130.175
    endloop
  endfacet
  facet normal -0 0 1
    outer loop
      vertex 21.9277 -43.0356 130.175
      vertex 23.0627 -45.2631 130.175
      vertex 23.6004 -42.1416 130.175
    endloop
  endfacet
  facet normal 0 0 1
    outer loop
      vertex 21.9277 -43.0356 130.175
      vertex 21.2679 -46.1337 130.175
      vertex 23.0627 -45.2631 130.175
    endloop
  endfacet
  facet normal -0 0 1
    outer loop
      vertex 20.2213 -43.8633 130.175
      vertex 21.2679 -46.1337 130.175
      vertex 21.9277 -43.0356 130.175
    endloop
  endfacet
  facet normal 0 0 1
    outer loop
      vertex 20.2213 -43.8633 130.175
      vertex 19.4403 -46.9331 130.175
      vertex 21.2679 -46.1337 130.175
    endloop
  endfacet
  facet normal -0 0 1
    outer loop
      vertex 18.4836 -44.6234 130.175
      vertex 19.4403 -46.9331 130.175
      vertex 20.2213 -43.8633 130.175
    endloop
  endfacet
  facet normal 0 0 1
    outer loop
      vertex 18.4836 -44.6234 130.175
      vertex 17.5827 -47.6601 130.175
      vertex 19.4403 -46.9331 130.175
    endloop
  endfacet
  facet normal -0 0 1
    outer loop
      vertex 16.7175 -45.3146 130.175
      vertex 17.5827 -47.6601 130.175
      vertex 18.4836 -44.6234 130.175
    endloop
  endfacet
  facet normal 0 0 1
    outer loop
      vertex 16.7175 -45.3146 130.175
      vertex 15.6981 -48.3137 130.175
      vertex 17.5827 -47.6601 130.175
    endloop
  endfacet
  facet normal -0 0 1
    outer loop
      vertex 14.9255 -45.936 130.175
      vertex 15.6981 -48.3137 130.175
      vertex 16.7175 -45.3146 130.175
    endloop
  endfacet
  facet normal 0 0 1
    outer loop
      vertex 14.9255 -45.936 130.175
      vertex 13.7892 -48.8927 130.175
      vertex 15.6981 -48.3137 130.175
    endloop
  endfacet
  facet normal -0 0 1
    outer loop
      vertex 13.1106 -46.4866 130.175
      vertex 13.7892 -48.8927 130.175
      vertex 14.9255 -45.936 130.175
    endloop
  endfacet
  facet normal 0 0 1
    outer loop
      vertex 13.1106 -46.4866 130.175
      vertex 11.859 -49.3964 130.175
      vertex 13.7892 -48.8927 130.175
    endloop
  endfacet
  facet normal -0 0 1
    outer loop
      vertex 11.2754 -46.9655 130.175
      vertex 11.859 -49.3964 130.175
      vertex 13.1106 -46.4866 130.175
    endloop
  endfacet
  facet normal 0 0 1
    outer loop
      vertex 11.2754 -46.9655 130.175
      vertex 9.91059 -49.8239 130.175
      vertex 11.859 -49.3964 130.175
    endloop
  endfacet
  facet normal -0 0 1
    outer loop
      vertex 9.42286 -47.3719 130.175
      vertex 9.91059 -49.8239 130.175
      vertex 11.2754 -46.9655 130.175
    endloop
  endfacet
  facet normal 0 0 1
    outer loop
      vertex 9.42286 -47.3719 130.175
      vertex 7.94687 -50.1746 130.175
      vertex 9.91059 -49.8239 130.175
    endloop
  endfacet
  facet normal -0 0 1
    outer loop
      vertex 7.55578 -47.7053 130.175
      vertex 7.94687 -50.1746 130.175
      vertex 9.42286 -47.3719 130.175
    endloop
  endfacet
  facet normal 0 0 1
    outer loop
      vertex 7.55578 -47.7053 130.175
      vertex 5.9709 -50.4479 130.175
      vertex 7.94687 -50.1746 130.175
    endloop
  endfacet
  facet normal -0 0 1
    outer loop
      vertex 5.67706 -47.9652 130.175
      vertex 5.9709 -50.4479 130.175
      vertex 7.55578 -47.7053 130.175
    endloop
  endfacet
  facet normal 0 0 1
    outer loop
      vertex 5.67706 -47.9652 130.175
      vertex 3.98572 -50.6434 130.175
      vertex 5.9709 -50.4479 130.175
    endloop
  endfacet
  facet normal -0 0 1
    outer loop
      vertex 3.78957 -48.1511 130.175
      vertex 3.98572 -50.6434 130.175
      vertex 5.67706 -47.9652 130.175
    endloop
  endfacet
  facet normal 0 0 1
    outer loop
      vertex 3.78957 -48.1511 130.175
      vertex 1.9944 -50.7608 130.175
      vertex 3.98572 -50.6434 130.175
    endloop
  endfacet
  facet normal -0 0 1
    outer loop
      vertex 1.89625 -48.2628 130.175
      vertex 1.9944 -50.7608 130.175
      vertex 3.78957 -48.1511 130.175
    endloop
  endfacet
  facet normal -0 0 1
    outer loop
      vertex 0 -48.3 130.175
      vertex 1.9944 -50.7608 130.175
      vertex 1.89625 -48.2628 130.175
    endloop
  endfacet
  facet normal 0 0 1
    outer loop
      vertex 0 -48.3 130.175
      vertex 0 -50.8 130.175
      vertex 1.9944 -50.7608 130.175
    endloop
  endfacet
  facet normal 0 0 1
    outer loop
      vertex -1.89625 -48.2628 130.175
      vertex 0 -50.8 130.175
      vertex 0 -48.3 130.175
    endloop
  endfacet
  facet normal 0 0 1
    outer loop
      vertex -1.89625 -48.2628 130.175
      vertex -1.9944 -50.7608 130.175
      vertex 0 -50.8 130.175
    endloop
  endfacet
  facet normal 0 0 1
    outer loop
      vertex -3.78957 -48.1511 130.175
      vertex -1.9944 -50.7608 130.175
      vertex -1.89625 -48.2628 130.175
    endloop
  endfacet
  facet normal 0 0 1
    outer loop
      vertex -3.78957 -48.1511 130.175
      vertex -3.98572 -50.6434 130.175
      vertex -1.9944 -50.7608 130.175
    endloop
  endfacet
  facet normal 0 0 1
    outer loop
      vertex -5.67706 -47.9652 130.175
      vertex -3.98572 -50.6434 130.175
      vertex -3.78957 -48.1511 130.175
    endloop
  endfacet
  facet normal 0 0 1
    outer loop
      vertex -5.67706 -47.9652 130.175
      vertex -5.9709 -50.4479 130.175
      vertex -3.98572 -50.6434 130.175
    endloop
  endfacet
  facet normal 0 0 1
    outer loop
      vertex -7.55578 -47.7053 130.175
      vertex -5.9709 -50.4479 130.175
      vertex -5.67706 -47.9652 130.175
    endloop
  endfacet
  facet normal 0 0 1
    outer loop
      vertex -7.55578 -47.7053 130.175
      vertex -7.94687 -50.1746 130.175
      vertex -5.9709 -50.4479 130.175
    endloop
  endfacet
  facet normal 0 0 1
    outer loop
      vertex -9.42286 -47.3719 130.175
      vertex -7.94687 -50.1746 130.175
      vertex -7.55578 -47.7053 130.175
    endloop
  endfacet
  facet normal 0 0 1
    outer loop
      vertex -9.42286 -47.3719 130.175
      vertex -9.91059 -49.8239 130.175
      vertex -7.94687 -50.1746 130.175
    endloop
  endfacet
  facet normal 0 0 1
    outer loop
      vertex -11.2754 -46.9655 130.175
      vertex -9.91059 -49.8239 130.175
      vertex -9.42286 -47.3719 130.175
    endloop
  endfacet
  facet normal 0 0 1
    outer loop
      vertex -11.2754 -46.9655 130.175
      vertex -11.859 -49.3964 130.175
      vertex -9.91059 -49.8239 130.175
    endloop
  endfacet
  facet normal 0 0 1
    outer loop
      vertex -13.1106 -46.4866 130.175
      vertex -11.859 -49.3964 130.175
      vertex -11.2754 -46.9655 130.175
    endloop
  endfacet
  facet normal 0 0 1
    outer loop
      vertex -13.1106 -46.4866 130.175
      vertex -13.7892 -48.8927 130.175
      vertex -11.859 -49.3964 130.175
    endloop
  endfacet
  facet normal 0 0 1
    outer loop
      vertex -14.9255 -45.936 130.175
      vertex -13.7892 -48.8927 130.175
      vertex -13.1106 -46.4866 130.175
    endloop
  endfacet
  facet normal 0 0 1
    outer loop
      vertex -14.9255 -45.936 130.175
      vertex -15.6981 -48.3137 130.175
      vertex -13.7892 -48.8927 130.175
    endloop
  endfacet
  facet normal 0 0 1
    outer loop
      vertex -16.7175 -45.3146 130.175
      vertex -15.6981 -48.3137 130.175
      vertex -14.9255 -45.936 130.175
    endloop
  endfacet
  facet normal 0 0 1
    outer loop
      vertex -16.7175 -45.3146 130.175
      vertex -17.5827 -47.6601 130.175
      vertex -15.6981 -48.3137 130.175
    endloop
  endfacet
  facet normal 0 0 1
    outer loop
      vertex -18.4836 -44.6234 130.175
      vertex -17.5827 -47.6601 130.175
      vertex -16.7175 -45.3146 130.175
    endloop
  endfacet
  facet normal 0 0 1
    outer loop
      vertex -18.4836 -44.6234 130.175
      vertex -19.4403 -46.9331 130.175
      vertex -17.5827 -47.6601 130.175
    endloop
  endfacet
  facet normal 0 0 1
    outer loop
      vertex -20.2213 -43.8633 130.175
      vertex -19.4403 -46.9331 130.175
      vertex -18.4836 -44.6234 130.175
    endloop
  endfacet
  facet normal 0 0 1
    outer loop
      vertex -20.2213 -43.8633 130.175
      vertex -21.2679 -46.1337 130.175
      vertex -19.4403 -46.9331 130.175
    endloop
  endfacet
  facet normal 0 0 1
    outer loop
      vertex -21.9277 -43.0356 130.175
      vertex -21.2679 -46.1337 130.175
      vertex -20.2213 -43.8633 130.175
    endloop
  endfacet
  facet normal 0 0 1
    outer loop
      vertex -21.9277 -43.0356 130.175
      vertex -23.0627 -45.2631 130.175
      vertex -21.2679 -46.1337 130.175
    endloop
  endfacet
  facet normal 0 0 1
    outer loop
      vertex -23.6004 -42.1416 130.175
      vertex -23.0627 -45.2631 130.175
      vertex -21.9277 -43.0356 130.175
    endloop
  endfacet
  facet normal 0 0 1
    outer loop
      vertex -23.6004 -42.1416 130.175
      vertex -24.822 -44.3228 130.175
      vertex -23.0627 -45.2631 130.175
    endloop
  endfacet
  facet normal 0 0 1
    outer loop
      vertex -25.2367 -41.1825 130.175
      vertex -24.822 -44.3228 130.175
      vertex -23.6004 -42.1416 130.175
    endloop
  endfacet
  facet normal 0 0 1
    outer loop
      vertex -25.2367 -41.1825 130.175
      vertex -26.5429 -43.3141 130.175
      vertex -24.822 -44.3228 130.175
    endloop
  endfacet
  facet normal 0 0 1
    outer loop
      vertex -26.834 -40.16 130.175
      vertex -26.5429 -43.3141 130.175
      vertex -25.2367 -41.1825 130.175
    endloop
  endfacet
  facet normal 0 0 1
    outer loop
      vertex -26.834 -40.16 130.175
      vertex -28.223 -42.2387 130.175
      vertex -26.5429 -43.3141 130.175
    endloop
  endfacet
  facet normal 0 0 1
    outer loop
      vertex -28.39 -39.0755 130.175
      vertex -28.223 -42.2387 130.175
      vertex -26.834 -40.16 130.175
    endloop
  endfacet
  facet normal 0 0 1
    outer loop
      vertex -28.39 -39.0755 130.175
      vertex -29.8595 -41.0981 130.175
      vertex -28.223 -42.2387 130.175
    endloop
  endfacet
  facet normal 0 0 1
    outer loop
      vertex -29.9022 -37.9308 130.175
      vertex -29.8595 -41.0981 130.175
      vertex -28.39 -39.0755 130.175
    endloop
  endfacet
  facet normal 0 0 1
    outer loop
      vertex -31.45 -39.8941 130.175
      vertex -29.9022 -37.9308 130.175
      vertex -31.3683 -36.7276 130.175
    endloop
  endfacet
  facet normal 0 0 1
    outer loop
      vertex -29.9022 -37.9308 130.175
      vertex -31.45 -39.8941 130.175
      vertex -29.8595 -41.0981 130.175
    endloop
  endfacet
  facet normal 0 0 1
    outer loop
      vertex -32.992 -38.6286 130.175
      vertex -31.3683 -36.7276 130.175
      vertex -32.7861 -35.4678 130.175
    endloop
  endfacet
  facet normal 0 0 1
    outer loop
      vertex -31.3683 -36.7276 130.175
      vertex -32.992 -38.6286 130.175
      vertex -31.45 -39.8941 130.175
    endloop
  endfacet
  facet normal 0 0 1
    outer loop
      vertex -34.4831 -37.3036 130.175
      vertex -32.7861 -35.4678 130.175
      vertex -34.1533 -34.1533 130.175
    endloop
  endfacet
  facet normal 0 0 1
    outer loop
      vertex -32.7861 -35.4678 130.175
      vertex -34.4831 -37.3036 130.175
      vertex -32.992 -38.6286 130.175
    endloop
  endfacet
  facet normal 0 0 1
    outer loop
      vertex -35.921 -35.921 130.175
      vertex -34.1533 -34.1533 130.175
      vertex -35.4678 -32.7861 130.175
    endloop
  endfacet
  facet normal 0 0 1
    outer loop
      vertex -34.1533 -34.1533 130.175
      vertex -35.921 -35.921 130.175
      vertex -34.4831 -37.3036 130.175
    endloop
  endfacet
  facet normal 0 0 1
    outer loop
      vertex -37.3036 -34.4831 130.175
      vertex -35.4678 -32.7861 130.175
      vertex -36.7276 -31.3683 130.175
    endloop
  endfacet
  facet normal 0 0 1
    outer loop
      vertex -35.4678 -32.7861 130.175
      vertex -37.3036 -34.4831 130.175
      vertex -35.921 -35.921 130.175
    endloop
  endfacet
  facet normal 0 0 1
    outer loop
      vertex -38.6286 -32.992 130.175
      vertex -36.7276 -31.3683 130.175
      vertex -37.9308 -29.9022 130.175
    endloop
  endfacet
  facet normal 0 0 1
    outer loop
      vertex -36.7276 -31.3683 130.175
      vertex -38.6286 -32.992 130.175
      vertex -37.3036 -34.4831 130.175
    endloop
  endfacet
  facet normal 0 0 1
    outer loop
      vertex -39.8941 -31.45 130.175
      vertex -37.9308 -29.9022 130.175
      vertex -39.0755 -28.39 130.175
    endloop
  endfacet
  facet normal 0 0 1
    outer loop
      vertex -37.9308 -29.9022 130.175
      vertex -39.8941 -31.45 130.175
      vertex -38.6286 -32.992 130.175
    endloop
  endfacet
  facet normal 0 0 1
    outer loop
      vertex -41.0981 -29.8595 130.175
      vertex -39.0755 -28.39 130.175
      vertex -40.16 -26.834 130.175
    endloop
  endfacet
  facet normal 0 0 1
    outer loop
      vertex -39.0755 -28.39 130.175
      vertex -41.0981 -29.8595 130.175
      vertex -39.8941 -31.45 130.175
    endloop
  endfacet
  facet normal 0 0 1
    outer loop
      vertex -42.2387 -28.223 130.175
      vertex -40.16 -26.834 130.175
      vertex -41.1825 -25.2367 130.175
    endloop
  endfacet
  facet normal 0 0 1
    outer loop
      vertex -43.3141 -26.5429 130.175
      vertex -41.1825 -25.2367 130.175
      vertex -42.1416 -23.6004 130.175
    endloop
  endfacet
  facet normal 0 0 1
    outer loop
      vertex -40.16 -26.834 130.175
      vertex -42.2387 -28.223 130.175
      vertex -41.0981 -29.8595 130.175
    endloop
  endfacet
  facet normal 0 0 1
    outer loop
      vertex -44.3228 -24.822 130.175
      vertex -42.1416 -23.6004 130.175
      vertex -43.0356 -21.9277 130.175
    endloop
  endfacet
  facet normal 0 0 1
    outer loop
      vertex -41.1825 -25.2367 130.175
      vertex -43.3141 -26.5429 130.175
      vertex -42.2387 -28.223 130.175
    endloop
  endfacet
  facet normal 0 0 1
    outer loop
      vertex -45.2631 -23.0627 130.175
      vertex -43.0356 -21.9277 130.175
      vertex -43.8633 -20.2213 130.175
    endloop
  endfacet
  facet normal 0 0 1
    outer loop
      vertex -42.1416 -23.6004 130.175
      vertex -44.3228 -24.822 130.175
      vertex -43.3141 -26.5429 130.175
    endloop
  endfacet
  facet normal 0 0 1
    outer loop
      vertex -46.1337 -21.2679 130.175
      vertex -43.8633 -20.2213 130.175
      vertex -44.6234 -18.4836 130.175
    endloop
  endfacet
  facet normal 0 0 1
    outer loop
      vertex -43.0356 -21.9277 130.175
      vertex -45.2631 -23.0627 130.175
      vertex -44.3228 -24.822 130.175
    endloop
  endfacet
  facet normal 0 0 1
    outer loop
      vertex -46.9331 -19.4403 130.175
      vertex -44.6234 -18.4836 130.175
      vertex -45.3146 -16.7175 130.175
    endloop
  endfacet
  facet normal 0 0 1
    outer loop
      vertex -47.6601 -17.5827 130.175
      vertex -45.3146 -16.7175 130.175
      vertex -45.936 -14.9255 130.175
    endloop
  endfacet
  facet normal 0 0 1
    outer loop
      vertex -43.8633 -20.2213 130.175
      vertex -46.1337 -21.2679 130.175
      vertex -45.2631 -23.0627 130.175
    endloop
  endfacet
  facet normal 0 0 1
    outer loop
      vertex -48.3137 -15.6981 130.175
      vertex -45.936 -14.9255 130.175
      vertex -46.4866 -13.1106 130.175
    endloop
  endfacet
  facet normal 0 0 1
    outer loop
      vertex -44.6234 -18.4836 130.175
      vertex -46.9331 -19.4403 130.175
      vertex -46.1337 -21.2679 130.175
    endloop
  endfacet
  facet normal 0 0 1
    outer loop
      vertex -48.8927 -13.7892 130.175
      vertex -46.4866 -13.1106 130.175
      vertex -46.9655 -11.2754 130.175
    endloop
  endfacet
  facet normal 0 0 1
    outer loop
      vertex -49.3964 -11.859 130.175
      vertex -46.9655 -11.2754 130.175
      vertex -47.3719 -9.42286 130.175
    endloop
  endfacet
  facet normal 0 0 1
    outer loop
      vertex -45.3146 -16.7175 130.175
      vertex -47.6601 -17.5827 130.175
      vertex -46.9331 -19.4403 130.175
    endloop
  endfacet
  facet normal 0 0 1
    outer loop
      vertex -49.8239 -9.91059 130.175
      vertex -47.3719 -9.42286 130.175
      vertex -47.7053 -7.55578 130.175
    endloop
  endfacet
  facet normal 0 0 1
    outer loop
      vertex -50.1746 -7.94687 130.175
      vertex -47.7053 -7.55578 130.175
      vertex -47.9652 -5.67706 130.175
    endloop
  endfacet
  facet normal 0 0 1
    outer loop
      vertex -50.4479 -5.9709 130.175
      vertex -47.9652 -5.67706 130.175
      vertex -48.1511 -3.78957 130.175
    endloop
  endfacet
  facet normal 0 0 1
    outer loop
      vertex -50.6434 -3.98572 130.175
      vertex -48.1511 -3.78957 130.175
      vertex -48.2628 -1.89625 130.175
    endloop
  endfacet
  facet normal 0 0 1
    outer loop
      vertex -45.936 -14.9255 130.175
      vertex -48.3137 -15.6981 130.175
      vertex -47.6601 -17.5827 130.175
    endloop
  endfacet
  facet normal 0 0 1
    outer loop
      vertex -50.7608 -1.9944 130.175
      vertex -48.2628 -1.89625 130.175
      vertex -48.3 0 130.175
    endloop
  endfacet
  facet normal 0 0 1
    outer loop
      vertex -47.7053 7.55578 130.175
      vertex -50.1746 7.94687 130.175
      vertex -47.9652 5.67706 130.175
    endloop
  endfacet
  facet normal -0 0 1
    outer loop
      vertex -50.4479 5.9709 130.175
      vertex -47.9652 5.67706 130.175
      vertex -50.1746 7.94687 130.175
    endloop
  endfacet
  facet normal 0 0 1
    outer loop
      vertex -46.4866 -13.1106 130.175
      vertex -48.8927 -13.7892 130.175
      vertex -48.3137 -15.6981 130.175
    endloop
  endfacet
  facet normal 0 0 1
    outer loop
      vertex -47.9652 5.67706 130.175
      vertex -50.4479 5.9709 130.175
      vertex -48.1511 3.78957 130.175
    endloop
  endfacet
  facet normal 0 0 1
    outer loop
      vertex -46.9655 -11.2754 130.175
      vertex -49.3964 -11.859 130.175
      vertex -48.8927 -13.7892 130.175
    endloop
  endfacet
  facet normal -0 0 1
    outer loop
      vertex -50.6434 3.98572 130.175
      vertex -48.1511 3.78957 130.175
      vertex -50.4479 5.9709 130.175
    endloop
  endfacet
  facet normal 0 0 1
    outer loop
      vertex -47.3719 -9.42286 130.175
      vertex -49.8239 -9.91059 130.175
      vertex -49.3964 -11.859 130.175
    endloop
  endfacet
  facet normal 0 0 1
    outer loop
      vertex -48.1511 3.78957 130.175
      vertex -50.6434 3.98572 130.175
      vertex -48.2628 1.89625 130.175
    endloop
  endfacet
  facet normal 0 0 1
    outer loop
      vertex -47.7053 -7.55578 130.175
      vertex -50.1746 -7.94687 130.175
      vertex -49.8239 -9.91059 130.175
    endloop
  endfacet
  facet normal -0 0 1
    outer loop
      vertex -50.7608 1.9944 130.175
      vertex -48.2628 1.89625 130.175
      vertex -50.6434 3.98572 130.175
    endloop
  endfacet
  facet normal 0 0 1
    outer loop
      vertex -47.9652 -5.67706 130.175
      vertex -50.4479 -5.9709 130.175
      vertex -50.1746 -7.94687 130.175
    endloop
  endfacet
  facet normal 0 0 1
    outer loop
      vertex -48.2628 1.89625 130.175
      vertex -50.7608 1.9944 130.175
      vertex -48.3 0 130.175
    endloop
  endfacet
  facet normal 0 0 1
    outer loop
      vertex -48.1511 -3.78957 130.175
      vertex -50.6434 -3.98572 130.175
      vertex -50.4479 -5.9709 130.175
    endloop
  endfacet
  facet normal 0 0 1
    outer loop
      vertex -50.8 0 130.175
      vertex -48.3 0 130.175
      vertex -50.7608 1.9944 130.175
    endloop
  endfacet
  facet normal 0 0 1
    outer loop
      vertex -48.2628 -1.89625 130.175
      vertex -50.7608 -1.9944 130.175
      vertex -50.6434 -3.98572 130.175
    endloop
  endfacet
  facet normal 0 0 1
    outer loop
      vertex -48.3 0 130.175
      vertex -50.8 0 130.175
      vertex -50.7608 -1.9944 130.175
    endloop
  endfacet
  facet normal -0.960992 0.132916 -0.242545
    outer loop
      vertex -23.8336 2.8209 23
      vertex -50.4479 5.9709 130.175
      vertex -50.1746 7.94687 130.175
    endloop
  endfacet
  facet normal -0.960994 0.132898 -0.242545
    outer loop
      vertex -23.8336 2.8209 23
      vertex -50.1746 7.94687 130.175
      vertex -23.7045 3.75443 23
    endloop
  endfacet
  facet normal -0.773507 0.585541 -0.242545
    outer loop
      vertex -19.4164 14.1068 23
      vertex -41.0981 29.8595 130.175
      vertex -39.8941 31.45 130.175
    endloop
  endfacet
  facet normal -0.795899 0.554722 -0.242545
    outer loop
      vertex -19.4164 14.1068 23
      vertex -42.2387 28.223 130.175
      vertex -41.0981 29.8595 130.175
    endloop
  endfacet
  facet normal -0.773548 0.585488 -0.242545
    outer loop
      vertex -19.4164 14.1068 23
      vertex -39.8941 31.45 130.175
      vertex -18.8476 14.8583 23
    endloop
  endfacet
  facet normal -0.749925 0.615454 -0.242545
    outer loop
      vertex -18.8476 14.8583 23
      vertex -39.8941 31.45 130.175
      vertex -38.6286 32.992 130.175
    endloop
  endfacet
  facet normal -0.81706 0.523054 -0.242545
    outer loop
      vertex -20.4634 12.54 23
      vertex -42.2387 28.223 130.175
      vertex -19.9553 13.3337 23
    endloop
  endfacet
  facet normal -0.903403 0.353603 -0.242545
    outer loop
      vertex -22.5166 8.30681 23
      vertex -46.9331 19.4403 130.175
      vertex -22.1731 9.1844 23
    endloop
  endfacet
  facet normal -0.83696 0.490581 -0.242545
    outer loop
      vertex -20.9399 11.7269 23
      vertex -44.3228 24.822 130.175
      vertex -43.3141 26.5429 130.175
    endloop
  endfacet
  facet normal -0.855558 0.457375 -0.242545
    outer loop
      vertex -21.3842 10.8958 23
      vertex -44.3228 24.822 130.175
      vertex -20.9399 11.7269 23
    endloop
  endfacet
  facet normal -0.615472 0.749911 -0.242545
    outer loop
      vertex -15.5868 18.2497 23
      vertex -32.992 38.6286 130.175
      vertex -14.8583 18.8476 23
    endloop
  endfacet
  facet normal -0.699396 0.672322 -0.242544
    outer loop
      vertex -17.6237 16.2912 23
      vertex -35.921 35.921 130.175
      vertex -16.9706 16.9706 23
    endloop
  endfacet
  facet normal -0.672322 0.699396 -0.242544
    outer loop
      vertex -16.9706 16.9706 23
      vertex -35.921 35.921 130.175
      vertex -16.2912 17.6237 23
    endloop
  endfacet
  facet normal 0.170574 -0.955027 -0.242545
    outer loop
      vertex 7.94687 -50.1746 130.175
      vertex 3.75443 -23.7045 23
      vertex 4.68217 -23.5388 23
    endloop
  endfacet
  facet normal 0.132898 -0.960994 -0.242545
    outer loop
      vertex 7.94687 -50.1746 130.175
      vertex 2.8209 -23.8336 23
      vertex 3.75443 -23.7045 23
    endloop
  endfacet
  facet normal 0.585488 -0.773548 -0.242545
    outer loop
      vertex 31.45 -39.8941 130.175
      vertex 14.1068 -19.4164 23
      vertex 14.8583 -18.8476 23
    endloop
  endfacet
  facet normal 0.672322 -0.699396 -0.242544
    outer loop
      vertex 35.921 -35.921 130.175
      vertex 16.2912 -17.6237 23
      vertex 16.9706 -16.9706 23
    endloop
  endfacet
  facet normal -0.795866 -0.554769 -0.242545
    outer loop
      vertex -19.4164 -14.1068 23
      vertex -42.2387 -28.223 130.175
      vertex -19.9553 -13.3337 23
    endloop
  endfacet
  facet normal -0.855558 -0.457375 -0.242545
    outer loop
      vertex -20.9399 -11.7269 23
      vertex -44.3228 -24.822 130.175
      vertex -21.3842 -10.8958 23
    endloop
  endfacet
  facet normal -0.83696 -0.490581 -0.242545
    outer loop
      vertex -43.3141 -26.5429 130.175
      vertex -44.3228 -24.822 130.175
      vertex -20.9399 -11.7269 23
    endloop
  endfacet
  facet normal -0.888815 -0.388818 -0.242545
    outer loop
      vertex -21.7954 -10.0478 23
      vertex -46.9331 -19.4403 130.175
      vertex -22.1731 -9.1844 23
    endloop
  endfacet
  facet normal -0.903403 -0.353603 -0.242545
    outer loop
      vertex -22.1731 -9.1844 23
      vertex -46.9331 -19.4403 130.175
      vertex -22.5166 -8.30681 23
    endloop
  endfacet
  facet normal -0.207843 -0.947614 -0.242546
    outer loop
      vertex -4.68217 -23.5388 23
      vertex -9.91059 -49.8239 130.175
      vertex -5.60269 -23.3369 23
    endloop
  endfacet
  facet normal 0.554769 0.795866 -0.242545
    outer loop
      vertex 14.1068 19.4164 23
      vertex 13.3337 19.9553 23
      vertex 28.223 42.2387 130.175
    endloop
  endfacet
  facet normal 0.281551 0.928386 -0.242545
    outer loop
      vertex 7.41641 22.8254 23
      vertex 6.51457 23.0989 23
      vertex 15.6981 48.3137 130.175
    endloop
  endfacet
  facet normal 0.170574 0.955027 -0.242545
    outer loop
      vertex 4.68217 23.5388 23
      vertex 3.75443 23.7045 23
      vertex 7.94687 50.1746 130.175
    endloop
  endfacet
  facet normal 0.0570963 0.968459 -0.242545
    outer loop
      vertex 3.98572 50.6434 130.175
      vertex 0.942235 23.9815 23
      vertex 1.9944 50.7608 130.175
    endloop
  endfacet
  facet normal 0.132916 0.960992 -0.242545
    outer loop
      vertex 7.94687 50.1746 130.175
      vertex 2.8209 23.8336 23
      vertex 5.9709 50.4479 130.175
    endloop
  endfacet
  facet normal 0.132898 0.960994 -0.242545
    outer loop
      vertex 3.75443 23.7045 23
      vertex 2.8209 23.8336 23
      vertex 7.94687 50.1746 130.175
    endloop
  endfacet
  facet normal 0.353603 0.903403 -0.242545
    outer loop
      vertex 9.1844 22.1731 23
      vertex 8.30681 22.5166 23
      vertex 19.4403 46.9331 130.175
    endloop
  endfacet
  facet normal 0.490581 0.83696 -0.242545
    outer loop
      vertex 26.5429 43.3141 130.175
      vertex 11.7269 20.9399 23
      vertex 24.822 44.3228 130.175
    endloop
  endfacet
  facet normal 0.457375 0.855558 -0.242545
    outer loop
      vertex 11.7269 20.9399 23
      vertex 10.8958 21.3842 23
      vertex 24.822 44.3228 130.175
    endloop
  endfacet
  facet normal 0.855558 0.457375 -0.242545
    outer loop
      vertex 21.3842 10.8958 23
      vertex 20.9399 11.7269 23
      vertex 44.3228 24.822 130.175
    endloop
  endfacet
  facet normal 0.837003 0.490508 -0.242544
    outer loop
      vertex 20.9399 11.7269 23
      vertex 20.4634 12.54 23
      vertex 43.3141 26.5429 130.175
    endloop
  endfacet
  facet normal 0.83696 0.490581 -0.242545
    outer loop
      vertex 44.3228 24.822 130.175
      vertex 20.9399 11.7269 23
      vertex 43.3141 26.5429 130.175
    endloop
  endfacet
  facet normal 0.749925 0.615454 -0.242545
    outer loop
      vertex 39.8941 31.45 130.175
      vertex 18.8476 14.8583 23
      vertex 38.6286 32.992 130.175
    endloop
  endfacet
  facet normal 0.72516 0.644449 -0.242545
    outer loop
      vertex 18.2497 15.5868 23
      vertex 17.6237 16.2912 23
      vertex 38.6286 32.992 130.175
    endloop
  endfacet
  facet normal 0.749911 0.615472 -0.242545
    outer loop
      vertex 18.8476 14.8583 23
      vertex 18.2497 15.5868 23
      vertex 38.6286 32.992 130.175
    endloop
  endfacet
  facet normal 0.699396 0.672322 -0.242544
    outer loop
      vertex 17.6237 16.2912 23
      vertex 16.9706 16.9706 23
      vertex 35.921 35.921 130.175
    endloop
  endfacet
  facet normal 0.928386 0.281551 -0.242545
    outer loop
      vertex 23.0989 6.51457 23
      vertex 22.8254 7.41641 23
      vertex 48.3137 15.6981 130.175
    endloop
  endfacet
  facet normal 0.888815 0.388818 -0.242545
    outer loop
      vertex 22.1731 9.1844 23
      vertex 21.7954 10.0478 23
      vertex 46.9331 19.4403 130.175
    endloop
  endfacet
  facet normal 0.903403 0.353603 -0.242545
    outer loop
      vertex 22.5166 8.30681 23
      vertex 22.1731 9.1844 23
      vertex 46.9331 19.4403 130.175
    endloop
  endfacet
  facet normal 0.916583 0.317881 -0.242545
    outer loop
      vertex 48.3137 15.6981 130.175
      vertex 22.5166 8.30681 23
      vertex 47.6601 17.5827 130.175
    endloop
  endfacet
  facet normal 0.965466 0.0951178 -0.242545
    outer loop
      vertex 23.926 1.88302 23
      vertex 23.8336 2.8209 23
      vertex 50.6434 3.98572 130.175
    endloop
  endfacet
  facet normal 0.968456 0.0571324 -0.242545
    outer loop
      vertex 23.9815 0.942235 23
      vertex 23.926 1.88302 23
      vertex 50.6434 3.98572 130.175
    endloop
  endfacet
  facet normal 0.96547 0.0950792 -0.242545
    outer loop
      vertex 50.6434 3.98572 130.175
      vertex 23.8336 2.8209 23
      vertex 50.4479 5.9709 130.175
    endloop
  endfacet
  facet normal 0.955027 0.170574 -0.242545
    outer loop
      vertex 23.7045 3.75443 23
      vertex 23.5388 4.68217 23
      vertex 50.1746 7.94687 130.175
    endloop
  endfacet
  facet normal 0.960994 0.132898 -0.242545
    outer loop
      vertex 23.8336 2.8209 23
      vertex 23.7045 3.75443 23
      vertex 50.1746 7.94687 130.175
    endloop
  endfacet
  facet normal -0.554769 0.795866 -0.242545
    outer loop
      vertex -14.1068 19.4164 23
      vertex -28.223 42.2387 130.175
      vertex -13.3337 19.9553 23
    endloop
  endfacet
  facet normal -0.457375 0.855558 -0.242545
    outer loop
      vertex -11.7269 20.9399 23
      vertex -24.822 44.3228 130.175
      vertex -10.8958 21.3842 23
    endloop
  endfacet
  facet normal -0.490581 0.83696 -0.242545
    outer loop
      vertex -11.7269 20.9399 23
      vertex -26.5429 43.3141 130.175
      vertex -24.822 44.3228 130.175
    endloop
  endfacet
  facet normal -0.388818 0.888815 -0.242545
    outer loop
      vertex -10.0478 21.7954 23
      vertex -19.4403 46.9331 130.175
      vertex -9.1844 22.1731 23
    endloop
  endfacet
  facet normal -0.353603 0.903403 -0.242545
    outer loop
      vertex -9.1844 22.1731 23
      vertex -19.4403 46.9331 130.175
      vertex -8.30681 22.5166 23
    endloop
  endfacet
  facet normal -0.928386 0.281551 -0.242545
    outer loop
      vertex -23.0989 6.51457 23
      vertex -48.3137 15.6981 130.175
      vertex -22.8254 7.41641 23
    endloop
  endfacet
  facet normal -0.969953 0.0190645 -0.242545
    outer loop
      vertex -24 0 23
      vertex -50.8 0 130.175
      vertex -50.7608 1.9944 130.175
    endloop
  endfacet
  facet normal -0.969953 0.0190442 -0.242545
    outer loop
      vertex -24 0 23
      vertex -50.7608 1.9944 130.175
      vertex -23.9815 0.942235 23
    endloop
  endfacet
  facet normal -0.968456 0.0571324 -0.242545
    outer loop
      vertex -23.9815 0.942235 23
      vertex -50.6434 3.98572 130.175
      vertex -23.926 1.88302 23
    endloop
  endfacet
  facet normal -0.855601 -0.457296 -0.242544
    outer loop
      vertex -44.3228 -24.822 130.175
      vertex -45.2631 -23.0627 130.175
      vertex -21.3842 -10.8958 23
    endloop
  endfacet
  facet normal 0.585541 0.773507 -0.242545
    outer loop
      vertex 31.45 39.8941 130.175
      vertex 14.1068 19.4164 23
      vertex 29.8595 41.0981 130.175
    endloop
  endfacet
  facet normal 0.554722 0.795899 -0.242545
    outer loop
      vertex 29.8595 41.0981 130.175
      vertex 14.1068 19.4164 23
      vertex 28.223 42.2387 130.175
    endloop
  endfacet
  facet normal 0.585488 0.773548 -0.242545
    outer loop
      vertex 14.8583 18.8476 23
      vertex 14.1068 19.4164 23
      vertex 31.45 39.8941 130.175
    endloop
  endfacet
  facet normal 0.615454 0.749925 -0.242545
    outer loop
      vertex 32.992 38.6286 130.175
      vertex 14.8583 18.8476 23
      vertex 31.45 39.8941 130.175
    endloop
  endfacet
  facet normal 0.523054 0.81706 -0.242545
    outer loop
      vertex 13.3337 19.9553 23
      vertex 12.54 20.4634 23
      vertex 28.223 42.2387 130.175
    endloop
  endfacet
  facet normal 0.207912 0.947599 -0.242545
    outer loop
      vertex 11.859 49.3964 130.175
      vertex 5.60269 23.3369 23
      vertex 9.91059 49.8239 130.175
    endloop
  endfacet
  facet normal 0.244962 0.938704 -0.242545
    outer loop
      vertex 13.7892 48.8927 130.175
      vertex 6.51457 23.0989 23
      vertex 11.859 49.3964 130.175
    endloop
  endfacet
  facet normal 0.0190645 0.969953 -0.242545
    outer loop
      vertex 1.9944 50.7608 130.175
      vertex 0 24 23
      vertex 0 50.8 130.175
    endloop
  endfacet
  facet normal 0.0190442 0.969953 -0.242545
    outer loop
      vertex 0.942235 23.9815 23
      vertex 0 24 23
      vertex 1.9944 50.7608 130.175
    endloop
  endfacet
  facet normal 0.0571324 0.968456 -0.242545
    outer loop
      vertex 1.88302 23.926 23
      vertex 0.942235 23.9815 23
      vertex 3.98572 50.6434 130.175
    endloop
  endfacet
  facet normal -0.457296 0.855601 -0.242544
    outer loop
      vertex -10.8958 21.3842 23
      vertex -24.822 44.3228 130.175
      vertex -23.0627 45.2631 130.175
    endloop
  endfacet
  facet normal -0.947614 0.207843 -0.242546
    outer loop
      vertex -23.5388 4.68217 23
      vertex -49.8239 9.91059 130.175
      vertex -23.3369 5.60269 23
    endloop
  endfacet
  facet normal -0.947599 0.207912 -0.242545
    outer loop
      vertex -23.3369 5.60269 23
      vertex -49.8239 9.91059 130.175
      vertex -49.3964 11.859 130.175
    endloop
  endfacet
  facet normal -0.969953 -0.0190442 -0.242545
    outer loop
      vertex -23.9815 -0.942235 23
      vertex -50.7608 -1.9944 130.175
      vertex -24 0 23
    endloop
  endfacet
  facet normal 0.244999 0.938695 -0.242544
    outer loop
      vertex 6.51457 23.0989 23
      vertex 5.60269 23.3369 23
      vertex 11.859 49.3964 130.175
    endloop
  endfacet
  facet normal -0.0190442 0.969953 -0.242545
    outer loop
      vertex -0.942235 23.9815 23
      vertex -1.9944 50.7608 130.175
      vertex 0 24 23
    endloop
  endfacet
  facet normal 0.207843 0.947614 -0.242546
    outer loop
      vertex 5.60269 23.3369 23
      vertex 4.68217 23.5388 23
      vertex 9.91059 49.8239 130.175
    endloop
  endfacet
  facet normal 0.988488 0.151299 0
    outer loop
      vertex -12.9365 -10.7048 8
      vertex -12.938 -10.695 0
      vertex -12.938 -10.695 8
    endloop
  endfacet
  facet normal 0.989206 0.146533 -5.97282e-06
    outer loop
      vertex -12.902 -10.9377 8
      vertex -12.938 -10.695 0
      vertex -12.9365 -10.7048 8
    endloop
  endfacet
  facet normal 0.989177 0.146726 0
    outer loop
      vertex -12.938 -10.695 0
      vertex -12.902 -10.9377 8
      vertex -12.902 -10.9377 0
    endloop
  endfacet
  facet normal 0.969967 0.243235 0
    outer loop
      vertex -12.8447 -11.1662 8
      vertex -12.902 -10.9377 0
      vertex -12.902 -10.9377 8
    endloop
  endfacet
  facet normal 0.971921 0.235307 -0
    outer loop
      vertex -12.8424 -11.1757 0
      vertex -12.8447 -11.1662 8
      vertex -12.8424 -11.1757 8
    endloop
  endfacet
  facet normal 0.970047 0.242919 -9.57819e-06
    outer loop
      vertex -12.8447 -11.1662 8
      vertex -12.8424 -11.1757 0
      vertex -12.902 -10.9377 0
    endloop
  endfacet
  facet normal 0.998786 0.0492599 0
    outer loop
      vertex -12.9384 -10.6852 8
      vertex -12.95 -10.45 0
      vertex -12.95 -10.45 8
    endloop
  endfacet
  facet normal 0.999168 0.0407824 -0
    outer loop
      vertex -12.938 -10.695 0
      vertex -12.9384 -10.6852 8
      vertex -12.938 -10.695 8
    endloop
  endfacet
  facet normal 0.998803 0.0489209 -9.98803e-06
    outer loop
      vertex -12.9384 -10.6852 8
      vertex -12.938 -10.695 0
      vertex -12.95 -10.45 0
    endloop
  endfacet
  facet normal 0 0 1
    outer loop
      vertex -12.9481 10.5481 8
      vertex -12.9384 10.6852 8
      vertex -12.9423 10.6461 8
    endloop
  endfacet
  facet normal 0 0 1
    outer loop
      vertex -12.9384 10.6852 8
      vertex -12.9481 10.5481 8
      vertex -12.95 10.45 8
    endloop
  endfacet
  facet normal 0 0 1
    outer loop
      vertex -12.9384 -10.6852 8
      vertex -12.9481 -10.5481 8
      vertex -12.9423 -10.6461 8
    endloop
  endfacet
  facet normal -0 -0 1
    outer loop
      vertex -12.9481 -10.5481 8
      vertex -12.9384 -10.6852 8
      vertex -12.95 -10.45 8
    endloop
  endfacet
  facet normal 0 0 1
    outer loop
      vertex 10.7438 12.9327 8
      vertex 10.9377 12.902 8
      vertex 10.8411 12.9192 8
    endloop
  endfacet
  facet normal 0 0 1
    outer loop
      vertex 10.9377 12.902 8
      vertex 10.7438 12.9327 8
      vertex 10.7048 12.9365 8
    endloop
  endfacet
  facet normal 0 0 1
    outer loop
      vertex 11.0336 12.8809 8
      vertex 11.1662 12.8447 8
      vertex 11.1286 12.8561 8
    endloop
  endfacet
  facet normal 0 0 1
    outer loop
      vertex 11.1662 12.8447 8
      vertex 11.0336 12.8809 8
      vertex 10.9377 12.902 8
    endloop
  endfacet
  facet normal 0 0 1
    outer loop
      vertex 10.5481 12.9481 8
      vertex 10.6852 12.9384 8
      vertex 10.6461 12.9423 8
    endloop
  endfacet
  facet normal 0 0 1
    outer loop
      vertex 10.6852 12.9384 8
      vertex 10.5481 12.9481 8
      vertex 10.45 12.95 8
    endloop
  endfacet
  facet normal 0 0 1
    outer loop
      vertex -12.351 12.0736 8
      vertex -12.2178 12.2178 8
      vertex -12.2858 12.147 8
    endloop
  endfacet
  facet normal 0 0 1
    outer loop
      vertex -12.2178 12.2178 8
      vertex -12.351 12.0736 8
      vertex -12.3759 12.0433 8
    endloop
  endfacet
  facet normal 0 0 1
    outer loop
      vertex -12.4725 11.9195 8
      vertex -12.3884 12.0281 8
      vertex -12.4133 11.9977 8
    endloop
  endfacet
  facet normal 0 0 1
    outer loop
      vertex -12.3884 12.0281 8
      vertex -12.4725 11.9195 8
      vertex -12.5287 11.8389 8
    endloop
  endfacet
  facet normal 0 0 1
    outer loop
      vertex 12.5287 -11.8389 8
      vertex 12.4133 -11.9977 8
      vertex 12.4725 -11.9195 8
    endloop
  endfacet
  facet normal 0 -0 1
    outer loop
      vertex 12.4133 -11.9977 8
      vertex 12.5287 -11.8389 8
      vertex 12.3884 -12.0281 8
    endloop
  endfacet
  facet normal 0 0 1
    outer loop
      vertex 12.3759 -12.0433 8
      vertex 12.2858 -12.147 8
      vertex 12.351 -12.0736 8
    endloop
  endfacet
  facet normal 0 -0 1
    outer loop
      vertex 12.2858 -12.147 8
      vertex 12.3759 -12.0433 8
      vertex 12.2178 -12.2178 8
    endloop
  endfacet
  facet normal 0 0 1
    outer loop
      vertex -10.45 -12.95 8
      vertex -10.6461 -12.9423 8
      vertex -10.5481 -12.9481 8
    endloop
  endfacet
  facet normal -0 -0 1
    outer loop
      vertex -10.6461 -12.9423 8
      vertex -10.45 -12.95 8
      vertex -10.6852 -12.9384 8
    endloop
  endfacet
  facet normal 0 0 1
    outer loop
      vertex -11.4067 -12.7597 8
      vertex -11.585 -12.6775 8
      vertex -11.4966 -12.7204 8
    endloop
  endfacet
  facet normal -0 -0 1
    outer loop
      vertex -11.585 -12.6775 8
      vertex -11.4067 -12.7597 8
      vertex -11.6196 -12.659 8
    endloop
  endfacet
  facet normal 0 0 1
    outer loop
      vertex -12.7597 -11.4067 8
      vertex -12.8276 -11.2225 8
      vertex -12.7955 -11.3153 8
    endloop
  endfacet
  facet normal -0 -0 1
    outer loop
      vertex -12.8276 -11.2225 8
      vertex -12.7597 -11.4067 8
      vertex -12.839 -11.185 8
    endloop
  endfacet
  facet normal 0 0 1
    outer loop
      vertex 11.4966 12.7204 8
      vertex 11.6196 12.659 8
      vertex 11.585 12.6775 8
    endloop
  endfacet
  facet normal 0 0 1
    outer loop
      vertex 11.6196 12.659 8
      vertex 11.4966 12.7204 8
      vertex 11.4067 12.7597 8
    endloop
  endfacet
  facet normal 0 0 1
    outer loop
      vertex -10.6461 12.9423 8
      vertex -10.45 12.95 8
      vertex -10.5481 12.9481 8
    endloop
  endfacet
  facet normal 0 0 1
    outer loop
      vertex -10.45 12.95 8
      vertex -10.6461 12.9423 8
      vertex -10.6852 12.9384 8
    endloop
  endfacet
  facet normal 0 0 1
    outer loop
      vertex -10.8411 12.9192 8
      vertex -10.7048 12.9365 8
      vertex -10.7438 12.9327 8
    endloop
  endfacet
  facet normal 0 0 1
    outer loop
      vertex -10.7048 12.9365 8
      vertex -10.8411 12.9192 8
      vertex -10.9377 12.902 8
    endloop
  endfacet
  facet normal 0 0 1
    outer loop
      vertex -11.3153 12.7955 8
      vertex -11.185 12.839 8
      vertex -11.2225 12.8276 8
    endloop
  endfacet
  facet normal 0 0 1
    outer loop
      vertex -11.185 12.839 8
      vertex -11.3153 12.7955 8
      vertex -11.4067 12.7597 8
    endloop
  endfacet
  facet normal 0 0 1
    outer loop
      vertex -11.7562 12.5816 8
      vertex -11.6369 12.6498 8
      vertex -11.6716 12.6312 8
    endloop
  endfacet
  facet normal 0 0 1
    outer loop
      vertex -11.6369 12.6498 8
      vertex -11.7562 12.5816 8
      vertex -11.8389 12.5287 8
    endloop
  endfacet
  facet normal 0 0 1
    outer loop
      vertex 12.9423 10.6461 8
      vertex 12.95 10.45 8
      vertex 12.9481 10.5481 8
    endloop
  endfacet
  facet normal 0 0 1
    outer loop
      vertex 12.95 10.45 8
      vertex 12.9423 10.6461 8
      vertex 12.9384 10.6852 8
    endloop
  endfacet
  facet normal 0 0 1
    outer loop
      vertex 12.95 -10.45 8
      vertex 12.9423 -10.6461 8
      vertex 12.9481 -10.5481 8
    endloop
  endfacet
  facet normal 0 -0 1
    outer loop
      vertex 12.9423 -10.6461 8
      vertex 12.95 -10.45 8
      vertex 12.9384 -10.6852 8
    endloop
  endfacet
  facet normal 0 0 1
    outer loop
      vertex 11.6716 12.6312 8
      vertex 11.8389 12.5287 8
      vertex 11.7562 12.5816 8
    endloop
  endfacet
  facet normal 0 0 1
    outer loop
      vertex 11.8389 12.5287 8
      vertex 11.6716 12.6312 8
      vertex 11.6369 12.6498 8
    endloop
  endfacet
  facet normal 0 0 1
    outer loop
      vertex 11.9195 12.4725 8
      vertex 12.0281 12.3884 8
      vertex 11.9977 12.4133 8
    endloop
  endfacet
  facet normal 0 0 1
    outer loop
      vertex 12.0281 12.3884 8
      vertex 11.9195 12.4725 8
      vertex 11.8389 12.5287 8
    endloop
  endfacet
  facet normal 0 0 1
    outer loop
      vertex 10.9377 -12.902 8
      vertex 10.7438 -12.9327 8
      vertex 10.8411 -12.9192 8
    endloop
  endfacet
  facet normal 0 -0 1
    outer loop
      vertex 10.7438 -12.9327 8
      vertex 10.9377 -12.902 8
      vertex 10.7048 -12.9365 8
    endloop
  endfacet
  facet normal 0 0 1
    outer loop
      vertex 11.1662 -12.8447 8
      vertex 11.0336 -12.8809 8
      vertex 11.1286 -12.8561 8
    endloop
  endfacet
  facet normal 0 -0 1
    outer loop
      vertex 11.0336 -12.8809 8
      vertex 11.1662 -12.8447 8
      vertex 10.9377 -12.902 8
    endloop
  endfacet
  facet normal 0 0 1
    outer loop
      vertex -12.659 -11.6196 8
      vertex -12.7204 -11.4966 8
      vertex -12.6775 -11.585 8
    endloop
  endfacet
  facet normal -0 -0 1
    outer loop
      vertex -12.7204 -11.4966 8
      vertex -12.659 -11.6196 8
      vertex -12.7597 -11.4067 8
    endloop
  endfacet
  facet normal 0 0 1
    outer loop
      vertex 11.2225 12.8276 8
      vertex 11.4067 12.7597 8
      vertex 11.3153 12.7955 8
    endloop
  endfacet
  facet normal 0 0 1
    outer loop
      vertex 11.4067 12.7597 8
      vertex 11.2225 12.8276 8
      vertex 11.185 12.839 8
    endloop
  endfacet
  facet normal 0 0 1
    outer loop
      vertex -11.9977 12.4133 8
      vertex -11.8389 12.5287 8
      vertex -11.9195 12.4725 8
    endloop
  endfacet
  facet normal 0 0 1
    outer loop
      vertex -11.8389 12.5287 8
      vertex -11.9977 12.4133 8
      vertex -12.0281 12.3884 8
    endloop
  endfacet
  facet normal 0 0 1
    outer loop
      vertex -11.1286 12.8561 8
      vertex -10.9377 12.902 8
      vertex -11.0336 12.8809 8
    endloop
  endfacet
  facet normal 0 0 1
    outer loop
      vertex -10.9377 12.902 8
      vertex -11.1286 12.8561 8
      vertex -11.1662 12.8447 8
    endloop
  endfacet
  facet normal 0 0 1
    outer loop
      vertex -12.6312 11.6716 8
      vertex -12.5287 11.8389 8
      vertex -12.5816 11.7562 8
    endloop
  endfacet
  facet normal 0 0 1
    outer loop
      vertex -12.5287 11.8389 8
      vertex -12.6312 11.6716 8
      vertex -12.6498 11.6369 8
    endloop
  endfacet
  facet normal 0 0 1
    outer loop
      vertex 12.0736 12.351 8
      vertex 12.2178 12.2178 8
      vertex 12.147 12.2858 8
    endloop
  endfacet
  facet normal 0 0 1
    outer loop
      vertex 12.2178 12.2178 8
      vertex 12.0736 12.351 8
      vertex 12.0433 12.3759 8
    endloop
  endfacet
  facet normal 0 0 1
    outer loop
      vertex 12.6775 11.585 8
      vertex 12.7597 11.4067 8
      vertex 12.7204 11.4966 8
    endloop
  endfacet
  facet normal 0 0 1
    outer loop
      vertex 12.7597 11.4067 8
      vertex 12.6775 11.585 8
      vertex 12.659 11.6196 8
    endloop
  endfacet
  facet normal 0 0 1
    outer loop
      vertex 12.7955 11.3153 8
      vertex 12.839 11.185 8
      vertex 12.8276 11.2225 8
    endloop
  endfacet
  facet normal 0 0 1
    outer loop
      vertex 12.839 11.185 8
      vertex 12.7955 11.3153 8
      vertex 12.7597 11.4067 8
    endloop
  endfacet
  facet normal 0 0 1
    outer loop
      vertex 12.4133 11.9977 8
      vertex 12.5287 11.8389 8
      vertex 12.4725 11.9195 8
    endloop
  endfacet
  facet normal 0 0 1
    outer loop
      vertex 12.5287 11.8389 8
      vertex 12.4133 11.9977 8
      vertex 12.3884 12.0281 8
    endloop
  endfacet
  facet normal 0 0 1
    outer loop
      vertex 12.5816 11.7562 8
      vertex 12.6498 11.6369 8
      vertex 12.6312 11.6716 8
    endloop
  endfacet
  facet normal 0 0 1
    outer loop
      vertex 12.6498 11.6369 8
      vertex 12.5816 11.7562 8
      vertex 12.5287 11.8389 8
    endloop
  endfacet
  facet normal 0 0 1
    outer loop
      vertex 11.8389 -12.5287 8
      vertex 11.6716 -12.6312 8
      vertex 11.7562 -12.5816 8
    endloop
  endfacet
  facet normal 0 -0 1
    outer loop
      vertex 11.6716 -12.6312 8
      vertex 11.8389 -12.5287 8
      vertex 11.6369 -12.6498 8
    endloop
  endfacet
  facet normal 0 0 1
    outer loop
      vertex 10.6852 -12.9384 8
      vertex 10.5481 -12.9481 8
      vertex 10.6461 -12.9423 8
    endloop
  endfacet
  facet normal 0 -0 1
    outer loop
      vertex 10.5481 -12.9481 8
      vertex 10.6852 -12.9384 8
      vertex 10.45 -12.95 8
    endloop
  endfacet
  facet normal 0 0 1
    outer loop
      vertex -11.6369 -12.6498 8
      vertex -11.7562 -12.5816 8
      vertex -11.6716 -12.6312 8
    endloop
  endfacet
  facet normal -0 -0 1
    outer loop
      vertex -11.7562 -12.5816 8
      vertex -11.6369 -12.6498 8
      vertex -11.8389 -12.5287 8
    endloop
  endfacet
  facet normal 0 0 1
    outer loop
      vertex -12.5287 -11.8389 8
      vertex -12.6312 -11.6716 8
      vertex -12.5816 -11.7562 8
    endloop
  endfacet
  facet normal -0 -0 1
    outer loop
      vertex -12.6312 -11.6716 8
      vertex -12.5287 -11.8389 8
      vertex -12.6498 -11.6369 8
    endloop
  endfacet
  facet normal 0 0 1
    outer loop
      vertex -12.9327 10.7438 8
      vertex -12.902 10.9377 8
      vertex -12.9192 10.8411 8
    endloop
  endfacet
  facet normal 0 0 1
    outer loop
      vertex -12.902 10.9377 8
      vertex -12.9327 10.7438 8
      vertex -12.9365 10.7048 8
    endloop
  endfacet
  facet normal 0 0 1
    outer loop
      vertex -12.8809 11.0336 8
      vertex -12.8447 11.1662 8
      vertex -12.8561 11.1286 8
    endloop
  endfacet
  facet normal 0 0 1
    outer loop
      vertex -12.8447 11.1662 8
      vertex -12.8809 11.0336 8
      vertex -12.902 10.9377 8
    endloop
  endfacet
  facet normal 0 0 1
    outer loop
      vertex -12.7204 11.4966 8
      vertex -12.659 11.6196 8
      vertex -12.6775 11.585 8
    endloop
  endfacet
  facet normal 0 0 1
    outer loop
      vertex -12.659 11.6196 8
      vertex -12.7204 11.4966 8
      vertex -12.7597 11.4067 8
    endloop
  endfacet
  facet normal 0 0 1
    outer loop
      vertex -11.585 12.6775 8
      vertex -11.4067 12.7597 8
      vertex -11.4966 12.7204 8
    endloop
  endfacet
  facet normal 0 0 1
    outer loop
      vertex -11.4067 12.7597 8
      vertex -11.585 12.6775 8
      vertex -11.6196 12.659 8
    endloop
  endfacet
  facet normal 0 0 1
    outer loop
      vertex -12.147 12.2858 8
      vertex -12.0433 12.3759 8
      vertex -12.0736 12.351 8
    endloop
  endfacet
  facet normal 0 0 1
    outer loop
      vertex -12.0433 12.3759 8
      vertex -12.147 12.2858 8
      vertex -12.2178 12.2178 8
    endloop
  endfacet
  facet normal 0 0 1
    outer loop
      vertex 12.2178 -12.2178 8
      vertex 12.0736 -12.351 8
      vertex 12.147 -12.2858 8
    endloop
  endfacet
  facet normal 0 -0 1
    outer loop
      vertex 12.0736 -12.351 8
      vertex 12.2178 -12.2178 8
      vertex 12.0433 -12.3759 8
    endloop
  endfacet
  facet normal 0 0 1
    outer loop
      vertex 12.7597 -11.4067 8
      vertex 12.6775 -11.585 8
      vertex 12.7204 -11.4966 8
    endloop
  endfacet
  facet normal 0 -0 1
    outer loop
      vertex 12.6775 -11.585 8
      vertex 12.7597 -11.4067 8
      vertex 12.659 -11.6196 8
    endloop
  endfacet
  facet normal 0 0 1
    outer loop
      vertex 12.902 -10.9377 8
      vertex 12.8561 -11.1286 8
      vertex 12.8809 -11.0336 8
    endloop
  endfacet
  facet normal 0 -0 1
    outer loop
      vertex 12.8561 -11.1286 8
      vertex 12.902 -10.9377 8
      vertex 12.8447 -11.1662 8
    endloop
  endfacet
  facet normal 0 0 1
    outer loop
      vertex -10.9377 -12.902 8
      vertex -11.1286 -12.8561 8
      vertex -11.0336 -12.8809 8
    endloop
  endfacet
  facet normal -0 -0 1
    outer loop
      vertex -11.1286 -12.8561 8
      vertex -10.9377 -12.902 8
      vertex -11.1662 -12.8447 8
    endloop
  endfacet
  facet normal 0 0 1
    outer loop
      vertex -12.2178 -12.2178 8
      vertex -12.351 -12.0736 8
      vertex -12.2858 -12.147 8
    endloop
  endfacet
  facet normal -0 -0 1
    outer loop
      vertex -12.351 -12.0736 8
      vertex -12.2178 -12.2178 8
      vertex -12.3759 -12.0433 8
    endloop
  endfacet
  facet normal 0 0 1
    outer loop
      vertex -12.0433 -12.3759 8
      vertex -12.147 -12.2858 8
      vertex -12.0736 -12.351 8
    endloop
  endfacet
  facet normal -0 -0 1
    outer loop
      vertex -12.147 -12.2858 8
      vertex -12.0433 -12.3759 8
      vertex -12.2178 -12.2178 8
    endloop
  endfacet
  facet normal 0 0 1
    outer loop
      vertex -12.8447 -11.1662 8
      vertex -12.8809 -11.0336 8
      vertex -12.8561 -11.1286 8
    endloop
  endfacet
  facet normal -0 -0 1
    outer loop
      vertex -12.8809 -11.0336 8
      vertex -12.8447 -11.1662 8
      vertex -12.902 -10.9377 8
    endloop
  endfacet
  facet normal 0 0 1
    outer loop
      vertex -12.8276 11.2225 8
      vertex -12.7597 11.4067 8
      vertex -12.7955 11.3153 8
    endloop
  endfacet
  facet normal 0 0 1
    outer loop
      vertex -12.7597 11.4067 8
      vertex -12.8276 11.2225 8
      vertex -12.839 11.185 8
    endloop
  endfacet
  facet normal 0 0 1
    outer loop
      vertex 12.6498 -11.6369 8
      vertex 12.5816 -11.7562 8
      vertex 12.6312 -11.6716 8
    endloop
  endfacet
  facet normal 0 -0 1
    outer loop
      vertex 12.5816 -11.7562 8
      vertex 12.6498 -11.6369 8
      vertex 12.5287 -11.8389 8
    endloop
  endfacet
  facet normal 0 0 1
    outer loop
      vertex 12.839 -11.185 8
      vertex 12.7955 -11.3153 8
      vertex 12.8276 -11.2225 8
    endloop
  endfacet
  facet normal 0 -0 1
    outer loop
      vertex 12.7955 -11.3153 8
      vertex 12.839 -11.185 8
      vertex 12.7597 -11.4067 8
    endloop
  endfacet
  facet normal 0 0 1
    outer loop
      vertex 12.9365 -10.7048 8
      vertex 12.9192 -10.8411 8
      vertex 12.9327 -10.7438 8
    endloop
  endfacet
  facet normal 0 -0 1
    outer loop
      vertex 12.9192 -10.8411 8
      vertex 12.9365 -10.7048 8
      vertex 12.902 -10.9377 8
    endloop
  endfacet
  facet normal 0 0 1
    outer loop
      vertex 12.2858 12.147 8
      vertex 12.3759 12.0433 8
      vertex 12.351 12.0736 8
    endloop
  endfacet
  facet normal 0 0 1
    outer loop
      vertex 12.3759 12.0433 8
      vertex 12.2858 12.147 8
      vertex 12.2178 12.2178 8
    endloop
  endfacet
  facet normal 0 0 1
    outer loop
      vertex 12.9192 10.8411 8
      vertex 12.9365 10.7048 8
      vertex 12.9327 10.7438 8
    endloop
  endfacet
  facet normal 0 0 1
    outer loop
      vertex 12.9365 10.7048 8
      vertex 12.9192 10.8411 8
      vertex 12.902 10.9377 8
    endloop
  endfacet
  facet normal 0 0 1
    outer loop
      vertex 12.8561 11.1286 8
      vertex 12.902 10.9377 8
      vertex 12.8809 11.0336 8
    endloop
  endfacet
  facet normal 0 0 1
    outer loop
      vertex 12.902 10.9377 8
      vertex 12.8561 11.1286 8
      vertex 12.8447 11.1662 8
    endloop
  endfacet
  facet normal 0 0 1
    outer loop
      vertex 12.0281 -12.3884 8
      vertex 11.9195 -12.4725 8
      vertex 11.9977 -12.4133 8
    endloop
  endfacet
  facet normal 0 -0 1
    outer loop
      vertex 11.9195 -12.4725 8
      vertex 12.0281 -12.3884 8
      vertex 11.8389 -12.5287 8
    endloop
  endfacet
  facet normal 0 0 1
    outer loop
      vertex -10.7048 -12.9365 8
      vertex -10.8411 -12.9192 8
      vertex -10.7438 -12.9327 8
    endloop
  endfacet
  facet normal -0 -0 1
    outer loop
      vertex -10.8411 -12.9192 8
      vertex -10.7048 -12.9365 8
      vertex -10.9377 -12.902 8
    endloop
  endfacet
  facet normal 0 0 1
    outer loop
      vertex 11.6196 -12.659 8
      vertex 11.4966 -12.7204 8
      vertex 11.585 -12.6775 8
    endloop
  endfacet
  facet normal 0 -0 1
    outer loop
      vertex 11.4966 -12.7204 8
      vertex 11.6196 -12.659 8
      vertex 11.4067 -12.7597 8
    endloop
  endfacet
  facet normal 0 0 1
    outer loop
      vertex 11.4067 -12.7597 8
      vertex 11.2225 -12.8276 8
      vertex 11.3153 -12.7955 8
    endloop
  endfacet
  facet normal 0 -0 1
    outer loop
      vertex 11.2225 -12.8276 8
      vertex 11.4067 -12.7597 8
      vertex 11.185 -12.839 8
    endloop
  endfacet
  facet normal 0 0 1
    outer loop
      vertex -11.185 -12.839 8
      vertex -11.3153 -12.7955 8
      vertex -11.2225 -12.8276 8
    endloop
  endfacet
  facet normal -0 -0 1
    outer loop
      vertex -11.3153 -12.7955 8
      vertex -11.185 -12.839 8
      vertex -11.4067 -12.7597 8
    endloop
  endfacet
  facet normal 0 0 1
    outer loop
      vertex -11.8389 -12.5287 8
      vertex -11.9977 -12.4133 8
      vertex -11.9195 -12.4725 8
    endloop
  endfacet
  facet normal -0 -0 1
    outer loop
      vertex -11.9977 -12.4133 8
      vertex -11.8389 -12.5287 8
      vertex -12.0281 -12.3884 8
    endloop
  endfacet
  facet normal 0 0 1
    outer loop
      vertex -12.902 -10.9377 8
      vertex -12.9327 -10.7438 8
      vertex -12.9192 -10.8411 8
    endloop
  endfacet
  facet normal -0 -0 1
    outer loop
      vertex -12.9327 -10.7438 8
      vertex -12.902 -10.9377 8
      vertex -12.9365 -10.7048 8
    endloop
  endfacet
  facet normal 0 0 1
    outer loop
      vertex -12.3884 -12.0281 8
      vertex -12.4725 -11.9195 8
      vertex -12.4133 -11.9977 8
    endloop
  endfacet
  facet normal -0 -0 1
    outer loop
      vertex -12.4725 -11.9195 8
      vertex -12.3884 -12.0281 8
      vertex -12.5287 -11.8389 8
    endloop
  endfacet
  facet normal 0 0 -1
    outer loop
      vertex -12.9365 -10.7048 8
      vertex -12.938 -10.695 8
      vertex -12.9384 -10.6852 8
    endloop
  endfacet
  facet normal -0 -0 -1
    outer loop
      vertex 12.8424 11.1757 8
      vertex 12.8447 11.1662 8
      vertex 12.839 11.185 8
    endloop
  endfacet
  facet normal 0 0 -1
    outer loop
      vertex -11.6196 -12.659 8
      vertex -11.6285 -12.6548 8
      vertex -11.6369 -12.6498 8
    endloop
  endfacet
  facet normal 0 -0 -1
    outer loop
      vertex -12.6548 11.6285 8
      vertex -12.6498 11.6369 8
      vertex -12.659 11.6196 8
    endloop
  endfacet
  facet normal 0 -0 -1
    outer loop
      vertex -12.8424 11.1757 8
      vertex -12.839 11.185 8
      vertex -12.8447 11.1662 8
    endloop
  endfacet
  facet normal -0 -0 -1
    outer loop
      vertex 12.036 12.3825 8
      vertex 12.0433 12.3759 8
      vertex 12.0281 12.3884 8
    endloop
  endfacet
  facet normal -0 -0 -1
    outer loop
      vertex 11.1757 12.8424 8
      vertex 11.185 12.839 8
      vertex 11.1662 12.8447 8
    endloop
  endfacet
  facet normal -0 -0 -1
    outer loop
      vertex 10.695 12.938 8
      vertex 10.7048 12.9365 8
      vertex 10.6852 12.9384 8
    endloop
  endfacet
  facet normal 0 -0 -1
    outer loop
      vertex -11.1757 12.8424 8
      vertex -11.1662 12.8447 8
      vertex -11.185 12.839 8
    endloop
  endfacet
  facet normal 0 -0 -1
    outer loop
      vertex -12.036 12.3825 8
      vertex -12.0281 12.3884 8
      vertex -12.0433 12.3759 8
    endloop
  endfacet
  facet normal -0 -0 -1
    outer loop
      vertex 12.938 10.695 8
      vertex 12.9384 10.6852 8
      vertex 12.9365 10.7048 8
    endloop
  endfacet
  facet normal 0 0 -1
    outer loop
      vertex -10.6852 -12.9384 8
      vertex -10.695 -12.938 8
      vertex -10.7048 -12.9365 8
    endloop
  endfacet
  facet normal 0 0 -1
    outer loop
      vertex -12.3759 -12.0433 8
      vertex -12.3825 -12.036 8
      vertex -12.3884 -12.0281 8
    endloop
  endfacet
  facet normal 0 0 -1
    outer loop
      vertex -12.839 -11.185 8
      vertex -12.8424 -11.1757 8
      vertex -12.8447 -11.1662 8
    endloop
  endfacet
  facet normal 0 -0 -1
    outer loop
      vertex -12.3825 12.036 8
      vertex -12.3759 12.0433 8
      vertex -12.3884 12.0281 8
    endloop
  endfacet
  facet normal -0 -0 -1
    outer loop
      vertex 12.6548 11.6285 8
      vertex 12.659 11.6196 8
      vertex 12.6498 11.6369 8
    endloop
  endfacet
  facet normal -0 -0 -1
    outer loop
      vertex 11.6285 12.6548 8
      vertex 11.6369 12.6498 8
      vertex 11.6196 12.659 8
    endloop
  endfacet
  facet normal 0 -0 -1
    outer loop
      vertex -11.6285 12.6548 8
      vertex -11.6196 12.659 8
      vertex -11.6369 12.6498 8
    endloop
  endfacet
  facet normal 0 0 -1
    outer loop
      vertex 11.185 -12.839 8
      vertex 11.1757 -12.8424 8
      vertex 11.1662 -12.8447 8
    endloop
  endfacet
  facet normal 0 -0 -1
    outer loop
      vertex -12.938 10.695 8
      vertex -12.9365 10.7048 8
      vertex -12.9384 10.6852 8
    endloop
  endfacet
  facet normal -0 -0 -1
    outer loop
      vertex 12.3825 12.036 8
      vertex 12.3884 12.0281 8
      vertex 12.3759 12.0433 8
    endloop
  endfacet
  facet normal 0 -0 -1
    outer loop
      vertex -10.695 12.938 8
      vertex -10.6852 12.9384 8
      vertex -10.7048 12.9365 8
    endloop
  endfacet
  facet normal 0 0 -1
    outer loop
      vertex 12.659 -11.6196 8
      vertex 12.6548 -11.6285 8
      vertex 12.6498 -11.6369 8
    endloop
  endfacet
  facet normal 0 0 -1
    outer loop
      vertex 12.8447 -11.1662 8
      vertex 12.8424 -11.1757 8
      vertex 12.839 -11.185 8
    endloop
  endfacet
  facet normal 0 0 -1
    outer loop
      vertex 10.7048 -12.9365 8
      vertex 10.695 -12.938 8
      vertex 10.6852 -12.9384 8
    endloop
  endfacet
  facet normal 0 0 -1
    outer loop
      vertex 12.9384 -10.6852 8
      vertex 12.938 -10.695 8
      vertex 12.9365 -10.7048 8
    endloop
  endfacet
  facet normal 0 0 -1
    outer loop
      vertex 12.3884 -12.0281 8
      vertex 12.3825 -12.036 8
      vertex 12.3759 -12.0433 8
    endloop
  endfacet
  facet normal 0 0 -1
    outer loop
      vertex 12.0433 -12.3759 8
      vertex 12.036 -12.3825 8
      vertex 12.0281 -12.3884 8
    endloop
  endfacet
  facet normal 0 0 -1
    outer loop
      vertex 11.6369 -12.6498 8
      vertex 11.6285 -12.6548 8
      vertex 11.6196 -12.659 8
    endloop
  endfacet
  facet normal 0 0 -1
    outer loop
      vertex -11.1662 -12.8447 8
      vertex -11.1757 -12.8424 8
      vertex -11.185 -12.839 8
    endloop
  endfacet
  facet normal 0 0 -1
    outer loop
      vertex -12.0281 -12.3884 8
      vertex -12.036 -12.3825 8
      vertex -12.0433 -12.3759 8
    endloop
  endfacet
  facet normal 0 0 -1
    outer loop
      vertex -12.6498 -11.6369 8
      vertex -12.6548 -11.6285 8
      vertex -12.659 -11.6196 8
    endloop
  endfacet
  facet normal -1 0 0
    outer loop
      vertex 12.95 10.45 0
      vertex 12.95 1.3 4
      vertex 12.95 10.45 8
    endloop
  endfacet
  facet normal -1 0 0
    outer loop
      vertex 12.95 10.45 0
      vertex 12.95 1.29374 3.87258
      vertex 12.95 1.3 4
    endloop
  endfacet
  facet normal -1 0 0
    outer loop
      vertex 12.95 10.45 0
      vertex 12.95 1.27502 3.74638
      vertex 12.95 1.29374 3.87258
    endloop
  endfacet
  facet normal -1 0 0
    outer loop
      vertex 12.95 10.45 0
      vertex 12.95 1.24402 3.62263
      vertex 12.95 1.27502 3.74638
    endloop
  endfacet
  facet normal -1 0 0
    outer loop
      vertex 12.95 10.45 0
      vertex 12.95 1.20104 3.50251
      vertex 12.95 1.24402 3.62263
    endloop
  endfacet
  facet normal -1 0 0
    outer loop
      vertex 12.95 10.45 0
      vertex 12.95 1.1465 3.38718
      vertex 12.95 1.20104 3.50251
    endloop
  endfacet
  facet normal -1 0 0
    outer loop
      vertex 12.95 10.45 0
      vertex 12.95 1.08091 3.27776
      vertex 12.95 1.1465 3.38718
    endloop
  endfacet
  facet normal -1 0 0
    outer loop
      vertex 12.95 10.45 0
      vertex 12.95 1.00491 3.17529
      vertex 12.95 1.08091 3.27776
    endloop
  endfacet
  facet normal -1 0 0
    outer loop
      vertex 12.95 10.45 0
      vertex 12.95 0.919238 3.08076
      vertex 12.95 1.00491 3.17529
    endloop
  endfacet
  facet normal -1 0 0
    outer loop
      vertex 12.95 10.45 0
      vertex 12.95 0.824711 2.99509
      vertex 12.95 0.919238 3.08076
    endloop
  endfacet
  facet normal -1 0 0
    outer loop
      vertex 12.95 10.45 0
      vertex 12.95 0.72224 2.91909
      vertex 12.95 0.824711 2.99509
    endloop
  endfacet
  facet normal -1 0 0
    outer loop
      vertex 12.95 10.45 0
      vertex 12.95 0.612815 2.8535
      vertex 12.95 0.72224 2.91909
    endloop
  endfacet
  facet normal -1 0 0
    outer loop
      vertex 12.95 10.45 0
      vertex 12.95 0.497488 2.79896
      vertex 12.95 0.612815 2.8535
    endloop
  endfacet
  facet normal -1 0 0
    outer loop
      vertex 12.95 10.45 0
      vertex 12.95 0.37737 2.75598
      vertex 12.95 0.497488 2.79896
    endloop
  endfacet
  facet normal -1 0 0
    outer loop
      vertex 12.95 10.45 0
      vertex 12.95 0.253617 2.72498
      vertex 12.95 0.37737 2.75598
    endloop
  endfacet
  facet normal -1 0 0
    outer loop
      vertex 12.95 10.45 0
      vertex 12.95 0.127421 2.70626
      vertex 12.95 0.253617 2.72498
    endloop
  endfacet
  facet normal -1 0 0
    outer loop
      vertex 12.95 10.45 0
      vertex 12.95 0 2.7
      vertex 12.95 0.127421 2.70626
    endloop
  endfacet
  facet normal -1 0 0
    outer loop
      vertex 12.95 -10.45 0
      vertex 12.95 0 2.7
      vertex 12.95 10.45 0
    endloop
  endfacet
  facet normal -1 -0 0
    outer loop
      vertex 12.95 0 2.7
      vertex 12.95 -10.45 0
      vertex 12.95 -0.127421 2.70626
    endloop
  endfacet
  facet normal -1 -0 0
    outer loop
      vertex 12.95 -0.127421 2.70626
      vertex 12.95 -10.45 0
      vertex 12.95 -0.253617 2.72498
    endloop
  endfacet
  facet normal -1 -0 0
    outer loop
      vertex 12.95 -1.29374 3.87258
      vertex 12.95 -10.45 0
      vertex 12.95 -1.3 4
    endloop
  endfacet
  facet normal -1 -0 0
    outer loop
      vertex 12.95 -1.27502 3.74638
      vertex 12.95 -10.45 0
      vertex 12.95 -1.29374 3.87258
    endloop
  endfacet
  facet normal -1 -0 0
    outer loop
      vertex 12.95 -1.24402 3.62263
      vertex 12.95 -10.45 0
      vertex 12.95 -1.27502 3.74638
    endloop
  endfacet
  facet normal -1 -0 0
    outer loop
      vertex 12.95 -1.20104 3.50251
      vertex 12.95 -10.45 0
      vertex 12.95 -1.24402 3.62263
    endloop
  endfacet
  facet normal -1 -0 0
    outer loop
      vertex 12.95 -1.1465 3.38718
      vertex 12.95 -10.45 0
      vertex 12.95 -1.20104 3.50251
    endloop
  endfacet
  facet normal -1 -0 0
    outer loop
      vertex 12.95 -1.08091 3.27776
      vertex 12.95 -10.45 0
      vertex 12.95 -1.1465 3.38718
    endloop
  endfacet
  facet normal -1 -0 0
    outer loop
      vertex 12.95 -1.00491 3.17529
      vertex 12.95 -10.45 0
      vertex 12.95 -1.08091 3.27776
    endloop
  endfacet
  facet normal -1 -0 0
    outer loop
      vertex 12.95 -0.919238 3.08076
      vertex 12.95 -10.45 0
      vertex 12.95 -1.00491 3.17529
    endloop
  endfacet
  facet normal -1 -0 0
    outer loop
      vertex 12.95 -0.824711 2.99509
      vertex 12.95 -10.45 0
      vertex 12.95 -0.919238 3.08076
    endloop
  endfacet
  facet normal -1 -0 0
    outer loop
      vertex 12.95 -0.72224 2.91909
      vertex 12.95 -10.45 0
      vertex 12.95 -0.824711 2.99509
    endloop
  endfacet
  facet normal -1 -0 0
    outer loop
      vertex 12.95 -0.612815 2.8535
      vertex 12.95 -10.45 0
      vertex 12.95 -0.72224 2.91909
    endloop
  endfacet
  facet normal -1 -0 0
    outer loop
      vertex 12.95 -0.497488 2.79896
      vertex 12.95 -10.45 0
      vertex 12.95 -0.612815 2.8535
    endloop
  endfacet
  facet normal -1 -0 0
    outer loop
      vertex 12.95 -0.37737 2.75598
      vertex 12.95 -10.45 0
      vertex 12.95 -0.497488 2.79896
    endloop
  endfacet
  facet normal -1 -0 0
    outer loop
      vertex 12.95 -0.253617 2.72498
      vertex 12.95 -10.45 0
      vertex 12.95 -0.37737 2.75598
    endloop
  endfacet
  facet normal -1 0 0
    outer loop
      vertex 12.95 1.29374 4.12742
      vertex 12.95 10.45 8
      vertex 12.95 1.3 4
    endloop
  endfacet
  facet normal -1 0 0
    outer loop
      vertex 12.95 1.27502 4.25362
      vertex 12.95 10.45 8
      vertex 12.95 1.29374 4.12742
    endloop
  endfacet
  facet normal -1 0 0
    outer loop
      vertex 12.95 1.24402 4.37737
      vertex 12.95 10.45 8
      vertex 12.95 1.27502 4.25362
    endloop
  endfacet
  facet normal -1 0 0
    outer loop
      vertex 12.95 1.20104 4.49749
      vertex 12.95 10.45 8
      vertex 12.95 1.24402 4.37737
    endloop
  endfacet
  facet normal -1 0 0
    outer loop
      vertex 12.95 1.1465 4.61281
      vertex 12.95 10.45 8
      vertex 12.95 1.20104 4.49749
    endloop
  endfacet
  facet normal -1 0 0
    outer loop
      vertex 12.95 1.08091 4.72224
      vertex 12.95 10.45 8
      vertex 12.95 1.1465 4.61281
    endloop
  endfacet
  facet normal -1 0 0
    outer loop
      vertex 12.95 1.00491 4.82471
      vertex 12.95 10.45 8
      vertex 12.95 1.08091 4.72224
    endloop
  endfacet
  facet normal -1 0 0
    outer loop
      vertex 12.95 0.919238 4.91924
      vertex 12.95 10.45 8
      vertex 12.95 1.00491 4.82471
    endloop
  endfacet
  facet normal -1 0 0
    outer loop
      vertex 12.95 0.824711 5.00491
      vertex 12.95 10.45 8
      vertex 12.95 0.919238 4.91924
    endloop
  endfacet
  facet normal -1 0 0
    outer loop
      vertex 12.95 0.72224 5.08091
      vertex 12.95 10.45 8
      vertex 12.95 0.824711 5.00491
    endloop
  endfacet
  facet normal -1 0 0
    outer loop
      vertex 12.95 0.612815 5.1465
      vertex 12.95 10.45 8
      vertex 12.95 0.72224 5.08091
    endloop
  endfacet
  facet normal -1 0 0
    outer loop
      vertex 12.95 0.497488 5.20104
      vertex 12.95 10.45 8
      vertex 12.95 0.612815 5.1465
    endloop
  endfacet
  facet normal -1 0 0
    outer loop
      vertex 12.95 0.37737 5.24402
      vertex 12.95 10.45 8
      vertex 12.95 0.497488 5.20104
    endloop
  endfacet
  facet normal -1 0 0
    outer loop
      vertex 12.95 0.253617 5.27502
      vertex 12.95 10.45 8
      vertex 12.95 0.37737 5.24402
    endloop
  endfacet
  facet normal -1 0 0
    outer loop
      vertex 12.95 0.127421 5.29374
      vertex 12.95 10.45 8
      vertex 12.95 0.253617 5.27502
    endloop
  endfacet
  facet normal -1 0 0
    outer loop
      vertex 12.95 0 5.3
      vertex 12.95 10.45 8
      vertex 12.95 0.127421 5.29374
    endloop
  endfacet
  facet normal -1 0 0
    outer loop
      vertex 12.95 -10.45 8
      vertex 12.95 0 5.3
      vertex 12.95 -0.127421 5.29374
    endloop
  endfacet
  facet normal -1 0 0
    outer loop
      vertex 12.95 -10.45 8
      vertex 12.95 -0.127421 5.29374
      vertex 12.95 -0.253617 5.27502
    endloop
  endfacet
  facet normal -1 0 0
    outer loop
      vertex 12.95 -10.45 8
      vertex 12.95 -0.253617 5.27502
      vertex 12.95 -0.37737 5.24402
    endloop
  endfacet
  facet normal -1 0 0
    outer loop
      vertex 12.95 -10.45 8
      vertex 12.95 -1.3 4
      vertex 12.95 -10.45 0
    endloop
  endfacet
  facet normal -1 0 0
    outer loop
      vertex 12.95 -1.3 4
      vertex 12.95 -10.45 8
      vertex 12.95 -1.29374 4.12742
    endloop
  endfacet
  facet normal -1 0 0
    outer loop
      vertex 12.95 -1.29374 4.12742
      vertex 12.95 -10.45 8
      vertex 12.95 -1.27502 4.25362
    endloop
  endfacet
  facet normal -1 0 0
    outer loop
      vertex 12.95 -1.27502 4.25362
      vertex 12.95 -10.45 8
      vertex 12.95 -1.24402 4.37737
    endloop
  endfacet
  facet normal -1 0 0
    outer loop
      vertex 12.95 -1.24402 4.37737
      vertex 12.95 -10.45 8
      vertex 12.95 -1.20104 4.49749
    endloop
  endfacet
  facet normal -1 0 0
    outer loop
      vertex 12.95 -1.20104 4.49749
      vertex 12.95 -10.45 8
      vertex 12.95 -1.1465 4.61281
    endloop
  endfacet
  facet normal -1 0 0
    outer loop
      vertex 12.95 -1.1465 4.61281
      vertex 12.95 -10.45 8
      vertex 12.95 -1.08091 4.72224
    endloop
  endfacet
  facet normal -1 0 0
    outer loop
      vertex 12.95 -1.08091 4.72224
      vertex 12.95 -10.45 8
      vertex 12.95 -1.00491 4.82471
    endloop
  endfacet
  facet normal -1 0 0
    outer loop
      vertex 12.95 -1.00491 4.82471
      vertex 12.95 -10.45 8
      vertex 12.95 -0.919238 4.91924
    endloop
  endfacet
  facet normal -1 0 0
    outer loop
      vertex 12.95 -0.919238 4.91924
      vertex 12.95 -10.45 8
      vertex 12.95 -0.824711 5.00491
    endloop
  endfacet
  facet normal -1 0 0
    outer loop
      vertex 12.95 -0.824711 5.00491
      vertex 12.95 -10.45 8
      vertex 12.95 -0.72224 5.08091
    endloop
  endfacet
  facet normal -1 0 0
    outer loop
      vertex 12.95 0 5.3
      vertex 12.95 -10.45 8
      vertex 12.95 10.45 8
    endloop
  endfacet
  facet normal -1 0 0
    outer loop
      vertex 12.95 -0.497488 5.20104
      vertex 12.95 -10.45 8
      vertex 12.95 -0.37737 5.24402
    endloop
  endfacet
  facet normal -1 0 0
    outer loop
      vertex 12.95 -0.612815 5.1465
      vertex 12.95 -10.45 8
      vertex 12.95 -0.497488 5.20104
    endloop
  endfacet
  facet normal -1 0 0
    outer loop
      vertex 12.95 -0.72224 5.08091
      vertex 12.95 -10.45 8
      vertex 12.95 -0.612815 5.1465
    endloop
  endfacet
  facet normal 0.859293 0.511484 0
    outer loop
      vertex -12.6498 -11.6369 8
      vertex -12.6548 -11.6285 0
      vertex -12.6548 -11.6285 8
    endloop
  endfacet
  facet normal 0.85768 0.514184 3.84258e-06
    outer loop
      vertex -12.5287 -11.8389 8
      vertex -12.6548 -11.6285 0
      vertex -12.6498 -11.6369 8
    endloop
  endfacet
  facet normal 0.857745 0.514076 0
    outer loop
      vertex -12.6548 -11.6285 0
      vertex -12.5287 -11.8389 8
      vertex -12.5287 -11.8389 0
    endloop
  endfacet
  facet normal 1 0 0
    outer loop
      vertex -12.95 10.45 8
      vertex -12.95 1.3 4
      vertex -12.95 10.45 0
    endloop
  endfacet
  facet normal 1 0 0
    outer loop
      vertex -12.95 10.45 8
      vertex -12.95 1.29374 4.12742
      vertex -12.95 1.3 4
    endloop
  endfacet
  facet normal 1 0 0
    outer loop
      vertex -12.95 10.45 8
      vertex -12.95 1.27502 4.25362
      vertex -12.95 1.29374 4.12742
    endloop
  endfacet
  facet normal 1 0 0
    outer loop
      vertex -12.95 10.45 8
      vertex -12.95 1.24402 4.37737
      vertex -12.95 1.27502 4.25362
    endloop
  endfacet
  facet normal 1 0 0
    outer loop
      vertex -12.95 10.45 8
      vertex -12.95 1.20104 4.49749
      vertex -12.95 1.24402 4.37737
    endloop
  endfacet
  facet normal 1 0 0
    outer loop
      vertex -12.95 10.45 8
      vertex -12.95 1.1465 4.61281
      vertex -12.95 1.20104 4.49749
    endloop
  endfacet
  facet normal 1 0 0
    outer loop
      vertex -12.95 10.45 8
      vertex -12.95 1.08091 4.72224
      vertex -12.95 1.1465 4.61281
    endloop
  endfacet
  facet normal 1 0 0
    outer loop
      vertex -12.95 10.45 8
      vertex -12.95 1.00491 4.82471
      vertex -12.95 1.08091 4.72224
    endloop
  endfacet
  facet normal 1 0 0
    outer loop
      vertex -12.95 10.45 8
      vertex -12.95 0.919238 4.91924
      vertex -12.95 1.00491 4.82471
    endloop
  endfacet
  facet normal 1 0 0
    outer loop
      vertex -12.95 10.45 8
      vertex -12.95 0.824711 5.00491
      vertex -12.95 0.919238 4.91924
    endloop
  endfacet
  facet normal 1 0 0
    outer loop
      vertex -12.95 10.45 8
      vertex -12.95 0.72224 5.08091
      vertex -12.95 0.824711 5.00491
    endloop
  endfacet
  facet normal 1 0 0
    outer loop
      vertex -12.95 10.45 8
      vertex -12.95 0.612815 5.1465
      vertex -12.95 0.72224 5.08091
    endloop
  endfacet
  facet normal 1 0 0
    outer loop
      vertex -12.95 10.45 8
      vertex -12.95 0.497488 5.20104
      vertex -12.95 0.612815 5.1465
    endloop
  endfacet
  facet normal 1 0 0
    outer loop
      vertex -12.95 10.45 8
      vertex -12.95 0.37737 5.24402
      vertex -12.95 0.497488 5.20104
    endloop
  endfacet
  facet normal 1 0 0
    outer loop
      vertex -12.95 10.45 8
      vertex -12.95 0.253617 5.27502
      vertex -12.95 0.37737 5.24402
    endloop
  endfacet
  facet normal 1 0 0
    outer loop
      vertex -12.95 10.45 8
      vertex -12.95 0.127421 5.29374
      vertex -12.95 0.253617 5.27502
    endloop
  endfacet
  facet normal 1 0 0
    outer loop
      vertex -12.95 10.45 8
      vertex -12.95 0 5.3
      vertex -12.95 0.127421 5.29374
    endloop
  endfacet
  facet normal 1 -0 0
    outer loop
      vertex -12.95 -10.45 8
      vertex -12.95 0 5.3
      vertex -12.95 10.45 8
    endloop
  endfacet
  facet normal 1 0 0
    outer loop
      vertex -12.95 0 5.3
      vertex -12.95 -10.45 8
      vertex -12.95 -0.127421 5.29374
    endloop
  endfacet
  facet normal 1 0 0
    outer loop
      vertex -12.95 -0.127421 5.29374
      vertex -12.95 -10.45 8
      vertex -12.95 -0.253617 5.27502
    endloop
  endfacet
  facet normal 1 0 0
    outer loop
      vertex -12.95 -1.29374 4.12742
      vertex -12.95 -10.45 8
      vertex -12.95 -1.3 4
    endloop
  endfacet
  facet normal 1 0 0
    outer loop
      vertex -12.95 -1.27502 4.25362
      vertex -12.95 -10.45 8
      vertex -12.95 -1.29374 4.12742
    endloop
  endfacet
  facet normal 1 0 0
    outer loop
      vertex -12.95 -1.24402 4.37737
      vertex -12.95 -10.45 8
      vertex -12.95 -1.27502 4.25362
    endloop
  endfacet
  facet normal 1 0 0
    outer loop
      vertex -12.95 -1.20104 4.49749
      vertex -12.95 -10.45 8
      vertex -12.95 -1.24402 4.37737
    endloop
  endfacet
  facet normal 1 0 0
    outer loop
      vertex -12.95 -1.1465 4.61281
      vertex -12.95 -10.45 8
      vertex -12.95 -1.20104 4.49749
    endloop
  endfacet
  facet normal 1 0 0
    outer loop
      vertex -12.95 -1.08091 4.72224
      vertex -12.95 -10.45 8
      vertex -12.95 -1.1465 4.61281
    endloop
  endfacet
  facet normal 1 0 0
    outer loop
      vertex -12.95 -1.00491 4.82471
      vertex -12.95 -10.45 8
      vertex -12.95 -1.08091 4.72224
    endloop
  endfacet
  facet normal 1 0 0
    outer loop
      vertex -12.95 -0.919238 4.91924
      vertex -12.95 -10.45 8
      vertex -12.95 -1.00491 4.82471
    endloop
  endfacet
  facet normal 1 0 0
    outer loop
      vertex -12.95 -0.824711 5.00491
      vertex -12.95 -10.45 8
      vertex -12.95 -0.919238 4.91924
    endloop
  endfacet
  facet normal 1 0 0
    outer loop
      vertex -12.95 -0.72224 5.08091
      vertex -12.95 -10.45 8
      vertex -12.95 -0.824711 5.00491
    endloop
  endfacet
  facet normal 1 0 0
    outer loop
      vertex -12.95 -0.612815 5.1465
      vertex -12.95 -10.45 8
      vertex -12.95 -0.72224 5.08091
    endloop
  endfacet
  facet normal 1 0 0
    outer loop
      vertex -12.95 -0.497488 5.20104
      vertex -12.95 -10.45 8
      vertex -12.95 -0.612815 5.1465
    endloop
  endfacet
  facet normal 1 0 0
    outer loop
      vertex -12.95 -0.37737 5.24402
      vertex -12.95 -10.45 8
      vertex -12.95 -0.497488 5.20104
    endloop
  endfacet
  facet normal 1 0 0
    outer loop
      vertex -12.95 -0.253617 5.27502
      vertex -12.95 -10.45 8
      vertex -12.95 -0.37737 5.24402
    endloop
  endfacet
  facet normal 1 -0 0
    outer loop
      vertex -12.95 1.29374 3.87258
      vertex -12.95 10.45 0
      vertex -12.95 1.3 4
    endloop
  endfacet
  facet normal 1 -0 0
    outer loop
      vertex -12.95 1.27502 3.74638
      vertex -12.95 10.45 0
      vertex -12.95 1.29374 3.87258
    endloop
  endfacet
  facet normal 1 -0 0
    outer loop
      vertex -12.95 1.24402 3.62263
      vertex -12.95 10.45 0
      vertex -12.95 1.27502 3.74638
    endloop
  endfacet
  facet normal 1 -0 0
    outer loop
      vertex -12.95 1.20104 3.50251
      vertex -12.95 10.45 0
      vertex -12.95 1.24402 3.62263
    endloop
  endfacet
  facet normal 1 -0 0
    outer loop
      vertex -12.95 1.1465 3.38718
      vertex -12.95 10.45 0
      vertex -12.95 1.20104 3.50251
    endloop
  endfacet
  facet normal 1 -0 0
    outer loop
      vertex -12.95 1.08091 3.27776
      vertex -12.95 10.45 0
      vertex -12.95 1.1465 3.38718
    endloop
  endfacet
  facet normal 1 -0 0
    outer loop
      vertex -12.95 1.00491 3.17529
      vertex -12.95 10.45 0
      vertex -12.95 1.08091 3.27776
    endloop
  endfacet
  facet normal 1 -0 0
    outer loop
      vertex -12.95 0.919238 3.08076
      vertex -12.95 10.45 0
      vertex -12.95 1.00491 3.17529
    endloop
  endfacet
  facet normal 1 -0 0
    outer loop
      vertex -12.95 0.824711 2.99509
      vertex -12.95 10.45 0
      vertex -12.95 0.919238 3.08076
    endloop
  endfacet
  facet normal 1 -0 0
    outer loop
      vertex -12.95 0.72224 2.91909
      vertex -12.95 10.45 0
      vertex -12.95 0.824711 2.99509
    endloop
  endfacet
  facet normal 1 -0 0
    outer loop
      vertex -12.95 0.612815 2.8535
      vertex -12.95 10.45 0
      vertex -12.95 0.72224 2.91909
    endloop
  endfacet
  facet normal 1 -0 0
    outer loop
      vertex -12.95 0.497488 2.79896
      vertex -12.95 10.45 0
      vertex -12.95 0.612815 2.8535
    endloop
  endfacet
  facet normal 1 -0 0
    outer loop
      vertex -12.95 0.37737 2.75598
      vertex -12.95 10.45 0
      vertex -12.95 0.497488 2.79896
    endloop
  endfacet
  facet normal 1 -0 0
    outer loop
      vertex -12.95 0.253617 2.72498
      vertex -12.95 10.45 0
      vertex -12.95 0.37737 2.75598
    endloop
  endfacet
  facet normal 1 -0 0
    outer loop
      vertex -12.95 0.127421 2.70626
      vertex -12.95 10.45 0
      vertex -12.95 0.253617 2.72498
    endloop
  endfacet
  facet normal 1 -0 0
    outer loop
      vertex -12.95 0 2.7
      vertex -12.95 10.45 0
      vertex -12.95 0.127421 2.70626
    endloop
  endfacet
  facet normal 1 0 0
    outer loop
      vertex -12.95 -10.45 0
      vertex -12.95 0 2.7
      vertex -12.95 -0.127421 2.70626
    endloop
  endfacet
  facet normal 1 0 0
    outer loop
      vertex -12.95 -10.45 0
      vertex -12.95 -0.127421 2.70626
      vertex -12.95 -0.253617 2.72498
    endloop
  endfacet
  facet normal 1 0 0
    outer loop
      vertex -12.95 -10.45 0
      vertex -12.95 -0.253617 2.72498
      vertex -12.95 -0.37737 2.75598
    endloop
  endfacet
  facet normal 1 0 0
    outer loop
      vertex -12.95 -10.45 0
      vertex -12.95 -1.3 4
      vertex -12.95 -10.45 8
    endloop
  endfacet
  facet normal 1 0 0
    outer loop
      vertex -12.95 -1.3 4
      vertex -12.95 -10.45 0
      vertex -12.95 -1.29374 3.87258
    endloop
  endfacet
  facet normal 1 0 0
    outer loop
      vertex -12.95 -1.29374 3.87258
      vertex -12.95 -10.45 0
      vertex -12.95 -1.27502 3.74638
    endloop
  endfacet
  facet normal 1 0 0
    outer loop
      vertex -12.95 -1.27502 3.74638
      vertex -12.95 -10.45 0
      vertex -12.95 -1.24402 3.62263
    endloop
  endfacet
  facet normal 1 0 0
    outer loop
      vertex -12.95 -1.24402 3.62263
      vertex -12.95 -10.45 0
      vertex -12.95 -1.20104 3.50251
    endloop
  endfacet
  facet normal 1 0 0
    outer loop
      vertex -12.95 -1.20104 3.50251
      vertex -12.95 -10.45 0
      vertex -12.95 -1.1465 3.38718
    endloop
  endfacet
  facet normal 1 0 0
    outer loop
      vertex -12.95 -1.1465 3.38718
      vertex -12.95 -10.45 0
      vertex -12.95 -1.08091 3.27776
    endloop
  endfacet
  facet normal 1 0 0
    outer loop
      vertex -12.95 -1.08091 3.27776
      vertex -12.95 -10.45 0
      vertex -12.95 -1.00491 3.17529
    endloop
  endfacet
  facet normal 1 0 0
    outer loop
      vertex -12.95 -1.00491 3.17529
      vertex -12.95 -10.45 0
      vertex -12.95 -0.919238 3.08076
    endloop
  endfacet
  facet normal 1 0 0
    outer loop
      vertex -12.95 -0.919238 3.08076
      vertex -12.95 -10.45 0
      vertex -12.95 -0.824711 2.99509
    endloop
  endfacet
  facet normal 1 0 0
    outer loop
      vertex -12.95 -0.824711 2.99509
      vertex -12.95 -10.45 0
      vertex -12.95 -0.72224 2.91909
    endloop
  endfacet
  facet normal 1 0 0
    outer loop
      vertex -12.95 0 2.7
      vertex -12.95 -10.45 0
      vertex -12.95 10.45 0
    endloop
  endfacet
  facet normal 1 0 0
    outer loop
      vertex -12.95 -0.497488 2.79896
      vertex -12.95 -10.45 0
      vertex -12.95 -0.37737 2.75598
    endloop
  endfacet
  facet normal 1 0 0
    outer loop
      vertex -12.95 -0.612815 2.8535
      vertex -12.95 -10.45 0
      vertex -12.95 -0.497488 2.79896
    endloop
  endfacet
  facet normal 1 0 0
    outer loop
      vertex -12.95 -0.72224 2.91909
      vertex -12.95 -10.45 0
      vertex -12.95 -0.612815 2.8535
    endloop
  endfacet
  facet normal -0.151299 -0.988488 0
    outer loop
      vertex 10.695 12.938 0
      vertex 10.7048 12.9365 8
      vertex 10.695 12.938 8
    endloop
  endfacet
  facet normal -0.146533 -0.989206 -5.97282e-06
    outer loop
      vertex 10.7048 12.9365 8
      vertex 10.695 12.938 0
      vertex 10.9377 12.902 8
    endloop
  endfacet
  facet normal -0.146726 -0.989177 -0
    outer loop
      vertex 10.9377 12.902 8
      vertex 10.695 12.938 0
      vertex 10.9377 12.902 0
    endloop
  endfacet
  facet normal -0.989206 -0.146533 0
    outer loop
      vertex 12.902 10.9377 0
      vertex 12.9365 10.7048 8
      vertex 12.902 10.9377 8
    endloop
  endfacet
  facet normal -0.989177 -0.146726 -5.73148e-06
    outer loop
      vertex 12.938 10.695 0
      vertex 12.9365 10.7048 8
      vertex 12.902 10.9377 0
    endloop
  endfacet
  facet normal -0.988488 -0.151299 0
    outer loop
      vertex 12.9365 10.7048 8
      vertex 12.938 10.695 0
      vertex 12.938 10.695 8
    endloop
  endfacet
  facet normal -0.999168 -0.0407824 0
    outer loop
      vertex 12.938 10.695 0
      vertex 12.9384 10.6852 8
      vertex 12.938 10.695 8
    endloop
  endfacet
  facet normal -0.998803 -0.0489209 -9.98803e-06
    outer loop
      vertex 12.95 10.45 0
      vertex 12.9384 10.6852 8
      vertex 12.938 10.695 0
    endloop
  endfacet
  facet normal -0.998786 -0.0492599 0
    outer loop
      vertex 12.9384 10.6852 8
      vertex 12.95 10.45 0
      vertex 12.95 10.45 8
    endloop
  endfacet
  facet normal 0.85768 -0.514184 0
    outer loop
      vertex -12.6498 11.6369 8
      vertex -12.5287 11.8389 0
      vertex -12.5287 11.8389 8
    endloop
  endfacet
  facet normal 0.859293 -0.511484 0
    outer loop
      vertex -12.6548 11.6285 0
      vertex -12.6498 11.6369 8
      vertex -12.6548 11.6285 8
    endloop
  endfacet
  facet normal 0.857745 -0.514076 3.68944e-06
    outer loop
      vertex -12.6498 11.6369 8
      vertex -12.6548 11.6285 0
      vertex -12.5287 11.8389 0
    endloop
  endfacet
  facet normal 0.999168 -0.0407824 0
    outer loop
      vertex -12.9384 10.6852 8
      vertex -12.938 10.695 0
      vertex -12.938 10.695 8
    endloop
  endfacet
  facet normal 0.998786 -0.0492599 -1.0404e-05
    outer loop
      vertex -12.95 10.45 8
      vertex -12.938 10.695 0
      vertex -12.9384 10.6852 8
    endloop
  endfacet
  facet normal 0.998803 -0.0489209 0
    outer loop
      vertex -12.938 10.695 0
      vertex -12.95 10.45 8
      vertex -12.95 10.45 0
    endloop
  endfacet
  facet normal -0.741073 -0.671425 0
    outer loop
      vertex 12.2178 12.2178 0
      vertex 12.3759 12.0433 8
      vertex 12.2178 12.2178 8
    endloop
  endfacet
  facet normal -0.741101 -0.671394 1.23823e-06
    outer loop
      vertex 12.3825 12.036 0
      vertex 12.3759 12.0433 8
      vertex 12.2178 12.2178 0
    endloop
  endfacet
  facet normal -0.741776 -0.670647 0
    outer loop
      vertex 12.3759 12.0433 8
      vertex 12.3825 12.036 0
      vertex 12.3825 12.036 8
    endloop
  endfacet
  facet normal 0 -1 0
    outer loop
      vertex -10.45 12.95 0
      vertex 10.45 12.95 8
      vertex -10.45 12.95 8
    endloop
  endfacet
  facet normal 0 -1 -0
    outer loop
      vertex 10.45 12.95 8
      vertex -10.45 12.95 0
      vertex 10.45 12.95 0
    endloop
  endfacet
  facet normal -0.0492599 -0.998786 0
    outer loop
      vertex 10.45 12.95 0
      vertex 10.6852 12.9384 8
      vertex 10.45 12.95 8
    endloop
  endfacet
  facet normal -0.0489209 -0.998803 -9.98803e-06
    outer loop
      vertex 10.695 12.938 0
      vertex 10.6852 12.9384 8
      vertex 10.45 12.95 0
    endloop
  endfacet
  facet normal -0.0407824 -0.999168 0
    outer loop
      vertex 10.6852 12.9384 8
      vertex 10.695 12.938 0
      vertex 10.695 12.938 8
    endloop
  endfacet
  facet normal -0.998786 0.0492599 0
    outer loop
      vertex 12.95 -10.45 0
      vertex 12.9384 -10.6852 8
      vertex 12.95 -10.45 8
    endloop
  endfacet
  facet normal -0.998803 0.0489209 -9.98803e-06
    outer loop
      vertex 12.938 -10.695 0
      vertex 12.9384 -10.6852 8
      vertex 12.95 -10.45 0
    endloop
  endfacet
  facet normal -0.999168 0.0407824 0
    outer loop
      vertex 12.9384 -10.6852 8
      vertex 12.938 -10.695 0
      vertex 12.938 -10.695 8
    endloop
  endfacet
  facet normal -0.235307 0.971921 0
    outer loop
      vertex 11.1757 -12.8424 0
      vertex 11.1662 -12.8447 8
      vertex 11.1757 -12.8424 8
    endloop
  endfacet
  facet normal -0.243235 0.969967 -9.9756e-06
    outer loop
      vertex 11.1662 -12.8447 8
      vertex 11.1757 -12.8424 0
      vertex 10.9377 -12.902 8
    endloop
  endfacet
  facet normal -0.242919 0.970047 0
    outer loop
      vertex 10.9377 -12.902 8
      vertex 11.1757 -12.8424 0
      vertex 10.9377 -12.902 0
    endloop
  endfacet
  facet normal 0 1 -0
    outer loop
      vertex 10.45 -12.95 0
      vertex -10.45 -12.95 8
      vertex 10.45 -12.95 8
    endloop
  endfacet
  facet normal 0 1 0
    outer loop
      vertex -10.45 -12.95 8
      vertex 10.45 -12.95 0
      vertex -10.45 -12.95 0
    endloop
  endfacet
  facet normal 0.741776 0.670647 0
    outer loop
      vertex -12.3759 -12.0433 8
      vertex -12.3825 -12.036 0
      vertex -12.3825 -12.036 8
    endloop
  endfacet
  facet normal 0.741073 0.671425 1.28998e-06
    outer loop
      vertex -12.2178 -12.2178 8
      vertex -12.3825 -12.036 0
      vertex -12.3759 -12.0433 8
    endloop
  endfacet
  facet normal 0.741101 0.671394 0
    outer loop
      vertex -12.3825 -12.036 0
      vertex -12.2178 -12.2178 8
      vertex -12.2178 -12.2178 0
    endloop
  endfacet
  facet normal 0.801215 -0.598376 0
    outer loop
      vertex -12.3884 12.0281 8
      vertex -12.3825 12.036 0
      vertex -12.3825 12.036 8
    endloop
  endfacet
  facet normal 0.803249 -0.595644 4.19774e-06
    outer loop
      vertex -12.5287 11.8389 8
      vertex -12.3825 12.036 0
      vertex -12.3884 12.0281 8
    endloop
  endfacet
  facet normal 0.803167 -0.595754 0
    outer loop
      vertex -12.3825 12.036 0
      vertex -12.5287 11.8389 8
      vertex -12.5287 11.8389 0
    endloop
  endfacet
  facet normal 0.741073 -0.671425 0
    outer loop
      vertex -12.3759 12.0433 8
      vertex -12.2178 12.2178 0
      vertex -12.2178 12.2178 8
    endloop
  endfacet
  facet normal 0.741776 -0.670647 0
    outer loop
      vertex -12.3825 12.036 0
      vertex -12.3759 12.0433 8
      vertex -12.3825 12.036 8
    endloop
  endfacet
  facet normal 0.741101 -0.671394 1.23823e-06
    outer loop
      vertex -12.3759 12.0433 8
      vertex -12.3825 12.036 0
      vertex -12.2178 12.2178 0
    endloop
  endfacet
  facet normal 0.671425 -0.741073 0
    outer loop
      vertex -12.2178 12.2178 0
      vertex -12.0433 12.3759 8
      vertex -12.2178 12.2178 8
    endloop
  endfacet
  facet normal 0.671394 -0.741101 1.23823e-06
    outer loop
      vertex -12.036 12.3825 0
      vertex -12.0433 12.3759 8
      vertex -12.2178 12.2178 0
    endloop
  endfacet
  facet normal 0.670647 -0.741776 0
    outer loop
      vertex -12.0433 12.3759 8
      vertex -12.036 12.3825 0
      vertex -12.036 12.3825 8
    endloop
  endfacet
  facet normal 0.941578 -0.336794 0
    outer loop
      vertex -12.839 11.185 8
      vertex -12.7597 11.4067 0
      vertex -12.7597 11.4067 8
    endloop
  endfacet
  facet normal 0.939202 -0.343364 0
    outer loop
      vertex -12.8424 11.1757 0
      vertex -12.839 11.185 8
      vertex -12.8424 11.1757 8
    endloop
  endfacet
  facet normal 0.941483 -0.337059 -8.29912e-06
    outer loop
      vertex -12.839 11.185 8
      vertex -12.8424 11.1757 0
      vertex -12.7597 11.4067 0
    endloop
  endfacet
  facet normal 0.904358 -0.426775 0
    outer loop
      vertex -12.659 11.6196 8
      vertex -12.6548 11.6285 0
      vertex -12.6548 11.6285 8
    endloop
  endfacet
  facet normal 0.90398 -0.427575 -1.08805e-06
    outer loop
      vertex -12.7597 11.4067 8
      vertex -12.6548 11.6285 0
      vertex -12.659 11.6196 8
    endloop
  endfacet
  facet normal 0.903995 -0.427543 0
    outer loop
      vertex -12.6548 11.6285 0
      vertex -12.7597 11.4067 8
      vertex -12.7597 11.4067 0
    endloop
  endfacet
  facet normal -0.511484 -0.859293 0
    outer loop
      vertex 11.6285 12.6548 0
      vertex 11.6369 12.6498 8
      vertex 11.6285 12.6548 8
    endloop
  endfacet
  facet normal -0.514184 -0.85768 3.84258e-06
    outer loop
      vertex 11.6369 12.6498 8
      vertex 11.6285 12.6548 0
      vertex 11.8389 12.5287 8
    endloop
  endfacet
  facet normal -0.514076 -0.857745 -0
    outer loop
      vertex 11.8389 12.5287 8
      vertex 11.6285 12.6548 0
      vertex 11.8389 12.5287 0
    endloop
  endfacet
  facet normal -0.85768 -0.514184 0
    outer loop
      vertex 12.5287 11.8389 0
      vertex 12.6498 11.6369 8
      vertex 12.5287 11.8389 8
    endloop
  endfacet
  facet normal -0.857745 -0.514076 3.68944e-06
    outer loop
      vertex 12.6548 11.6285 0
      vertex 12.6498 11.6369 8
      vertex 12.5287 11.8389 0
    endloop
  endfacet
  facet normal -0.859293 -0.511484 0
    outer loop
      vertex 12.6498 11.6369 8
      vertex 12.6548 11.6285 0
      vertex 12.6548 11.6285 8
    endloop
  endfacet
  facet normal -0.904358 -0.426775 0
    outer loop
      vertex 12.6548 11.6285 0
      vertex 12.659 11.6196 8
      vertex 12.6548 11.6285 8
    endloop
  endfacet
  facet normal -0.903995 -0.427543 -1.0444e-06
    outer loop
      vertex 12.7597 11.4067 0
      vertex 12.659 11.6196 8
      vertex 12.6548 11.6285 0
    endloop
  endfacet
  facet normal -0.90398 -0.427575 0
    outer loop
      vertex 12.659 11.6196 8
      vertex 12.7597 11.4067 0
      vertex 12.7597 11.4067 8
    endloop
  endfacet
  facet normal -0.971921 -0.235307 0
    outer loop
      vertex 12.8424 11.1757 0
      vertex 12.8447 11.1662 8
      vertex 12.8424 11.1757 8
    endloop
  endfacet
  facet normal -0.970047 -0.242919 -9.57819e-06
    outer loop
      vertex 12.902 10.9377 0
      vertex 12.8447 11.1662 8
      vertex 12.8424 11.1757 0
    endloop
  endfacet
  facet normal -0.969967 -0.243235 0
    outer loop
      vertex 12.8447 11.1662 8
      vertex 12.902 10.9377 0
      vertex 12.902 10.9377 8
    endloop
  endfacet
  facet normal 0.235307 -0.971921 0
    outer loop
      vertex -11.1757 12.8424 0
      vertex -11.1662 12.8447 8
      vertex -11.1757 12.8424 8
    endloop
  endfacet
  facet normal 0.243235 -0.969967 -9.9756e-06
    outer loop
      vertex -11.1662 12.8447 8
      vertex -11.1757 12.8424 0
      vertex -10.9377 12.902 8
    endloop
  endfacet
  facet normal 0.242919 -0.970047 0
    outer loop
      vertex -10.9377 12.902 8
      vertex -11.1757 12.8424 0
      vertex -10.9377 12.902 0
    endloop
  endfacet
  facet normal 0.0407824 -0.999168 0
    outer loop
      vertex -10.695 12.938 0
      vertex -10.6852 12.9384 8
      vertex -10.695 12.938 8
    endloop
  endfacet
  facet normal 0.0492599 -0.998786 -1.0404e-05
    outer loop
      vertex -10.6852 12.9384 8
      vertex -10.695 12.938 0
      vertex -10.45 12.95 8
    endloop
  endfacet
  facet normal 0.0489209 -0.998803 0
    outer loop
      vertex -10.45 12.95 8
      vertex -10.695 12.938 0
      vertex -10.45 12.95 0
    endloop
  endfacet
  facet normal 0.598376 -0.801215 0
    outer loop
      vertex -12.036 12.3825 0
      vertex -12.0281 12.3884 8
      vertex -12.036 12.3825 8
    endloop
  endfacet
  facet normal 0.595644 -0.803249 4.19774e-06
    outer loop
      vertex -12.0281 12.3884 8
      vertex -12.036 12.3825 0
      vertex -11.8389 12.5287 8
    endloop
  endfacet
  facet normal 0.595754 -0.803167 0
    outer loop
      vertex -11.8389 12.5287 8
      vertex -12.036 12.3825 0
      vertex -11.8389 12.5287 0
    endloop
  endfacet
  facet normal -0.859293 0.511484 0
    outer loop
      vertex 12.6548 -11.6285 0
      vertex 12.6498 -11.6369 8
      vertex 12.6548 -11.6285 8
    endloop
  endfacet
  facet normal -0.857745 0.514076 3.68944e-06
    outer loop
      vertex 12.5287 -11.8389 0
      vertex 12.6498 -11.6369 8
      vertex 12.6548 -11.6285 0
    endloop
  endfacet
  facet normal -0.85768 0.514184 0
    outer loop
      vertex 12.6498 -11.6369 8
      vertex 12.5287 -11.8389 0
      vertex 12.5287 -11.8389 8
    endloop
  endfacet
  facet normal -0.741776 0.670647 0
    outer loop
      vertex 12.3825 -12.036 0
      vertex 12.3759 -12.0433 8
      vertex 12.3825 -12.036 8
    endloop
  endfacet
  facet normal -0.741101 0.671394 1.23823e-06
    outer loop
      vertex 12.2178 -12.2178 0
      vertex 12.3759 -12.0433 8
      vertex 12.3825 -12.036 0
    endloop
  endfacet
  facet normal -0.741073 0.671425 0
    outer loop
      vertex 12.3759 -12.0433 8
      vertex 12.2178 -12.2178 0
      vertex 12.2178 -12.2178 8
    endloop
  endfacet
  facet normal 0.0492599 0.998786 -0
    outer loop
      vertex -10.45 -12.95 0
      vertex -10.6852 -12.9384 8
      vertex -10.45 -12.95 8
    endloop
  endfacet
  facet normal 0.0489209 0.998803 -9.98803e-06
    outer loop
      vertex -10.695 -12.938 0
      vertex -10.6852 -12.9384 8
      vertex -10.45 -12.95 0
    endloop
  endfacet
  facet normal 0.0407824 0.999168 0
    outer loop
      vertex -10.6852 -12.9384 8
      vertex -10.695 -12.938 0
      vertex -10.695 -12.938 8
    endloop
  endfacet
  facet normal 0.243235 0.969967 -0
    outer loop
      vertex -10.9377 -12.902 0
      vertex -11.1662 -12.8447 8
      vertex -10.9377 -12.902 8
    endloop
  endfacet
  facet normal 0.242919 0.970047 -9.57819e-06
    outer loop
      vertex -11.1757 -12.8424 0
      vertex -11.1662 -12.8447 8
      vertex -10.9377 -12.902 0
    endloop
  endfacet
  facet normal 0.235307 0.971921 0
    outer loop
      vertex -11.1662 -12.8447 8
      vertex -11.1757 -12.8424 0
      vertex -11.1757 -12.8424 8
    endloop
  endfacet
  facet normal 0.989206 -0.146533 0
    outer loop
      vertex -12.9365 10.7048 8
      vertex -12.902 10.9377 0
      vertex -12.902 10.9377 8
    endloop
  endfacet
  facet normal 0.988488 -0.151299 0
    outer loop
      vertex -12.938 10.695 0
      vertex -12.9365 10.7048 8
      vertex -12.938 10.695 8
    endloop
  endfacet
  facet normal 0.989177 -0.146726 -5.73148e-06
    outer loop
      vertex -12.9365 10.7048 8
      vertex -12.938 10.695 0
      vertex -12.902 10.9377 0
    endloop
  endfacet
  facet normal 0.971921 -0.235307 0
    outer loop
      vertex -12.8447 11.1662 8
      vertex -12.8424 11.1757 0
      vertex -12.8424 11.1757 8
    endloop
  endfacet
  facet normal 0.969967 -0.243235 -9.9756e-06
    outer loop
      vertex -12.902 10.9377 8
      vertex -12.8424 11.1757 0
      vertex -12.8447 11.1662 8
    endloop
  endfacet
  facet normal 0.970047 -0.242919 0
    outer loop
      vertex -12.8424 11.1757 0
      vertex -12.902 10.9377 8
      vertex -12.902 10.9377 0
    endloop
  endfacet
  facet normal -0.243235 -0.969967 0
    outer loop
      vertex 10.9377 12.902 0
      vertex 11.1662 12.8447 8
      vertex 10.9377 12.902 8
    endloop
  endfacet
  facet normal -0.242919 -0.970047 -9.57819e-06
    outer loop
      vertex 11.1757 12.8424 0
      vertex 11.1662 12.8447 8
      vertex 10.9377 12.902 0
    endloop
  endfacet
  facet normal -0.235307 -0.971921 0
    outer loop
      vertex 11.1662 12.8447 8
      vertex 11.1757 12.8424 0
      vertex 11.1757 12.8424 8
    endloop
  endfacet
  facet normal -0.343364 -0.939202 0
    outer loop
      vertex 11.1757 12.8424 0
      vertex 11.185 12.839 8
      vertex 11.1757 12.8424 8
    endloop
  endfacet
  facet normal -0.336794 -0.941578 -8.64812e-06
    outer loop
      vertex 11.185 12.839 8
      vertex 11.1757 12.8424 0
      vertex 11.4067 12.7597 8
    endloop
  endfacet
  facet normal -0.337059 -0.941483 -0
    outer loop
      vertex 11.4067 12.7597 8
      vertex 11.1757 12.8424 0
      vertex 11.4067 12.7597 0
    endloop
  endfacet
  facet normal -0.427575 -0.90398 0
    outer loop
      vertex 11.4067 12.7597 0
      vertex 11.6196 12.659 8
      vertex 11.4067 12.7597 8
    endloop
  endfacet
  facet normal -0.427543 -0.903995 -1.0444e-06
    outer loop
      vertex 11.6285 12.6548 0
      vertex 11.6196 12.659 8
      vertex 11.4067 12.7597 0
    endloop
  endfacet
  facet normal -0.426775 -0.904358 0
    outer loop
      vertex 11.6196 12.659 8
      vertex 11.6285 12.6548 0
      vertex 11.6285 12.6548 8
    endloop
  endfacet
  facet normal -0.595644 -0.803249 0
    outer loop
      vertex 11.8389 12.5287 0
      vertex 12.0281 12.3884 8
      vertex 11.8389 12.5287 8
    endloop
  endfacet
  facet normal -0.595754 -0.803167 4.02908e-06
    outer loop
      vertex 12.036 12.3825 0
      vertex 12.0281 12.3884 8
      vertex 11.8389 12.5287 0
    endloop
  endfacet
  facet normal -0.598376 -0.801215 0
    outer loop
      vertex 12.0281 12.3884 8
      vertex 12.036 12.3825 0
      vertex 12.036 12.3825 8
    endloop
  endfacet
  facet normal -0.670647 -0.741776 0
    outer loop
      vertex 12.036 12.3825 0
      vertex 12.0433 12.3759 8
      vertex 12.036 12.3825 8
    endloop
  endfacet
  facet normal -0.671425 -0.741073 1.28998e-06
    outer loop
      vertex 12.0433 12.3759 8
      vertex 12.036 12.3825 0
      vertex 12.2178 12.2178 8
    endloop
  endfacet
  facet normal -0.671394 -0.741101 -0
    outer loop
      vertex 12.2178 12.2178 8
      vertex 12.036 12.3825 0
      vertex 12.2178 12.2178 0
    endloop
  endfacet
  facet normal -0.801215 -0.598376 0
    outer loop
      vertex 12.3825 12.036 0
      vertex 12.3884 12.0281 8
      vertex 12.3825 12.036 8
    endloop
  endfacet
  facet normal -0.803167 -0.595754 4.02908e-06
    outer loop
      vertex 12.5287 11.8389 0
      vertex 12.3884 12.0281 8
      vertex 12.3825 12.036 0
    endloop
  endfacet
  facet normal -0.803249 -0.595644 0
    outer loop
      vertex 12.3884 12.0281 8
      vertex 12.5287 11.8389 0
      vertex 12.5287 11.8389 8
    endloop
  endfacet
  facet normal -0.941578 -0.336794 0
    outer loop
      vertex 12.7597 11.4067 0
      vertex 12.839 11.185 8
      vertex 12.7597 11.4067 8
    endloop
  endfacet
  facet normal -0.941483 -0.337059 -8.29912e-06
    outer loop
      vertex 12.8424 11.1757 0
      vertex 12.839 11.185 8
      vertex 12.7597 11.4067 0
    endloop
  endfacet
  facet normal -0.939202 -0.343364 0
    outer loop
      vertex 12.839 11.185 8
      vertex 12.8424 11.1757 0
      vertex 12.8424 11.1757 8
    endloop
  endfacet
  facet normal 0.146533 -0.989206 0
    outer loop
      vertex -10.9377 12.902 0
      vertex -10.7048 12.9365 8
      vertex -10.9377 12.902 8
    endloop
  endfacet
  facet normal 0.146726 -0.989177 -5.73148e-06
    outer loop
      vertex -10.695 12.938 0
      vertex -10.7048 12.9365 8
      vertex -10.9377 12.902 0
    endloop
  endfacet
  facet normal 0.151299 -0.988488 0
    outer loop
      vertex -10.7048 12.9365 8
      vertex -10.695 12.938 0
      vertex -10.695 12.938 8
    endloop
  endfacet
  facet normal 0.426775 -0.904358 0
    outer loop
      vertex -11.6285 12.6548 0
      vertex -11.6196 12.659 8
      vertex -11.6285 12.6548 8
    endloop
  endfacet
  facet normal 0.427575 -0.90398 -1.08805e-06
    outer loop
      vertex -11.6196 12.659 8
      vertex -11.6285 12.6548 0
      vertex -11.4067 12.7597 8
    endloop
  endfacet
  facet normal 0.427543 -0.903995 0
    outer loop
      vertex -11.4067 12.7597 8
      vertex -11.6285 12.6548 0
      vertex -11.4067 12.7597 0
    endloop
  endfacet
  facet normal 0.336794 -0.941578 0
    outer loop
      vertex -11.4067 12.7597 0
      vertex -11.185 12.839 8
      vertex -11.4067 12.7597 8
    endloop
  endfacet
  facet normal 0.337059 -0.941483 -8.29912e-06
    outer loop
      vertex -11.1757 12.8424 0
      vertex -11.185 12.839 8
      vertex -11.4067 12.7597 0
    endloop
  endfacet
  facet normal 0.343364 -0.939202 0
    outer loop
      vertex -11.185 12.839 8
      vertex -11.1757 12.8424 0
      vertex -11.1757 12.8424 8
    endloop
  endfacet
  facet normal 0.514184 -0.85768 0
    outer loop
      vertex -11.8389 12.5287 0
      vertex -11.6369 12.6498 8
      vertex -11.8389 12.5287 8
    endloop
  endfacet
  facet normal 0.514076 -0.857745 3.68944e-06
    outer loop
      vertex -11.6285 12.6548 0
      vertex -11.6369 12.6498 8
      vertex -11.8389 12.5287 0
    endloop
  endfacet
  facet normal 0.511484 -0.859293 0
    outer loop
      vertex -11.6369 12.6498 8
      vertex -11.6285 12.6548 0
      vertex -11.6285 12.6548 8
    endloop
  endfacet
  facet normal -0.939202 0.343364 0
    outer loop
      vertex 12.8424 -11.1757 0
      vertex 12.839 -11.185 8
      vertex 12.8424 -11.1757 8
    endloop
  endfacet
  facet normal -0.941483 0.337059 -8.29912e-06
    outer loop
      vertex 12.7597 -11.4067 0
      vertex 12.839 -11.185 8
      vertex 12.8424 -11.1757 0
    endloop
  endfacet
  facet normal -0.941578 0.336794 0
    outer loop
      vertex 12.839 -11.185 8
      vertex 12.7597 -11.4067 0
      vertex 12.7597 -11.4067 8
    endloop
  endfacet
  facet normal -0.336794 0.941578 0
    outer loop
      vertex 11.4067 -12.7597 0
      vertex 11.185 -12.839 8
      vertex 11.4067 -12.7597 8
    endloop
  endfacet
  facet normal -0.337059 0.941483 -8.29912e-06
    outer loop
      vertex 11.1757 -12.8424 0
      vertex 11.185 -12.839 8
      vertex 11.4067 -12.7597 0
    endloop
  endfacet
  facet normal -0.343364 0.939202 0
    outer loop
      vertex 11.185 -12.839 8
      vertex 11.1757 -12.8424 0
      vertex 11.1757 -12.8424 8
    endloop
  endfacet
  facet normal -0.146533 0.989206 0
    outer loop
      vertex 10.9377 -12.902 0
      vertex 10.7048 -12.9365 8
      vertex 10.9377 -12.902 8
    endloop
  endfacet
  facet normal -0.146726 0.989177 -5.73148e-06
    outer loop
      vertex 10.695 -12.938 0
      vertex 10.7048 -12.9365 8
      vertex 10.9377 -12.902 0
    endloop
  endfacet
  facet normal -0.151299 0.988488 0
    outer loop
      vertex 10.7048 -12.9365 8
      vertex 10.695 -12.938 0
      vertex 10.695 -12.938 8
    endloop
  endfacet
  facet normal -0.0407824 0.999168 0
    outer loop
      vertex 10.695 -12.938 0
      vertex 10.6852 -12.9384 8
      vertex 10.695 -12.938 8
    endloop
  endfacet
  facet normal -0.0492599 0.998786 -1.0404e-05
    outer loop
      vertex 10.6852 -12.9384 8
      vertex 10.695 -12.938 0
      vertex 10.45 -12.95 8
    endloop
  endfacet
  facet normal -0.0489209 0.998803 0
    outer loop
      vertex 10.45 -12.95 8
      vertex 10.695 -12.938 0
      vertex 10.45 -12.95 0
    endloop
  endfacet
  facet normal 0.151299 0.988488 -0
    outer loop
      vertex -10.695 -12.938 0
      vertex -10.7048 -12.9365 8
      vertex -10.695 -12.938 8
    endloop
  endfacet
  facet normal 0.146533 0.989206 -5.97282e-06
    outer loop
      vertex -10.7048 -12.9365 8
      vertex -10.695 -12.938 0
      vertex -10.9377 -12.902 8
    endloop
  endfacet
  facet normal 0.146726 0.989177 0
    outer loop
      vertex -10.9377 -12.902 8
      vertex -10.695 -12.938 0
      vertex -10.9377 -12.902 0
    endloop
  endfacet
  facet normal 0.343364 0.939202 -0
    outer loop
      vertex -11.1757 -12.8424 0
      vertex -11.185 -12.839 8
      vertex -11.1757 -12.8424 8
    endloop
  endfacet
  facet normal 0.336794 0.941578 -8.64812e-06
    outer loop
      vertex -11.185 -12.839 8
      vertex -11.1757 -12.8424 0
      vertex -11.4067 -12.7597 8
    endloop
  endfacet
  facet normal 0.337059 0.941483 0
    outer loop
      vertex -11.4067 -12.7597 8
      vertex -11.1757 -12.8424 0
      vertex -11.4067 -12.7597 0
    endloop
  endfacet
  facet normal 0.427575 0.90398 -0
    outer loop
      vertex -11.4067 -12.7597 0
      vertex -11.6196 -12.659 8
      vertex -11.4067 -12.7597 8
    endloop
  endfacet
  facet normal 0.427543 0.903995 -1.0444e-06
    outer loop
      vertex -11.6285 -12.6548 0
      vertex -11.6196 -12.659 8
      vertex -11.4067 -12.7597 0
    endloop
  endfacet
  facet normal 0.426775 0.904358 0
    outer loop
      vertex -11.6196 -12.659 8
      vertex -11.6285 -12.6548 0
      vertex -11.6285 -12.6548 8
    endloop
  endfacet
  facet normal 0.511484 0.859293 -0
    outer loop
      vertex -11.6285 -12.6548 0
      vertex -11.6369 -12.6498 8
      vertex -11.6285 -12.6548 8
    endloop
  endfacet
  facet normal 0.514184 0.85768 3.84258e-06
    outer loop
      vertex -11.6369 -12.6498 8
      vertex -11.6285 -12.6548 0
      vertex -11.8389 -12.5287 8
    endloop
  endfacet
  facet normal 0.514076 0.857745 0
    outer loop
      vertex -11.8389 -12.5287 8
      vertex -11.6285 -12.6548 0
      vertex -11.8389 -12.5287 0
    endloop
  endfacet
  facet normal -0.988488 0.151299 0
    outer loop
      vertex 12.938 -10.695 0
      vertex 12.9365 -10.7048 8
      vertex 12.938 -10.695 8
    endloop
  endfacet
  facet normal -0.989177 0.146726 -5.73148e-06
    outer loop
      vertex 12.902 -10.9377 0
      vertex 12.9365 -10.7048 8
      vertex 12.938 -10.695 0
    endloop
  endfacet
  facet normal -0.989206 0.146533 0
    outer loop
      vertex 12.9365 -10.7048 8
      vertex 12.902 -10.9377 0
      vertex 12.902 -10.9377 8
    endloop
  endfacet
  facet normal -0.969967 0.243235 0
    outer loop
      vertex 12.902 -10.9377 0
      vertex 12.8447 -11.1662 8
      vertex 12.902 -10.9377 8
    endloop
  endfacet
  facet normal -0.970047 0.242919 -9.57819e-06
    outer loop
      vertex 12.8424 -11.1757 0
      vertex 12.8447 -11.1662 8
      vertex 12.902 -10.9377 0
    endloop
  endfacet
  facet normal -0.971921 0.235307 0
    outer loop
      vertex 12.8447 -11.1662 8
      vertex 12.8424 -11.1757 0
      vertex 12.8424 -11.1757 8
    endloop
  endfacet
  facet normal -0.803249 0.595644 0
    outer loop
      vertex 12.5287 -11.8389 0
      vertex 12.3884 -12.0281 8
      vertex 12.5287 -11.8389 8
    endloop
  endfacet
  facet normal -0.803167 0.595754 4.02908e-06
    outer loop
      vertex 12.3825 -12.036 0
      vertex 12.3884 -12.0281 8
      vertex 12.5287 -11.8389 0
    endloop
  endfacet
  facet normal -0.801215 0.598376 0
    outer loop
      vertex 12.3884 -12.0281 8
      vertex 12.3825 -12.036 0
      vertex 12.3825 -12.036 8
    endloop
  endfacet
  facet normal -0.90398 0.427575 0
    outer loop
      vertex 12.7597 -11.4067 0
      vertex 12.659 -11.6196 8
      vertex 12.7597 -11.4067 8
    endloop
  endfacet
  facet normal -0.903995 0.427543 -1.0444e-06
    outer loop
      vertex 12.6548 -11.6285 0
      vertex 12.659 -11.6196 8
      vertex 12.7597 -11.4067 0
    endloop
  endfacet
  facet normal -0.904358 0.426775 0
    outer loop
      vertex 12.659 -11.6196 8
      vertex 12.6548 -11.6285 0
      vertex 12.6548 -11.6285 8
    endloop
  endfacet
  facet normal -0.598376 0.801215 0
    outer loop
      vertex 12.036 -12.3825 0
      vertex 12.0281 -12.3884 8
      vertex 12.036 -12.3825 8
    endloop
  endfacet
  facet normal -0.595644 0.803249 4.19774e-06
    outer loop
      vertex 12.0281 -12.3884 8
      vertex 12.036 -12.3825 0
      vertex 11.8389 -12.5287 8
    endloop
  endfacet
  facet normal -0.595754 0.803167 0
    outer loop
      vertex 11.8389 -12.5287 8
      vertex 12.036 -12.3825 0
      vertex 11.8389 -12.5287 0
    endloop
  endfacet
  facet normal -0.514184 0.85768 0
    outer loop
      vertex 11.8389 -12.5287 0
      vertex 11.6369 -12.6498 8
      vertex 11.8389 -12.5287 8
    endloop
  endfacet
  facet normal -0.514076 0.857745 3.68944e-06
    outer loop
      vertex 11.6285 -12.6548 0
      vertex 11.6369 -12.6498 8
      vertex 11.8389 -12.5287 0
    endloop
  endfacet
  facet normal -0.511484 0.859293 0
    outer loop
      vertex 11.6369 -12.6498 8
      vertex 11.6285 -12.6548 0
      vertex 11.6285 -12.6548 8
    endloop
  endfacet
  facet normal -0.426775 0.904358 0
    outer loop
      vertex 11.6285 -12.6548 0
      vertex 11.6196 -12.659 8
      vertex 11.6285 -12.6548 8
    endloop
  endfacet
  facet normal -0.427575 0.90398 -1.08805e-06
    outer loop
      vertex 11.6196 -12.659 8
      vertex 11.6285 -12.6548 0
      vertex 11.4067 -12.7597 8
    endloop
  endfacet
  facet normal -0.427543 0.903995 0
    outer loop
      vertex 11.4067 -12.7597 8
      vertex 11.6285 -12.6548 0
      vertex 11.4067 -12.7597 0
    endloop
  endfacet
  facet normal -0.671425 0.741073 0
    outer loop
      vertex 12.2178 -12.2178 0
      vertex 12.0433 -12.3759 8
      vertex 12.2178 -12.2178 8
    endloop
  endfacet
  facet normal -0.671394 0.741101 1.23823e-06
    outer loop
      vertex 12.036 -12.3825 0
      vertex 12.0433 -12.3759 8
      vertex 12.2178 -12.2178 0
    endloop
  endfacet
  facet normal -0.670647 0.741776 0
    outer loop
      vertex 12.0433 -12.3759 8
      vertex 12.036 -12.3825 0
      vertex 12.036 -12.3825 8
    endloop
  endfacet
  facet normal 0.595644 0.803249 -0
    outer loop
      vertex -11.8389 -12.5287 0
      vertex -12.0281 -12.3884 8
      vertex -11.8389 -12.5287 8
    endloop
  endfacet
  facet normal 0.595754 0.803167 4.02908e-06
    outer loop
      vertex -12.036 -12.3825 0
      vertex -12.0281 -12.3884 8
      vertex -11.8389 -12.5287 0
    endloop
  endfacet
  facet normal 0.598376 0.801215 0
    outer loop
      vertex -12.0281 -12.3884 8
      vertex -12.036 -12.3825 0
      vertex -12.036 -12.3825 8
    endloop
  endfacet
  facet normal 0.670647 0.741776 -0
    outer loop
      vertex -12.036 -12.3825 0
      vertex -12.0433 -12.3759 8
      vertex -12.036 -12.3825 8
    endloop
  endfacet
  facet normal 0.671425 0.741073 1.28998e-06
    outer loop
      vertex -12.0433 -12.3759 8
      vertex -12.036 -12.3825 0
      vertex -12.2178 -12.2178 8
    endloop
  endfacet
  facet normal 0.671394 0.741101 0
    outer loop
      vertex -12.2178 -12.2178 8
      vertex -12.036 -12.3825 0
      vertex -12.2178 -12.2178 0
    endloop
  endfacet
  facet normal 0.803249 0.595644 0
    outer loop
      vertex -12.3884 -12.0281 8
      vertex -12.5287 -11.8389 0
      vertex -12.5287 -11.8389 8
    endloop
  endfacet
  facet normal 0.801215 0.598376 -0
    outer loop
      vertex -12.3825 -12.036 0
      vertex -12.3884 -12.0281 8
      vertex -12.3825 -12.036 8
    endloop
  endfacet
  facet normal 0.803167 0.595754 4.02908e-06
    outer loop
      vertex -12.3884 -12.0281 8
      vertex -12.3825 -12.036 0
      vertex -12.5287 -11.8389 0
    endloop
  endfacet
  facet normal 0.90398 0.427575 0
    outer loop
      vertex -12.659 -11.6196 8
      vertex -12.7597 -11.4067 0
      vertex -12.7597 -11.4067 8
    endloop
  endfacet
  facet normal 0.904358 0.426775 -0
    outer loop
      vertex -12.6548 -11.6285 0
      vertex -12.659 -11.6196 8
      vertex -12.6548 -11.6285 8
    endloop
  endfacet
  facet normal 0.903995 0.427543 -1.0444e-06
    outer loop
      vertex -12.659 -11.6196 8
      vertex -12.6548 -11.6285 0
      vertex -12.7597 -11.4067 0
    endloop
  endfacet
  facet normal 0.939202 0.343364 0
    outer loop
      vertex -12.839 -11.185 8
      vertex -12.8424 -11.1757 0
      vertex -12.8424 -11.1757 8
    endloop
  endfacet
  facet normal 0.941578 0.336794 -8.64812e-06
    outer loop
      vertex -12.7597 -11.4067 8
      vertex -12.8424 -11.1757 0
      vertex -12.839 -11.185 8
    endloop
  endfacet
  facet normal 0.941483 0.337059 0
    outer loop
      vertex -12.8424 -11.1757 0
      vertex -12.7597 -11.4067 8
      vertex -12.7597 -11.4067 0
    endloop
  endfacet
  facet normal 0.868635 -0 0.495452
    outer loop
      vertex -12.95 -10.45 8
      vertex -12.95 10.45 8
      vertex -21.5 0 22.99
    endloop
  endfacet
  facet normal 0.873541 0.0169187 0.486456
    outer loop
      vertex -12.9481 -10.5481 8
      vertex -12.95 -10.45 8
      vertex -21.5 0 22.99
    endloop
  endfacet
  facet normal 0.881972 0.0521983 0.468403
    outer loop
      vertex -12.9423 -10.6461 8
      vertex -12.9481 -10.5481 8
      vertex -21.4834 -0.844086 22.99
    endloop
  endfacet
  facet normal 0.873615 0.0171807 0.486314
    outer loop
      vertex -21.4834 -0.844086 22.99
      vertex -12.9481 -10.5481 8
      vertex -21.5 0 22.99
    endloop
  endfacet
  facet normal 0.931215 -0.364469 0
    outer loop
      vertex -20.1711 7.44152 23
      vertex -19.8634 8.22769 22.99
      vertex -19.8634 8.22769 23
    endloop
  endfacet
  facet normal 0.931215 -0.364469 0
    outer loop
      vertex -19.8634 8.22769 22.99
      vertex -20.1711 7.44152 23
      vertex -20.1711 7.44152 22.99
    endloop
  endfacet
  facet normal 0.747514 -0.664246 0
    outer loop
      vertex -16.3487 13.9631 23
      vertex -15.7879 14.5942 22.99
      vertex -15.7879 14.5942 23
    endloop
  endfacet
  facet normal 0.747514 -0.664246 0
    outer loop
      vertex -15.7879 14.5942 22.99
      vertex -16.3487 13.9631 23
      vertex -16.3487 13.9631 22.99
    endloop
  endfacet
  facet normal -0.137044 -0.990565 0
    outer loop
      vertex 2.52705 21.351 22.99
      vertex 3.36334 21.2353 23
      vertex 2.52705 21.351 23
    endloop
  endfacet
  facet normal -0.137044 -0.990565 -0
    outer loop
      vertex 3.36334 21.2353 23
      vertex 2.52705 21.351 22.99
      vertex 3.36334 21.2353 22.99
    endloop
  endfacet
  facet normal -0.12385 -0.892636 0.433431
    outer loop
      vertex 10.7438 12.9327 8
      vertex 10.8411 12.9192 8
      vertex 3.36334 21.2353 22.99
    endloop
  endfacet
  facet normal 0.482558 -0.823254 0.298981
    outer loop
      vertex -10.5054 18.7587 22.99
      vertex -11.2337 18.3318 22.99
      vertex -11.6716 12.6312 8
    endloop
  endfacet
  facet normal -0.159332 -0.894851 0.41696
    outer loop
      vertex 10.8411 12.9192 8
      vertex 10.9377 12.902 8
      vertex 3.36334 21.2353 22.99
    endloop
  endfacet
  facet normal -0.873615 -0.0171807 0.486314
    outer loop
      vertex 21.5 0 22.99
      vertex 21.4834 0.844086 22.99
      vertex 12.9481 10.5481 8
    endloop
  endfacet
  facet normal 0.995191 0.0979579 0
    outer loop
      vertex -21.351 -2.52705 23
      vertex -21.4337 -1.68687 22.99
      vertex -21.4337 -1.68687 23
    endloop
  endfacet
  facet normal 0.995191 0.0979579 0
    outer loop
      vertex -21.4337 -1.68687 22.99
      vertex -21.351 -2.52705 23
      vertex -21.351 -2.52705 22.99
    endloop
  endfacet
  facet normal 0.873541 -0.0169187 0.486456
    outer loop
      vertex -12.95 10.45 8
      vertex -12.9481 10.5481 8
      vertex -21.5 0 22.99
    endloop
  endfacet
  facet normal 0.944808 -0.327626 0
    outer loop
      vertex -20.4477 6.64386 23
      vertex -20.1711 7.44152 22.99
      vertex -20.1711 7.44152 23
    endloop
  endfacet
  facet normal 0.944808 -0.327626 0
    outer loop
      vertex -20.1711 7.44152 22.99
      vertex -20.4477 6.64386 23
      vertex -20.4477 6.64386 22.99
    endloop
  endfacet
  facet normal 0.998266 -0.0588689 0
    outer loop
      vertex -21.4834 0.844086 23
      vertex -21.4337 1.68687 22.99
      vertex -21.4337 1.68687 23
    endloop
  endfacet
  facet normal 0.998266 -0.0588689 0
    outer loop
      vertex -21.4337 1.68687 22.99
      vertex -21.4834 0.844086 23
      vertex -21.4834 0.844086 22.99
    endloop
  endfacet
  facet normal 0.852925 -0.413764 0.318305
    outer loop
      vertex -12.7204 11.4966 8
      vertex -19.1566 9.7608 22.99
      vertex -19.5251 9.00118 22.99
    endloop
  endfacet
  facet normal -0.772996 -0.634411 0
    outer loop
      vertex 16.8843 13.3105 22.99
      vertex 16.3487 13.9631 23
      vertex 16.3487 13.9631 22.99
    endloop
  endfacet
  facet normal -0.772996 -0.634411 0
    outer loop
      vertex 16.3487 13.9631 23
      vertex 16.8843 13.3105 22.99
      vertex 16.8843 13.3105 23
    endloop
  endfacet
  facet normal 0.471307 -0.881969 0
    outer loop
      vertex -10.5054 18.7587 22.99
      vertex -9.7608 19.1566 23
      vertex -10.5054 18.7587 23
    endloop
  endfacet
  facet normal 0.471307 -0.881969 0
    outer loop
      vertex -9.7608 19.1566 23
      vertex -10.5054 18.7587 22.99
      vertex -9.7608 19.1566 22.99
    endloop
  endfacet
  facet normal -0.0169187 -0.873541 0.486456
    outer loop
      vertex 10.45 12.95 8
      vertex 10.5481 12.9481 8
      vertex 0 21.5 22.99
    endloop
  endfacet
  facet normal 0.742795 -0.610416 0.27504
    outer loop
      vertex -16.3487 13.9631 22.99
      vertex -12.3759 12.0433 8
      vertex -12.351 12.0736 8
    endloop
  endfacet
  facet normal 0.742587 -0.61068 0.275019
    outer loop
      vertex -16.3487 13.9631 22.99
      vertex -12.3884 12.0281 8
      vertex -12.3759 12.0433 8
    endloop
  endfacet
  facet normal 0.743759 -0.609198 0.275137
    outer loop
      vertex -12.3884 12.0281 8
      vertex -16.3487 13.9631 22.99
      vertex -12.4133 11.9977 8
    endloop
  endfacet
  facet normal 0.881969 -0.471307 0
    outer loop
      vertex -19.1566 9.7608 23
      vertex -18.7587 10.5054 22.99
      vertex -18.7587 10.5054 23
    endloop
  endfacet
  facet normal 0.881969 -0.471307 0
    outer loop
      vertex -18.7587 10.5054 22.99
      vertex -19.1566 9.7608 23
      vertex -19.1566 9.7608 22.99
    endloop
  endfacet
  facet normal -0.998266 -0.0588689 0
    outer loop
      vertex 21.4834 0.844086 22.99
      vertex 21.4337 1.68687 23
      vertex 21.4337 1.68687 22.99
    endloop
  endfacet
  facet normal -0.998266 -0.0588689 0
    outer loop
      vertex 21.4337 1.68687 23
      vertex 21.4834 0.844086 22.99
      vertex 21.4834 0.844086 23
    endloop
  endfacet
  facet normal 0 0 -1
    outer loop
      vertex 12.3759 -12.0433 8
      vertex 12.4133 -11.9977 8
      vertex 12.3884 -12.0281 8
    endloop
  endfacet
  facet normal 0 0 -1
    outer loop
      vertex 12.351 -12.0736 8
      vertex 12.4133 -11.9977 8
      vertex 12.3759 -12.0433 8
    endloop
  endfacet
  facet normal -0.743139 0.609981 0.275077
    outer loop
      vertex 12.4133 -11.9977 8
      vertex 12.351 -12.0736 8
      vertex 16.3487 -13.9631 22.99
    endloop
  endfacet
  facet normal 0.0169187 0.873541 0.486456
    outer loop
      vertex 0 -21.5 22.99
      vertex -10.45 -12.95 8
      vertex -10.5481 -12.9481 8
    endloop
  endfacet
  facet normal 0.413895 0.852875 0.318268
    outer loop
      vertex -9.7608 -19.1566 22.99
      vertex -11.4966 -12.7204 8
      vertex -11.585 -12.6775 8
    endloop
  endfacet
  facet normal 0.995191 -0.0979579 0
    outer loop
      vertex -21.4337 1.68687 23
      vertex -21.351 2.52705 22.99
      vertex -21.351 2.52705 23
    endloop
  endfacet
  facet normal 0.995191 -0.0979579 0
    outer loop
      vertex -21.351 2.52705 22.99
      vertex -21.4337 1.68687 23
      vertex -21.4337 1.68687 22.99
    endloop
  endfacet
  facet normal 0.999807 -0.0196624 0
    outer loop
      vertex -21.5 0 23
      vertex -21.4834 0.844086 22.99
      vertex -21.4834 0.844086 23
    endloop
  endfacet
  facet normal 0.999807 -0.0196624 0
    outer loop
      vertex -21.4834 0.844086 22.99
      vertex -21.5 0 23
      vertex -21.5 0 22.99
    endloop
  endfacet
  facet normal 0.881972 -0.0521983 0.468403
    outer loop
      vertex -12.9481 10.5481 8
      vertex -12.9423 10.6461 8
      vertex -21.4834 0.844086 22.99
    endloop
  endfacet
  facet normal -0.505689 -0.862716 0
    outer loop
      vertex 10.5054 18.7587 22.99
      vertex 11.2337 18.3318 23
      vertex 10.5054 18.7587 23
    endloop
  endfacet
  facet normal -0.505689 -0.862716 -0
    outer loop
      vertex 11.2337 18.3318 23
      vertex 10.5054 18.7587 22.99
      vertex 11.2337 18.3318 22.99
    endloop
  endfacet
  facet normal -0.413895 -0.852875 0.318268
    outer loop
      vertex 11.4966 12.7204 8
      vertex 11.585 12.6775 8
      vertex 9.7608 19.1566 22.99
    endloop
  endfacet
  facet normal -0.44838 -0.839064 0.308103
    outer loop
      vertex 11.6716 12.6312 8
      vertex 10.5054 18.7587 22.99
      vertex 9.7608 19.1566 22.99
    endloop
  endfacet
  facet normal 0.0169187 -0.873541 0.486456
    outer loop
      vertex -10.45 12.95 8
      vertex 0 21.5 22.99
      vertex -10.5481 12.9481 8
    endloop
  endfacet
  facet normal 0.12385 -0.892636 0.433431
    outer loop
      vertex -10.7438 12.9327 8
      vertex -3.36334 21.2353 22.99
      vertex -10.8411 12.9192 8
    endloop
  endfacet
  facet normal 0.400718 -0.916202 0
    outer loop
      vertex -9.00118 19.5251 22.99
      vertex -8.22769 19.8634 23
      vertex -9.00118 19.5251 23
    endloop
  endfacet
  facet normal 0.400718 -0.916202 0
    outer loop
      vertex -8.22769 19.8634 23
      vertex -9.00118 19.5251 22.99
      vertex -8.22769 19.8634 22.99
    endloop
  endfacet
  facet normal 0.306237 -0.883129 0.355391
    outer loop
      vertex -6.64386 20.4477 22.99
      vertex -7.44152 20.1711 22.99
      vertex -11.3153 12.7955 8
    endloop
  endfacet
  facet normal 0.252528 -0.96759 0
    outer loop
      vertex -5.83597 20.6928 22.99
      vertex -5.01907 20.906 23
      vertex -5.83597 20.6928 23
    endloop
  endfacet
  facet normal 0.252528 -0.96759 0
    outer loop
      vertex -5.01907 20.906 23
      vertex -5.83597 20.6928 22.99
      vertex -5.01907 20.906 22.99
    endloop
  endfacet
  facet normal 0.290316 -0.956931 0
    outer loop
      vertex -6.64386 20.4477 22.99
      vertex -5.83597 20.6928 23
      vertex -6.64386 20.4477 23
    endloop
  endfacet
  facet normal 0.290316 -0.956931 0
    outer loop
      vertex -5.83597 20.6928 23
      vertex -6.64386 20.4477 22.99
      vertex -5.83597 20.6928 22.99
    endloop
  endfacet
  facet normal 0.571776 -0.82041 0
    outer loop
      vertex -12.6374 17.3939 22.99
      vertex -11.9448 17.8766 23
      vertex -12.6374 17.3939 23
    endloop
  endfacet
  facet normal 0.571776 -0.82041 0
    outer loop
      vertex -11.9448 17.8766 23
      vertex -12.6374 17.3939 22.99
      vertex -11.9448 17.8766 22.99
    endloop
  endfacet
  facet normal 0.48264 -0.823213 0.298963
    outer loop
      vertex -11.6716 12.6312 8
      vertex -11.2337 18.3318 22.99
      vertex -11.7562 12.5816 8
    endloop
  endfacet
  facet normal 0.666771 -0.694227 0.271046
    outer loop
      vertex -12.2178 12.2178 8
      vertex -12.147 12.2858 8
      vertex -14.5942 15.7879 22.99
    endloop
  endfacet
  facet normal 0.82041 -0.571776 0
    outer loop
      vertex -17.8766 11.9448 23
      vertex -17.3939 12.6374 22.99
      vertex -17.3939 12.6374 23
    endloop
  endfacet
  facet normal 0.82041 -0.571776 0
    outer loop
      vertex -17.3939 12.6374 22.99
      vertex -17.8766 11.9448 23
      vertex -17.8766 11.9448 22.99
    endloop
  endfacet
  facet normal -0.868635 0 0.495452
    outer loop
      vertex 21.5 0 22.99
      vertex 12.95 10.45 8
      vertex 12.95 -10.45 8
    endloop
  endfacet
  facet normal -0.548152 -0.786514 0.284473
    outer loop
      vertex 12.6374 17.3939 22.99
      vertex 11.9448 17.8766 22.99
      vertex 11.8389 12.5287 8
    endloop
  endfacet
  facet normal -0.742795 -0.610416 0.27504
    outer loop
      vertex 12.3759 12.0433 8
      vertex 16.3487 13.9631 22.99
      vertex 12.351 12.0736 8
    endloop
  endfacet
  facet normal -0.742587 -0.61068 0.275019
    outer loop
      vertex 12.3884 12.0281 8
      vertex 16.3487 13.9631 22.99
      vertex 12.3759 12.0433 8
    endloop
  endfacet
  facet normal -0.743759 -0.609198 0.275137
    outer loop
      vertex 16.3487 13.9631 22.99
      vertex 12.3884 12.0281 8
      vertex 12.4133 11.9977 8
    endloop
  endfacet
  facet normal -0.98443 -0.175778 0
    outer loop
      vertex 21.2353 3.36334 22.99
      vertex 21.0869 4.19444 23
      vertex 21.0869 4.19444 22.99
    endloop
  endfacet
  facet normal -0.98443 -0.175778 0
    outer loop
      vertex 21.0869 4.19444 23
      vertex 21.2353 3.36334 22.99
      vertex 21.2353 3.36334 23
    endloop
  endfacet
  facet normal -0.862716 -0.505689 0
    outer loop
      vertex 18.7587 10.5054 22.99
      vertex 18.3318 11.2337 23
      vertex 18.3318 11.2337 22.99
    endloop
  endfacet
  facet normal -0.862716 -0.505689 0
    outer loop
      vertex 18.3318 11.2337 23
      vertex 18.7587 10.5054 22.99
      vertex 18.7587 10.5054 23
    endloop
  endfacet
  facet normal -0.413764 0.852925 0.318305
    outer loop
      vertex 9.7608 -19.1566 22.99
      vertex 11.4966 -12.7204 8
      vertex 9.00118 -19.5251 22.99
    endloop
  endfacet
  facet normal -0.539134 0.84222 0
    outer loop
      vertex 11.9448 -17.8766 22.99
      vertex 11.2337 -18.3318 23
      vertex 11.9448 -17.8766 23
    endloop
  endfacet
  facet normal -0.539134 0.84222 0
    outer loop
      vertex 11.2337 -18.3318 23
      vertex 11.9448 -17.8766 22.99
      vertex 11.2337 -18.3318 22.99
    endloop
  endfacet
  facet normal 0.0874336 0.888271 0.450922
    outer loop
      vertex -2.52705 -21.351 22.99
      vertex -1.68687 -21.4337 22.99
      vertex -10.6461 -12.9423 8
    endloop
  endfacet
  facet normal -0.269759 0.889169 0.369607
    outer loop
      vertex 6.64386 -20.4477 22.99
      vertex 11.1286 -12.8561 8
      vertex 5.83597 -20.6928 22.99
    endloop
  endfacet
  facet normal -0.159332 0.894851 0.41696
    outer loop
      vertex 10.9377 -12.902 8
      vertex 10.8411 -12.9192 8
      vertex 3.36334 -21.2353 22.99
    endloop
  endfacet
  facet normal 0.609936 0.743175 0.275081
    outer loop
      vertex -13.3105 -16.8843 22.99
      vertex -11.9977 -12.4133 8
      vertex -13.9631 -16.3487 22.99
    endloop
  endfacet
  facet normal 0.175778 0.98443 -0
    outer loop
      vertex -3.36334 -21.2353 22.99
      vertex -4.19444 -21.0869 23
      vertex -3.36334 -21.2353 23
    endloop
  endfacet
  facet normal 0.175778 0.98443 0
    outer loop
      vertex -4.19444 -21.0869 23
      vertex -3.36334 -21.2353 22.99
      vertex -4.19444 -21.0869 22.99
    endloop
  endfacet
  facet normal 0.214276 0.976773 -0
    outer loop
      vertex -4.19444 -21.0869 22.99
      vertex -5.01907 -20.906 23
      vertex -4.19444 -21.0869 23
    endloop
  endfacet
  facet normal 0.214276 0.976773 0
    outer loop
      vertex -5.01907 -20.906 23
      vertex -4.19444 -21.0869 22.99
      vertex -5.01907 -20.906 22.99
    endloop
  endfacet
  facet normal 0.956931 0.290316 0
    outer loop
      vertex -20.4477 -6.64386 23
      vertex -20.6928 -5.83597 22.99
      vertex -20.6928 -5.83597 23
    endloop
  endfacet
  facet normal 0.956931 0.290316 0
    outer loop
      vertex -20.6928 -5.83597 22.99
      vertex -20.4477 -6.64386 23
      vertex -20.4477 -6.64386 22.99
    endloop
  endfacet
  facet normal 0.998266 0.0588689 0
    outer loop
      vertex -21.4337 -1.68687 23
      vertex -21.4834 -0.844086 22.99
      vertex -21.4834 -0.844086 23
    endloop
  endfacet
  facet normal 0.998266 0.0588689 0
    outer loop
      vertex -21.4834 -0.844086 22.99
      vertex -21.4337 -1.68687 23
      vertex -21.4337 -1.68687 22.99
    endloop
  endfacet
  facet normal 0.976773 -0.214276 0
    outer loop
      vertex -21.0869 4.19444 23
      vertex -20.906 5.01907 22.99
      vertex -20.906 5.01907 23
    endloop
  endfacet
  facet normal 0.976773 -0.214276 0
    outer loop
      vertex -20.906 5.01907 22.99
      vertex -21.0869 4.19444 23
      vertex -21.0869 4.19444 22.99
    endloop
  endfacet
  facet normal 0.894872 -0.159787 0.416741
    outer loop
      vertex -12.902 10.9377 8
      vertex -21.0869 4.19444 22.99
      vertex -21.2353 3.36334 22.99
    endloop
  endfacet
  facet normal 0.89505 -0.19693 0.40013
    outer loop
      vertex -12.902 10.9377 8
      vertex -12.8809 11.0336 8
      vertex -21.0869 4.19444 22.99
    endloop
  endfacet
  facet normal -0.088616 -0.888432 0.450372
    outer loop
      vertex 10.6852 12.9384 8
      vertex 2.52705 21.351 22.99
      vertex 10.6461 12.9423 8
    endloop
  endfacet
  facet normal -0.0860896 -0.888082 0.451551
    outer loop
      vertex 10.7048 12.9365 8
      vertex 2.52705 21.351 22.99
      vertex 10.6852 12.9384 8
    endloop
  endfacet
  facet normal -0.0865372 -0.888145 0.451342
    outer loop
      vertex 2.52705 21.351 22.99
      vertex 10.7048 12.9365 8
      vertex 10.7438 12.9327 8
    endloop
  endfacet
  facet normal -0.0874336 -0.888271 0.450922
    outer loop
      vertex 10.6461 12.9423 8
      vertex 2.52705 21.351 22.99
      vertex 1.68687 21.4337 22.99
    endloop
  endfacet
  facet normal -0.0521983 -0.881972 0.468403
    outer loop
      vertex 10.5481 12.9481 8
      vertex 10.6461 12.9423 8
      vertex 0.844086 21.4834 22.99
    endloop
  endfacet
  facet normal 0.0874336 -0.888271 0.450922
    outer loop
      vertex -1.68687 21.4337 22.99
      vertex -2.52705 21.351 22.99
      vertex -10.6461 12.9423 8
    endloop
  endfacet
  facet normal -0.0171807 -0.873615 0.486314
    outer loop
      vertex 10.5481 12.9481 8
      vertex 0.844086 21.4834 22.99
      vertex 0 21.5 22.99
    endloop
  endfacet
  facet normal 0 -0.868635 0.495452
    outer loop
      vertex 10.45 12.95 8
      vertex 0 21.5 22.99
      vertex -10.45 12.95 8
    endloop
  endfacet
  facet normal -0.0196624 -0.999807 0
    outer loop
      vertex 0 21.5 22.99
      vertex 0.844086 21.4834 23
      vertex 0 21.5 23
    endloop
  endfacet
  facet normal -0.0196624 -0.999807 -0
    outer loop
      vertex 0.844086 21.4834 23
      vertex 0 21.5 22.99
      vertex 0.844086 21.4834 22.99
    endloop
  endfacet
  facet normal 0.548332 -0.786399 0.284445
    outer loop
      vertex -11.9195 12.4725 8
      vertex -11.8389 12.5287 8
      vertex -12.6374 17.3939 22.99
    endloop
  endfacet
  facet normal 0.413764 -0.852925 0.318305
    outer loop
      vertex -9.00118 19.5251 22.99
      vertex -9.7608 19.1566 22.99
      vertex -11.4966 12.7204 8
    endloop
  endfacet
  facet normal 0.378315 -0.86498 0.329678
    outer loop
      vertex -8.22769 19.8634 22.99
      vertex -9.00118 19.5251 22.99
      vertex -11.4966 12.7204 8
    endloop
  endfacet
  facet normal 0.19635 -0.895057 0.400399
    outer loop
      vertex -4.19444 21.0869 22.99
      vertex -5.01907 20.906 22.99
      vertex -11.0336 12.8809 8
    endloop
  endfacet
  facet normal 0.233101 -0.893153 0.384633
    outer loop
      vertex -5.01907 20.906 22.99
      vertex -5.83597 20.6928 22.99
      vertex -11.0336 12.8809 8
    endloop
  endfacet
  facet normal 0.137044 -0.990565 0
    outer loop
      vertex -3.36334 21.2353 22.99
      vertex -2.52705 21.351 23
      vertex -3.36334 21.2353 23
    endloop
  endfacet
  facet normal 0.137044 -0.990565 0
    outer loop
      vertex -2.52705 21.351 23
      vertex -3.36334 21.2353 22.99
      vertex -2.52705 21.351 22.99
    endloop
  endfacet
  facet normal 0.667113 -0.693907 0.271024
    outer loop
      vertex -12.2178 12.2178 8
      vertex -14.5942 15.7879 22.99
      vertex -15.2028 15.2028 22.99
    endloop
  endfacet
  facet normal 0.548152 -0.786514 0.284473
    outer loop
      vertex -11.8389 12.5287 8
      vertex -11.9448 17.8766 22.99
      vertex -12.6374 17.3939 22.99
    endloop
  endfacet
  facet normal 0.862716 -0.505689 0
    outer loop
      vertex -18.7587 10.5054 23
      vertex -18.3318 11.2337 22.99
      vertex -18.3318 11.2337 23
    endloop
  endfacet
  facet normal 0.862716 -0.505689 0
    outer loop
      vertex -18.3318 11.2337 22.99
      vertex -18.7587 10.5054 23
      vertex -18.7587 10.5054 22.99
    endloop
  endfacet
  facet normal 0.797277 -0.603614 0
    outer loop
      vertex -17.3939 12.6374 23
      vertex -16.8843 13.3105 22.99
      vertex -16.8843 13.3105 23
    endloop
  endfacet
  facet normal 0.797277 -0.603614 0
    outer loop
      vertex -16.8843 13.3105 22.99
      vertex -17.3939 12.6374 23
      vertex -17.3939 12.6374 22.99
    endloop
  endfacet
  facet normal -0.839064 0.44838 0.308103
    outer loop
      vertex 18.7587 -10.5054 22.99
      vertex 19.1566 -9.7608 22.99
      vertex 12.6312 -11.6716 8
    endloop
  endfacet
  facet normal -0.862716 0.505689 0
    outer loop
      vertex 18.3318 -11.2337 22.99
      vertex 18.7587 -10.5054 23
      vertex 18.7587 -10.5054 22.99
    endloop
  endfacet
  facet normal -0.862716 0.505689 0
    outer loop
      vertex 18.7587 -10.5054 23
      vertex 18.3318 -11.2337 22.99
      vertex 18.3318 -11.2337 23
    endloop
  endfacet
  facet normal -0.990565 0.137044 0
    outer loop
      vertex 21.2353 -3.36334 22.99
      vertex 21.351 -2.52705 23
      vertex 21.351 -2.52705 22.99
    endloop
  endfacet
  facet normal -0.990565 0.137044 0
    outer loop
      vertex 21.351 -2.52705 23
      vertex 21.2353 -3.36334 22.99
      vertex 21.2353 -3.36334 23
    endloop
  endfacet
  facet normal -0.400718 -0.916202 0
    outer loop
      vertex 8.22769 19.8634 22.99
      vertex 9.00118 19.5251 23
      vertex 8.22769 19.8634 23
    endloop
  endfacet
  facet normal -0.400718 -0.916202 -0
    outer loop
      vertex 9.00118 19.5251 23
      vertex 8.22769 19.8634 22.99
      vertex 9.00118 19.5251 22.99
    endloop
  endfacet
  facet normal -0.515785 -0.805744 0.291107
    outer loop
      vertex 11.7562 12.5816 8
      vertex 11.9448 17.8766 22.99
      vertex 11.2337 18.3318 22.99
    endloop
  endfacet
  facet normal -0.720888 -0.693052 0
    outer loop
      vertex 15.7879 14.5942 22.99
      vertex 15.2028 15.2028 23
      vertex 15.2028 15.2028 22.99
    endloop
  endfacet
  facet normal -0.720888 -0.693052 0
    outer loop
      vertex 15.2028 15.2028 23
      vertex 15.7879 14.5942 22.99
      vertex 15.7879 14.5942 23
    endloop
  endfacet
  facet normal -0.664246 -0.747514 0
    outer loop
      vertex 13.9631 16.3487 22.99
      vertex 14.5942 15.7879 23
      vertex 13.9631 16.3487 23
    endloop
  endfacet
  facet normal -0.664246 -0.747514 -0
    outer loop
      vertex 14.5942 15.7879 23
      vertex 13.9631 16.3487 22.99
      vertex 14.5942 15.7879 22.99
    endloop
  endfacet
  facet normal -0.666771 -0.694227 0.271046
    outer loop
      vertex 12.2178 12.2178 8
      vertex 14.5942 15.7879 22.99
      vertex 12.147 12.2858 8
    endloop
  endfacet
  facet normal -0.571776 -0.82041 0
    outer loop
      vertex 11.9448 17.8766 22.99
      vertex 12.6374 17.3939 23
      vertex 11.9448 17.8766 23
    endloop
  endfacet
  facet normal -0.571776 -0.82041 -0
    outer loop
      vertex 12.6374 17.3939 23
      vertex 11.9448 17.8766 22.99
      vertex 12.6374 17.3939 22.99
    endloop
  endfacet
  facet normal -0.875047 -0.342486 0.342047
    outer loop
      vertex 20.1711 7.44152 22.99
      vertex 19.8634 8.22769 22.99
      vertex 12.7955 11.3153 8
    endloop
  endfacet
  facet normal -0.865029 -0.37815 0.329738
    outer loop
      vertex 12.7597 11.4067 8
      vertex 19.8634 8.22769 22.99
      vertex 12.7204 11.4966 8
    endloop
  endfacet
  facet normal -0.786514 -0.548152 0.284473
    outer loop
      vertex 17.8766 11.9448 22.99
      vertex 17.3939 12.6374 22.99
      vertex 12.5287 11.8389 8
    endloop
  endfacet
  facet normal -0.852925 -0.413764 0.318305
    outer loop
      vertex 19.5251 9.00118 22.99
      vertex 19.1566 9.7608 22.99
      vertex 12.7204 11.4966 8
    endloop
  endfacet
  facet normal -0.48264 0.823213 0.298963
    outer loop
      vertex 11.7562 -12.5816 8
      vertex 11.6716 -12.6312 8
      vertex 11.2337 -18.3318 22.99
    endloop
  endfacet
  facet normal -0.693052 0.720888 0
    outer loop
      vertex 15.2028 -15.2028 22.99
      vertex 14.5942 -15.7879 23
      vertex 15.2028 -15.2028 23
    endloop
  endfacet
  facet normal -0.693052 0.720888 0
    outer loop
      vertex 14.5942 -15.7879 23
      vertex 15.2028 -15.2028 22.99
      vertex 14.5942 -15.7879 22.99
    endloop
  endfacet
  facet normal -0.482558 0.823254 0.298981
    outer loop
      vertex 11.2337 -18.3318 22.99
      vertex 11.6716 -12.6312 8
      vertex 10.5054 -18.7587 22.99
    endloop
  endfacet
  facet normal -0.666771 0.694227 0.271046
    outer loop
      vertex 14.5942 -15.7879 22.99
      vertex 12.2178 -12.2178 8
      vertex 12.147 -12.2858 8
    endloop
  endfacet
  facet normal -0.664246 0.747514 0
    outer loop
      vertex 14.5942 -15.7879 22.99
      vertex 13.9631 -16.3487 23
      vertex 14.5942 -15.7879 23
    endloop
  endfacet
  facet normal -0.664246 0.747514 0
    outer loop
      vertex 13.9631 -16.3487 23
      vertex 14.5942 -15.7879 22.99
      vertex 13.9631 -16.3487 22.99
    endloop
  endfacet
  facet normal -0.0588689 0.998266 0
    outer loop
      vertex 1.68687 -21.4337 22.99
      vertex 0.844086 -21.4834 23
      vertex 1.68687 -21.4337 23
    endloop
  endfacet
  facet normal -0.0588689 0.998266 0
    outer loop
      vertex 0.844086 -21.4834 23
      vertex 1.68687 -21.4337 22.99
      vertex 0.844086 -21.4834 22.99
    endloop
  endfacet
  facet normal -0.413895 0.852875 0.318268
    outer loop
      vertex 11.585 -12.6775 8
      vertex 11.4966 -12.7204 8
      vertex 9.7608 -19.1566 22.99
    endloop
  endfacet
  facet normal -0.400718 0.916202 0
    outer loop
      vertex 9.00118 -19.5251 22.99
      vertex 8.22769 -19.8634 23
      vertex 9.00118 -19.5251 23
    endloop
  endfacet
  facet normal -0.400718 0.916202 0
    outer loop
      vertex 8.22769 -19.8634 23
      vertex 9.00118 -19.5251 22.99
      vertex 8.22769 -19.8634 22.99
    endloop
  endfacet
  facet normal -0.290316 0.956931 0
    outer loop
      vertex 6.64386 -20.4477 22.99
      vertex 5.83597 -20.6928 23
      vertex 6.64386 -20.4477 23
    endloop
  endfacet
  facet normal -0.290316 0.956931 0
    outer loop
      vertex 5.83597 -20.6928 23
      vertex 6.64386 -20.4477 22.99
      vertex 5.83597 -20.6928 22.99
    endloop
  endfacet
  facet normal 0.364469 0.931215 -0
    outer loop
      vertex -7.44152 -20.1711 22.99
      vertex -8.22769 -19.8634 23
      vertex -7.44152 -20.1711 23
    endloop
  endfacet
  facet normal 0.364469 0.931215 0
    outer loop
      vertex -8.22769 -19.8634 23
      vertex -7.44152 -20.1711 22.99
      vertex -8.22769 -19.8634 22.99
    endloop
  endfacet
  facet normal 0.19635 0.895057 0.400399
    outer loop
      vertex -5.01907 -20.906 22.99
      vertex -4.19444 -21.0869 22.99
      vertex -11.0336 -12.8809 8
    endloop
  endfacet
  facet normal 0.603614 0.797277 -0
    outer loop
      vertex -12.6374 -17.3939 22.99
      vertex -13.3105 -16.8843 23
      vertex -12.6374 -17.3939 23
    endloop
  endfacet
  facet normal 0.603614 0.797277 0
    outer loop
      vertex -13.3105 -16.8843 23
      vertex -12.6374 -17.3939 22.99
      vertex -13.3105 -16.8843 22.99
    endloop
  endfacet
  facet normal 0.48264 0.823213 0.298963
    outer loop
      vertex -11.2337 -18.3318 22.99
      vertex -11.6716 -12.6312 8
      vertex -11.7562 -12.5816 8
    endloop
  endfacet
  facet normal 0.471307 0.881969 -0
    outer loop
      vertex -9.7608 -19.1566 22.99
      vertex -10.5054 -18.7587 23
      vertex -9.7608 -19.1566 23
    endloop
  endfacet
  facet normal 0.471307 0.881969 0
    outer loop
      vertex -10.5054 -18.7587 23
      vertex -9.7608 -19.1566 22.99
      vertex -10.5054 -18.7587 22.99
    endloop
  endfacet
  facet normal 0.805744 0.515785 0.291107
    outer loop
      vertex -17.8766 -11.9448 22.99
      vertex -12.5816 -11.7562 8
      vertex -18.3318 -11.2337 22.99
    endloop
  endfacet
  facet normal 0.888271 0.0874336 0.450922
    outer loop
      vertex -21.351 -2.52705 22.99
      vertex -12.9423 -10.6461 8
      vertex -21.4337 -1.68687 22.99
    endloop
  endfacet
  facet normal 0.894851 -0.159332 0.41696
    outer loop
      vertex -12.9192 10.8411 8
      vertex -12.902 10.9377 8
      vertex -21.2353 3.36334 22.99
    endloop
  endfacet
  facet normal 0.88193 -0.0520085 0.468503
    outer loop
      vertex -12.9423 10.6461 8
      vertex -21.4337 1.68687 22.99
      vertex -21.4834 0.844086 22.99
    endloop
  endfacet
  facet normal 0.873615 -0.0171807 0.486314
    outer loop
      vertex -12.9481 10.5481 8
      vertex -21.4834 0.844086 22.99
      vertex -21.5 0 22.99
    endloop
  endfacet
  facet normal 0.999807 0.0196624 0
    outer loop
      vertex -21.4834 -0.844086 23
      vertex -21.5 0 22.99
      vertex -21.5 0 23
    endloop
  endfacet
  facet normal 0.999807 0.0196624 0
    outer loop
      vertex -21.5 0 22.99
      vertex -21.4834 -0.844086 23
      vertex -21.4834 -0.844086 22.99
    endloop
  endfacet
  facet normal 0.889169 -0.269759 0.369607
    outer loop
      vertex -12.8561 11.1286 8
      vertex -20.4477 6.64386 22.99
      vertex -20.6928 5.83597 22.99
    endloop
  endfacet
  facet normal 0.956931 -0.290316 0
    outer loop
      vertex -20.6928 5.83597 23
      vertex -20.4477 6.64386 22.99
      vertex -20.4477 6.64386 23
    endloop
  endfacet
  facet normal 0.956931 -0.290316 0
    outer loop
      vertex -20.4477 6.64386 22.99
      vertex -20.6928 5.83597 23
      vertex -20.6928 5.83597 22.99
    endloop
  endfacet
  facet normal 0.893147 -0.233158 0.38461
    outer loop
      vertex -12.8809 11.0336 8
      vertex -12.8561 11.1286 8
      vertex -20.6928 5.83597 22.99
    endloop
  endfacet
  facet normal 0.96759 -0.252528 0
    outer loop
      vertex -20.906 5.01907 23
      vertex -20.6928 5.83597 22.99
      vertex -20.6928 5.83597 23
    endloop
  endfacet
  facet normal 0.96759 -0.252528 0
    outer loop
      vertex -20.6928 5.83597 22.99
      vertex -20.906 5.01907 23
      vertex -20.906 5.01907 22.99
    endloop
  endfacet
  facet normal -0.305524 -0.883259 0.35568
    outer loop
      vertex 11.2225 12.8276 8
      vertex 11.3153 12.7955 8
      vertex 6.64386 20.4477 22.99
    endloop
  endfacet
  facet normal -0.19635 -0.895057 0.400399
    outer loop
      vertex 11.0336 12.8809 8
      vertex 5.01907 20.906 22.99
      vertex 4.19444 21.0869 22.99
    endloop
  endfacet
  facet normal -0.471307 -0.881969 0
    outer loop
      vertex 9.7608 19.1566 22.99
      vertex 10.5054 18.7587 23
      vertex 9.7608 19.1566 23
    endloop
  endfacet
  facet normal -0.471307 -0.881969 -0
    outer loop
      vertex 10.5054 18.7587 23
      vertex 9.7608 19.1566 22.99
      vertex 10.5054 18.7587 22.99
    endloop
  endfacet
  facet normal -0.0588689 -0.998266 0
    outer loop
      vertex 0.844086 21.4834 22.99
      vertex 1.68687 21.4337 23
      vertex 0.844086 21.4834 23
    endloop
  endfacet
  facet normal -0.0588689 -0.998266 -0
    outer loop
      vertex 1.68687 21.4337 23
      vertex 0.844086 21.4834 22.99
      vertex 1.68687 21.4337 22.99
    endloop
  endfacet
  facet normal -0.123491 -0.892607 0.433592
    outer loop
      vertex 10.7438 12.9327 8
      vertex 3.36334 21.2353 22.99
      vertex 2.52705 21.351 22.99
    endloop
  endfacet
  facet normal -0.0979579 -0.995191 0
    outer loop
      vertex 1.68687 21.4337 22.99
      vertex 2.52705 21.351 23
      vertex 1.68687 21.4337 23
    endloop
  endfacet
  facet normal -0.0979579 -0.995191 -0
    outer loop
      vertex 2.52705 21.351 23
      vertex 1.68687 21.4337 22.99
      vertex 2.52705 21.351 22.99
    endloop
  endfacet
  facet normal -0.0520085 -0.88193 0.468503
    outer loop
      vertex 10.6461 12.9423 8
      vertex 1.68687 21.4337 22.99
      vertex 0.844086 21.4834 22.99
    endloop
  endfacet
  facet normal 0.0196624 -0.999807 0
    outer loop
      vertex -0.844086 21.4834 22.99
      vertex 0 21.5 23
      vertex -0.844086 21.4834 23
    endloop
  endfacet
  facet normal 0.0196624 -0.999807 0
    outer loop
      vertex 0 21.5 23
      vertex -0.844086 21.4834 22.99
      vertex 0 21.5 22.99
    endloop
  endfacet
  facet normal 0.0171807 -0.873615 0.486314
    outer loop
      vertex 0 21.5 22.99
      vertex -0.844086 21.4834 22.99
      vertex -10.5481 12.9481 8
    endloop
  endfacet
  facet normal 0.0588689 -0.998266 0
    outer loop
      vertex -1.68687 21.4337 22.99
      vertex -0.844086 21.4834 23
      vertex -1.68687 21.4337 23
    endloop
  endfacet
  facet normal 0.0588689 -0.998266 0
    outer loop
      vertex -0.844086 21.4834 23
      vertex -1.68687 21.4337 22.99
      vertex -0.844086 21.4834 22.99
    endloop
  endfacet
  facet normal 0.413895 -0.852875 0.318268
    outer loop
      vertex -11.4966 12.7204 8
      vertex -9.7608 19.1566 22.99
      vertex -11.585 12.6775 8
    endloop
  endfacet
  facet normal 0.449504 -0.83859 0.307754
    outer loop
      vertex -11.6369 12.6498 8
      vertex -9.7608 19.1566 22.99
      vertex -11.6716 12.6312 8
    endloop
  endfacet
  facet normal 0.446605 -0.839811 0.308646
    outer loop
      vertex -11.6196 12.659 8
      vertex -9.7608 19.1566 22.99
      vertex -11.6369 12.6498 8
    endloop
  endfacet
  facet normal 0.448586 -0.838977 0.308039
    outer loop
      vertex -9.7608 19.1566 22.99
      vertex -11.6196 12.659 8
      vertex -11.585 12.6775 8
    endloop
  endfacet
  facet normal 0.44838 -0.839064 0.308103
    outer loop
      vertex -9.7608 19.1566 22.99
      vertex -10.5054 18.7587 22.99
      vertex -11.6716 12.6312 8
    endloop
  endfacet
  facet normal 0.342486 -0.875047 0.342047
    outer loop
      vertex -7.44152 20.1711 22.99
      vertex -8.22769 19.8634 22.99
      vertex -11.3153 12.7955 8
    endloop
  endfacet
  facet normal 0.37815 -0.865029 0.329738
    outer loop
      vertex -11.4067 12.7597 8
      vertex -8.22769 19.8634 22.99
      vertex -11.4966 12.7204 8
    endloop
  endfacet
  facet normal 0.436465 -0.899721 0
    outer loop
      vertex -9.7608 19.1566 22.99
      vertex -9.00118 19.5251 23
      vertex -9.7608 19.1566 23
    endloop
  endfacet
  facet normal 0.436465 -0.899721 0
    outer loop
      vertex -9.00118 19.5251 23
      vertex -9.7608 19.1566 22.99
      vertex -9.00118 19.5251 22.99
    endloop
  endfacet
  facet normal 0.214276 -0.976773 0
    outer loop
      vertex -5.01907 20.906 22.99
      vertex -4.19444 21.0869 23
      vertex -5.01907 20.906 23
    endloop
  endfacet
  facet normal 0.214276 -0.976773 0
    outer loop
      vertex -4.19444 21.0869 23
      vertex -5.01907 20.906 22.99
      vertex -4.19444 21.0869 22.99
    endloop
  endfacet
  facet normal 0.175778 -0.98443 0
    outer loop
      vertex -4.19444 21.0869 22.99
      vertex -3.36334 21.2353 23
      vertex -4.19444 21.0869 23
    endloop
  endfacet
  facet normal 0.175778 -0.98443 0
    outer loop
      vertex -3.36334 21.2353 23
      vertex -4.19444 21.0869 22.99
      vertex -3.36334 21.2353 22.99
    endloop
  endfacet
  facet normal 0.269759 -0.889169 0.369607
    outer loop
      vertex -5.83597 20.6928 22.99
      vertex -6.64386 20.4477 22.99
      vertex -11.1286 12.8561 8
    endloop
  endfacet
  facet normal 0.233158 -0.893147 0.38461
    outer loop
      vertex -11.0336 12.8809 8
      vertex -5.83597 20.6928 22.99
      vertex -11.1286 12.8561 8
    endloop
  endfacet
  facet normal 0.159332 -0.894851 0.41696
    outer loop
      vertex -10.8411 12.9192 8
      vertex -3.36334 21.2353 22.99
      vertex -10.9377 12.902 8
    endloop
  endfacet
  facet normal 0.0865372 -0.888145 0.451342
    outer loop
      vertex -10.7048 12.9365 8
      vertex -2.52705 21.351 22.99
      vertex -10.7438 12.9327 8
    endloop
  endfacet
  facet normal 0.0860896 -0.888082 0.451551
    outer loop
      vertex -10.6852 12.9384 8
      vertex -2.52705 21.351 22.99
      vertex -10.7048 12.9365 8
    endloop
  endfacet
  facet normal 0.088616 -0.888432 0.450372
    outer loop
      vertex -2.52705 21.351 22.99
      vertex -10.6852 12.9384 8
      vertex -10.6461 12.9423 8
    endloop
  endfacet
  facet normal 0.123491 -0.892607 0.433592
    outer loop
      vertex -2.52705 21.351 22.99
      vertex -3.36334 21.2353 22.99
      vertex -10.7438 12.9327 8
    endloop
  endfacet
  facet normal 0.0520085 -0.88193 0.468503
    outer loop
      vertex -0.844086 21.4834 22.99
      vertex -1.68687 21.4337 22.99
      vertex -10.6461 12.9423 8
    endloop
  endfacet
  facet normal 0.0521983 -0.881972 0.468403
    outer loop
      vertex -10.5481 12.9481 8
      vertex -0.844086 21.4834 22.99
      vertex -10.6461 12.9423 8
    endloop
  endfacet
  facet normal 0.693907 -0.667113 0.271024
    outer loop
      vertex -12.2178 12.2178 8
      vertex -15.2028 15.2028 22.99
      vertex -15.7879 14.5942 22.99
    endloop
  endfacet
  facet normal 0.639131 -0.71925 0.272379
    outer loop
      vertex -12.147 12.2858 8
      vertex -13.9631 16.3487 22.99
      vertex -14.5942 15.7879 22.99
    endloop
  endfacet
  facet normal 0.693052 -0.720888 0
    outer loop
      vertex -15.2028 15.2028 22.99
      vertex -14.5942 15.7879 23
      vertex -15.2028 15.2028 23
    endloop
  endfacet
  facet normal 0.693052 -0.720888 0
    outer loop
      vertex -14.5942 15.7879 23
      vertex -15.2028 15.2028 22.99
      vertex -14.5942 15.7879 22.99
    endloop
  endfacet
  facet normal 0.720888 -0.693052 0
    outer loop
      vertex -15.7879 14.5942 23
      vertex -15.2028 15.2028 22.99
      vertex -15.2028 15.2028 23
    endloop
  endfacet
  facet normal 0.720888 -0.693052 0
    outer loop
      vertex -15.2028 15.2028 22.99
      vertex -15.7879 14.5942 23
      vertex -15.7879 14.5942 22.99
    endloop
  endfacet
  facet normal 0.539134 -0.84222 0
    outer loop
      vertex -11.9448 17.8766 22.99
      vertex -11.2337 18.3318 23
      vertex -11.9448 17.8766 23
    endloop
  endfacet
  facet normal 0.539134 -0.84222 0
    outer loop
      vertex -11.2337 18.3318 23
      vertex -11.9448 17.8766 22.99
      vertex -11.2337 18.3318 22.99
    endloop
  endfacet
  facet normal 0.505689 -0.862716 0
    outer loop
      vertex -11.2337 18.3318 22.99
      vertex -10.5054 18.7587 23
      vertex -11.2337 18.3318 23
    endloop
  endfacet
  facet normal 0.505689 -0.862716 0
    outer loop
      vertex -10.5054 18.7587 23
      vertex -11.2337 18.3318 22.99
      vertex -10.5054 18.7587 22.99
    endloop
  endfacet
  facet normal 0.579625 -0.765592 0.279112
    outer loop
      vertex -11.9977 12.4133 8
      vertex -12.6374 17.3939 22.99
      vertex -13.3105 16.8843 22.99
    endloop
  endfacet
  facet normal 0.610416 -0.742795 0.27504
    outer loop
      vertex -12.0433 12.3759 8
      vertex -13.9631 16.3487 22.99
      vertex -12.0736 12.351 8
    endloop
  endfacet
  facet normal 0.61068 -0.742587 0.275019
    outer loop
      vertex -12.0281 12.3884 8
      vertex -13.9631 16.3487 22.99
      vertex -12.0433 12.3759 8
    endloop
  endfacet
  facet normal 0.609198 -0.743759 0.275137
    outer loop
      vertex -13.9631 16.3487 22.99
      vertex -12.0281 12.3884 8
      vertex -11.9977 12.4133 8
    endloop
  endfacet
  facet normal 0.609936 -0.743175 0.275081
    outer loop
      vertex -11.9977 12.4133 8
      vertex -13.3105 16.8843 22.99
      vertex -13.9631 16.3487 22.99
    endloop
  endfacet
  facet normal 0.772996 -0.634411 0
    outer loop
      vertex -16.8843 13.3105 23
      vertex -16.3487 13.9631 22.99
      vertex -16.3487 13.9631 23
    endloop
  endfacet
  facet normal 0.772996 -0.634411 0
    outer loop
      vertex -16.3487 13.9631 22.99
      vertex -16.8843 13.3105 23
      vertex -16.8843 13.3105 22.99
    endloop
  endfacet
  facet normal 0.765592 -0.579625 0.279112
    outer loop
      vertex -12.4133 11.9977 8
      vertex -16.8843 13.3105 22.99
      vertex -17.3939 12.6374 22.99
    endloop
  endfacet
  facet normal 0.852875 -0.413895 0.318268
    outer loop
      vertex -12.7204 11.4966 8
      vertex -12.6775 11.585 8
      vertex -19.1566 9.7608 22.99
    endloop
  endfacet
  facet normal 0.805903 -0.515505 0.29116
    outer loop
      vertex -12.5816 11.7562 8
      vertex -12.5287 11.8389 8
      vertex -17.8766 11.9448 22.99
    endloop
  endfacet
  facet normal 0.786514 -0.548152 0.284473
    outer loop
      vertex -12.5287 11.8389 8
      vertex -17.3939 12.6374 22.99
      vertex -17.8766 11.9448 22.99
    endloop
  endfacet
  facet normal -0.743175 0.609936 0.275081
    outer loop
      vertex 16.3487 -13.9631 22.99
      vertex 16.8843 -13.3105 22.99
      vertex 12.4133 -11.9977 8
    endloop
  endfacet
  facet normal -0.881972 0.0521983 0.468403
    outer loop
      vertex 21.4834 -0.844086 22.99
      vertex 12.9481 -10.5481 8
      vertex 12.9423 -10.6461 8
    endloop
  endfacet
  facet normal -0.889169 0.269759 0.369607
    outer loop
      vertex 20.4477 -6.64386 22.99
      vertex 20.6928 -5.83597 22.99
      vertex 12.8561 -11.1286 8
    endloop
  endfacet
  facet normal -0.96759 0.252528 0
    outer loop
      vertex 20.6928 -5.83597 22.99
      vertex 20.906 -5.01907 23
      vertex 20.906 -5.01907 22.99
    endloop
  endfacet
  facet normal -0.96759 0.252528 0
    outer loop
      vertex 20.906 -5.01907 23
      vertex 20.6928 -5.83597 22.99
      vertex 20.6928 -5.83597 23
    endloop
  endfacet
  facet normal -0.999807 0.0196624 0
    outer loop
      vertex 21.4834 -0.844086 22.99
      vertex 21.5 0 23
      vertex 21.5 0 22.99
    endloop
  endfacet
  facet normal -0.999807 0.0196624 0
    outer loop
      vertex 21.5 0 23
      vertex 21.4834 -0.844086 22.99
      vertex 21.4834 -0.844086 23
    endloop
  endfacet
  facet normal -0.873615 0.0171807 0.486314
    outer loop
      vertex 21.4834 -0.844086 22.99
      vertex 21.5 0 22.99
      vertex 12.9481 -10.5481 8
    endloop
  endfacet
  facet normal -0.233101 -0.893153 0.384633
    outer loop
      vertex 11.0336 12.8809 8
      vertex 5.83597 20.6928 22.99
      vertex 5.01907 20.906 22.99
    endloop
  endfacet
  facet normal -0.436465 -0.899721 0
    outer loop
      vertex 9.00118 19.5251 22.99
      vertex 9.7608 19.1566 23
      vertex 9.00118 19.5251 23
    endloop
  endfacet
  facet normal -0.436465 -0.899721 -0
    outer loop
      vertex 9.7608 19.1566 23
      vertex 9.00118 19.5251 22.99
      vertex 9.7608 19.1566 22.99
    endloop
  endfacet
  facet normal -0.364469 -0.931215 0
    outer loop
      vertex 7.44152 20.1711 22.99
      vertex 8.22769 19.8634 23
      vertex 7.44152 20.1711 23
    endloop
  endfacet
  facet normal -0.364469 -0.931215 -0
    outer loop
      vertex 8.22769 19.8634 23
      vertex 7.44152 20.1711 22.99
      vertex 8.22769 19.8634 22.99
    endloop
  endfacet
  facet normal -0.37815 -0.865029 0.329738
    outer loop
      vertex 11.4067 12.7597 8
      vertex 11.4966 12.7204 8
      vertex 8.22769 19.8634 22.99
    endloop
  endfacet
  facet normal -0.693052 -0.720888 0
    outer loop
      vertex 14.5942 15.7879 22.99
      vertex 15.2028 15.2028 23
      vertex 14.5942 15.7879 23
    endloop
  endfacet
  facet normal -0.693052 -0.720888 -0
    outer loop
      vertex 15.2028 15.2028 23
      vertex 14.5942 15.7879 22.99
      vertex 15.2028 15.2028 22.99
    endloop
  endfacet
  facet normal -0.694227 -0.666771 0.271046
    outer loop
      vertex 12.2858 12.147 8
      vertex 15.7879 14.5942 22.99
      vertex 12.2178 12.2178 8
    endloop
  endfacet
  facet normal -0.482558 -0.823254 0.298981
    outer loop
      vertex 11.6716 12.6312 8
      vertex 11.2337 18.3318 22.99
      vertex 10.5054 18.7587 22.99
    endloop
  endfacet
  facet normal -0.609198 -0.743759 0.275137
    outer loop
      vertex 12.0281 12.3884 8
      vertex 13.9631 16.3487 22.99
      vertex 11.9977 12.4133 8
    endloop
  endfacet
  facet normal -0.61068 -0.742587 0.275019
    outer loop
      vertex 12.0433 12.3759 8
      vertex 13.9631 16.3487 22.99
      vertex 12.0281 12.3884 8
    endloop
  endfacet
  facet normal -0.610416 -0.742795 0.27504
    outer loop
      vertex 13.9631 16.3487 22.99
      vertex 12.0433 12.3759 8
      vertex 12.0736 12.351 8
    endloop
  endfacet
  facet normal -0.579625 -0.765592 0.279112
    outer loop
      vertex 13.3105 16.8843 22.99
      vertex 12.6374 17.3939 22.99
      vertex 11.9977 12.4133 8
    endloop
  endfacet
  facet normal -0.539134 -0.84222 0
    outer loop
      vertex 11.2337 18.3318 22.99
      vertex 11.9448 17.8766 23
      vertex 11.2337 18.3318 23
    endloop
  endfacet
  facet normal -0.539134 -0.84222 -0
    outer loop
      vertex 11.9448 17.8766 23
      vertex 11.2337 18.3318 22.99
      vertex 11.9448 17.8766 22.99
    endloop
  endfacet
  facet normal -0.995191 -0.0979579 0
    outer loop
      vertex 21.4337 1.68687 22.99
      vertex 21.351 2.52705 23
      vertex 21.351 2.52705 22.99
    endloop
  endfacet
  facet normal -0.995191 -0.0979579 0
    outer loop
      vertex 21.351 2.52705 23
      vertex 21.4337 1.68687 22.99
      vertex 21.4337 1.68687 23
    endloop
  endfacet
  facet normal -0.892636 -0.12385 0.433431
    outer loop
      vertex 12.9327 10.7438 8
      vertex 21.2353 3.36334 22.99
      vertex 12.9192 10.8411 8
    endloop
  endfacet
  facet normal -0.931215 -0.364469 0
    outer loop
      vertex 20.1711 7.44152 22.99
      vertex 19.8634 8.22769 23
      vertex 19.8634 8.22769 22.99
    endloop
  endfacet
  facet normal -0.931215 -0.364469 0
    outer loop
      vertex 19.8634 8.22769 23
      vertex 20.1711 7.44152 22.99
      vertex 20.1711 7.44152 23
    endloop
  endfacet
  facet normal -0.944808 -0.327626 0
    outer loop
      vertex 20.4477 6.64386 22.99
      vertex 20.1711 7.44152 23
      vertex 20.1711 7.44152 22.99
    endloop
  endfacet
  facet normal -0.944808 -0.327626 0
    outer loop
      vertex 20.1711 7.44152 23
      vertex 20.4477 6.64386 22.99
      vertex 20.4477 6.64386 23
    endloop
  endfacet
  facet normal -0.852875 -0.413895 0.318268
    outer loop
      vertex 12.7204 11.4966 8
      vertex 19.1566 9.7608 22.99
      vertex 12.6775 11.585 8
    endloop
  endfacet
  facet normal -0.86498 -0.378315 0.329678
    outer loop
      vertex 19.8634 8.22769 22.99
      vertex 19.5251 9.00118 22.99
      vertex 12.7204 11.4966 8
    endloop
  endfacet
  facet normal -0.805903 -0.515505 0.29116
    outer loop
      vertex 12.5816 11.7562 8
      vertex 17.8766 11.9448 22.99
      vertex 12.5287 11.8389 8
    endloop
  endfacet
  facet normal -0.743175 -0.609936 0.275081
    outer loop
      vertex 16.8843 13.3105 22.99
      vertex 16.3487 13.9631 22.99
      vertex 12.4133 11.9977 8
    endloop
  endfacet
  facet normal -0.765592 -0.579625 0.279112
    outer loop
      vertex 17.3939 12.6374 22.99
      vertex 16.8843 13.3105 22.99
      vertex 12.4133 11.9977 8
    endloop
  endfacet
  facet normal -0.883129 -0.306237 0.355391
    outer loop
      vertex 20.4477 6.64386 22.99
      vertex 20.1711 7.44152 22.99
      vertex 12.7955 11.3153 8
    endloop
  endfacet
  facet normal -0.839064 -0.44838 0.308103
    outer loop
      vertex 19.1566 9.7608 22.99
      vertex 18.7587 10.5054 22.99
      vertex 12.6312 11.6716 8
    endloop
  endfacet
  facet normal -0.823254 -0.482558 0.298981
    outer loop
      vertex 18.7587 10.5054 22.99
      vertex 18.3318 11.2337 22.99
      vertex 12.6312 11.6716 8
    endloop
  endfacet
  facet normal -0.899721 -0.436465 0
    outer loop
      vertex 19.5251 9.00118 22.99
      vertex 19.1566 9.7608 23
      vertex 19.1566 9.7608 22.99
    endloop
  endfacet
  facet normal -0.899721 -0.436465 0
    outer loop
      vertex 19.1566 9.7608 23
      vertex 19.5251 9.00118 22.99
      vertex 19.5251 9.00118 23
    endloop
  endfacet
  facet normal -0.881969 -0.471307 0
    outer loop
      vertex 19.1566 9.7608 22.99
      vertex 18.7587 10.5054 23
      vertex 18.7587 10.5054 22.99
    endloop
  endfacet
  facet normal -0.881969 -0.471307 0
    outer loop
      vertex 18.7587 10.5054 23
      vertex 19.1566 9.7608 22.99
      vertex 19.1566 9.7608 23
    endloop
  endfacet
  facet normal -0.82041 -0.571776 0
    outer loop
      vertex 17.8766 11.9448 22.99
      vertex 17.3939 12.6374 23
      vertex 17.3939 12.6374 22.99
    endloop
  endfacet
  facet normal -0.82041 -0.571776 0
    outer loop
      vertex 17.3939 12.6374 23
      vertex 17.8766 11.9448 22.99
      vertex 17.8766 11.9448 23
    endloop
  endfacet
  facet normal -0.667113 0.693907 0.271024
    outer loop
      vertex 14.5942 -15.7879 22.99
      vertex 15.2028 -15.2028 22.99
      vertex 12.2178 -12.2178 8
    endloop
  endfacet
  facet normal -0.548152 0.786514 0.284473
    outer loop
      vertex 11.9448 -17.8766 22.99
      vertex 12.6374 -17.3939 22.99
      vertex 11.8389 -12.5287 8
    endloop
  endfacet
  facet normal -0.436465 0.899721 0
    outer loop
      vertex 9.7608 -19.1566 22.99
      vertex 9.00118 -19.5251 23
      vertex 9.7608 -19.1566 23
    endloop
  endfacet
  facet normal -0.436465 0.899721 0
    outer loop
      vertex 9.00118 -19.5251 23
      vertex 9.7608 -19.1566 22.99
      vertex 9.00118 -19.5251 22.99
    endloop
  endfacet
  facet normal -0.505689 0.862716 0
    outer loop
      vertex 11.2337 -18.3318 22.99
      vertex 10.5054 -18.7587 23
      vertex 11.2337 -18.3318 23
    endloop
  endfacet
  facet normal -0.505689 0.862716 0
    outer loop
      vertex 10.5054 -18.7587 23
      vertex 11.2337 -18.3318 22.99
      vertex 10.5054 -18.7587 22.99
    endloop
  endfacet
  facet normal -0.603614 0.797277 0
    outer loop
      vertex 13.3105 -16.8843 22.99
      vertex 12.6374 -17.3939 23
      vertex 13.3105 -16.8843 23
    endloop
  endfacet
  facet normal -0.603614 0.797277 0
    outer loop
      vertex 12.6374 -17.3939 23
      vertex 13.3105 -16.8843 22.99
      vertex 12.6374 -17.3939 22.99
    endloop
  endfacet
  facet normal -0.639131 0.71925 0.272379
    outer loop
      vertex 13.9631 -16.3487 22.99
      vertex 14.5942 -15.7879 22.99
      vertex 12.147 -12.2858 8
    endloop
  endfacet
  facet normal 0.0588689 0.998266 -0
    outer loop
      vertex -0.844086 -21.4834 22.99
      vertex -1.68687 -21.4337 23
      vertex -0.844086 -21.4834 23
    endloop
  endfacet
  facet normal 0.0588689 0.998266 0
    outer loop
      vertex -1.68687 -21.4337 23
      vertex -0.844086 -21.4834 22.99
      vertex -1.68687 -21.4337 22.99
    endloop
  endfacet
  facet normal 0.0520085 0.88193 0.468503
    outer loop
      vertex -1.68687 -21.4337 22.99
      vertex -0.844086 -21.4834 22.99
      vertex -10.6461 -12.9423 8
    endloop
  endfacet
  facet normal -0.0196624 0.999807 0
    outer loop
      vertex 0.844086 -21.4834 22.99
      vertex 0 -21.5 23
      vertex 0.844086 -21.4834 23
    endloop
  endfacet
  facet normal -0.0196624 0.999807 0
    outer loop
      vertex 0 -21.5 23
      vertex 0.844086 -21.4834 22.99
      vertex 0 -21.5 22.99
    endloop
  endfacet
  facet normal -0.515785 0.805744 0.291107
    outer loop
      vertex 11.9448 -17.8766 22.99
      vertex 11.7562 -12.5816 8
      vertex 11.2337 -18.3318 22.99
    endloop
  endfacet
  facet normal -0.44838 0.839064 0.308103
    outer loop
      vertex 10.5054 -18.7587 22.99
      vertex 11.6716 -12.6312 8
      vertex 9.7608 -19.1566 22.99
    endloop
  endfacet
  facet normal -0.342486 0.875047 0.342047
    outer loop
      vertex 8.22769 -19.8634 22.99
      vertex 11.3153 -12.7955 8
      vertex 7.44152 -20.1711 22.99
    endloop
  endfacet
  facet normal -0.252528 0.96759 0
    outer loop
      vertex 5.83597 -20.6928 22.99
      vertex 5.01907 -20.906 23
      vertex 5.83597 -20.6928 23
    endloop
  endfacet
  facet normal -0.252528 0.96759 0
    outer loop
      vertex 5.01907 -20.906 23
      vertex 5.83597 -20.6928 22.99
      vertex 5.01907 -20.906 22.99
    endloop
  endfacet
  facet normal -0.233101 0.893153 0.384633
    outer loop
      vertex 5.83597 -20.6928 22.99
      vertex 11.0336 -12.8809 8
      vertex 5.01907 -20.906 22.99
    endloop
  endfacet
  facet normal -0.233158 0.893147 0.38461
    outer loop
      vertex 11.1286 -12.8561 8
      vertex 11.0336 -12.8809 8
      vertex 5.83597 -20.6928 22.99
    endloop
  endfacet
  facet normal 0.233158 0.893147 0.38461
    outer loop
      vertex -5.83597 -20.6928 22.99
      vertex -11.0336 -12.8809 8
      vertex -11.1286 -12.8561 8
    endloop
  endfacet
  facet normal 0.765592 0.579625 0.279112
    outer loop
      vertex -16.8843 -13.3105 22.99
      vertex -12.4133 -11.9977 8
      vertex -17.3939 -12.6374 22.99
    endloop
  endfacet
  facet normal 0.667113 0.693907 0.271024
    outer loop
      vertex -14.5942 -15.7879 22.99
      vertex -12.2178 -12.2178 8
      vertex -15.2028 -15.2028 22.99
    endloop
  endfacet
  facet normal 0.634411 0.772996 -0
    outer loop
      vertex -13.3105 -16.8843 22.99
      vertex -13.9631 -16.3487 23
      vertex -13.3105 -16.8843 23
    endloop
  endfacet
  facet normal 0.634411 0.772996 0
    outer loop
      vertex -13.9631 -16.3487 23
      vertex -13.3105 -16.8843 22.99
      vertex -13.9631 -16.3487 22.99
    endloop
  endfacet
  facet normal 0.638998 0.719363 0.272394
    outer loop
      vertex -12.0736 -12.351 8
      vertex -12.147 -12.2858 8
      vertex -13.9631 -16.3487 22.99
    endloop
  endfacet
  facet normal 0.693052 0.720888 -0
    outer loop
      vertex -14.5942 -15.7879 22.99
      vertex -15.2028 -15.2028 23
      vertex -14.5942 -15.7879 23
    endloop
  endfacet
  facet normal 0.693052 0.720888 0
    outer loop
      vertex -15.2028 -15.2028 23
      vertex -14.5942 -15.7879 22.99
      vertex -15.2028 -15.2028 22.99
    endloop
  endfacet
  facet normal 0.664246 0.747514 -0
    outer loop
      vertex -13.9631 -16.3487 22.99
      vertex -14.5942 -15.7879 23
      vertex -13.9631 -16.3487 23
    endloop
  endfacet
  facet normal 0.664246 0.747514 0
    outer loop
      vertex -14.5942 -15.7879 23
      vertex -13.9631 -16.3487 22.99
      vertex -14.5942 -15.7879 22.99
    endloop
  endfacet
  facet normal 0.639131 0.71925 0.272379
    outer loop
      vertex -13.9631 -16.3487 22.99
      vertex -12.147 -12.2858 8
      vertex -14.5942 -15.7879 22.99
    endloop
  endfacet
  facet normal 0.865029 0.37815 0.329738
    outer loop
      vertex -12.7204 -11.4966 8
      vertex -12.7597 -11.4067 8
      vertex -19.8634 -8.22769 22.99
    endloop
  endfacet
  facet normal 0.881969 0.471307 0
    outer loop
      vertex -18.7587 -10.5054 23
      vertex -19.1566 -9.7608 22.99
      vertex -19.1566 -9.7608 23
    endloop
  endfacet
  facet normal 0.881969 0.471307 0
    outer loop
      vertex -19.1566 -9.7608 22.99
      vertex -18.7587 -10.5054 23
      vertex -18.7587 -10.5054 22.99
    endloop
  endfacet
  facet normal 0.874986 0.342719 0.34197
    outer loop
      vertex -12.7597 -11.4067 8
      vertex -12.7955 -11.3153 8
      vertex -19.8634 -8.22769 22.99
    endloop
  endfacet
  facet normal 0.916202 0.400718 0
    outer loop
      vertex -19.5251 -9.00118 23
      vertex -19.8634 -8.22769 22.99
      vertex -19.8634 -8.22769 23
    endloop
  endfacet
  facet normal 0.916202 0.400718 0
    outer loop
      vertex -19.8634 -8.22769 22.99
      vertex -19.5251 -9.00118 23
      vertex -19.5251 -9.00118 22.99
    endloop
  endfacet
  facet normal 0.823254 0.482558 0.298981
    outer loop
      vertex -18.3318 -11.2337 22.99
      vertex -12.6312 -11.6716 8
      vertex -18.7587 -10.5054 22.99
    endloop
  endfacet
  facet normal 0.883259 0.305524 0.35568
    outer loop
      vertex -12.7955 -11.3153 8
      vertex -12.8276 -11.2225 8
      vertex -20.4477 -6.64386 22.99
    endloop
  endfacet
  facet normal 0.889169 0.269759 0.369607
    outer loop
      vertex -20.4477 -6.64386 22.99
      vertex -12.8561 -11.1286 8
      vertex -20.6928 -5.83597 22.99
    endloop
  endfacet
  facet normal 0.893147 0.233158 0.38461
    outer loop
      vertex -12.8561 -11.1286 8
      vertex -12.8809 -11.0336 8
      vertex -20.6928 -5.83597 22.99
    endloop
  endfacet
  facet normal 0.894851 0.159332 0.41696
    outer loop
      vertex -12.902 -10.9377 8
      vertex -12.9192 -10.8411 8
      vertex -21.2353 -3.36334 22.99
    endloop
  endfacet
  facet normal 0.88193 0.0520085 0.468503
    outer loop
      vertex -21.4337 -1.68687 22.99
      vertex -12.9423 -10.6461 8
      vertex -21.4834 -0.844086 22.99
    endloop
  endfacet
  facet normal 0 0 -1
    outer loop
      vertex -12.8276 11.2225 8
      vertex -12.8447 11.1662 8
      vertex -12.839 11.185 8
    endloop
  endfacet
  facet normal 0 0 -1
    outer loop
      vertex -12.8276 11.2225 8
      vertex -12.8561 11.1286 8
      vertex -12.8447 11.1662 8
    endloop
  endfacet
  facet normal 0.889152 -0.26987 0.369566
    outer loop
      vertex -12.8561 11.1286 8
      vertex -12.8276 11.2225 8
      vertex -20.4477 6.64386 22.99
    endloop
  endfacet
  facet normal 0.865029 -0.37815 0.329738
    outer loop
      vertex -12.7597 11.4067 8
      vertex -12.7204 11.4966 8
      vertex -19.8634 8.22769 22.99
    endloop
  endfacet
  facet normal 0.883259 -0.305524 0.35568
    outer loop
      vertex -12.8276 11.2225 8
      vertex -12.7955 11.3153 8
      vertex -20.4477 6.64386 22.99
    endloop
  endfacet
  facet normal 0.893153 -0.233101 0.384633
    outer loop
      vertex -12.8809 11.0336 8
      vertex -20.6928 5.83597 22.99
      vertex -20.906 5.01907 22.99
    endloop
  endfacet
  facet normal 0.895057 -0.19635 0.400399
    outer loop
      vertex -12.8809 11.0336 8
      vertex -20.906 5.01907 22.99
      vertex -21.0869 4.19444 22.99
    endloop
  endfacet
  facet normal 0.892636 -0.12385 0.433431
    outer loop
      vertex -12.9327 10.7438 8
      vertex -12.9192 10.8411 8
      vertex -21.2353 3.36334 22.99
    endloop
  endfacet
  facet normal -0.214276 -0.976773 0
    outer loop
      vertex 4.19444 21.0869 22.99
      vertex 5.01907 20.906 23
      vertex 4.19444 21.0869 23
    endloop
  endfacet
  facet normal -0.214276 -0.976773 -0
    outer loop
      vertex 5.01907 20.906 23
      vertex 4.19444 21.0869 22.99
      vertex 5.01907 20.906 22.99
    endloop
  endfacet
  facet normal -0.327626 -0.944808 0
    outer loop
      vertex 6.64386 20.4477 22.99
      vertex 7.44152 20.1711 23
      vertex 6.64386 20.4477 23
    endloop
  endfacet
  facet normal -0.327626 -0.944808 -0
    outer loop
      vertex 7.44152 20.1711 23
      vertex 6.64386 20.4477 22.99
      vertex 7.44152 20.1711 22.99
    endloop
  endfacet
  facet normal -0.175778 -0.98443 0
    outer loop
      vertex 3.36334 21.2353 22.99
      vertex 4.19444 21.0869 23
      vertex 3.36334 21.2353 23
    endloop
  endfacet
  facet normal -0.175778 -0.98443 -0
    outer loop
      vertex 4.19444 21.0869 23
      vertex 3.36334 21.2353 22.99
      vertex 4.19444 21.0869 22.99
    endloop
  endfacet
  facet normal -0.159787 -0.894872 0.416741
    outer loop
      vertex 10.9377 12.902 8
      vertex 4.19444 21.0869 22.99
      vertex 3.36334 21.2353 22.99
    endloop
  endfacet
  facet normal 0.364469 -0.931215 0
    outer loop
      vertex -8.22769 19.8634 22.99
      vertex -7.44152 20.1711 23
      vertex -8.22769 19.8634 23
    endloop
  endfacet
  facet normal 0.364469 -0.931215 0
    outer loop
      vertex -7.44152 20.1711 23
      vertex -8.22769 19.8634 22.99
      vertex -7.44152 20.1711 22.99
    endloop
  endfacet
  facet normal 0.327626 -0.944808 0
    outer loop
      vertex -7.44152 20.1711 22.99
      vertex -6.64386 20.4477 23
      vertex -7.44152 20.1711 23
    endloop
  endfacet
  facet normal 0.327626 -0.944808 0
    outer loop
      vertex -6.64386 20.4477 23
      vertex -7.44152 20.1711 22.99
      vertex -6.64386 20.4477 22.99
    endloop
  endfacet
  facet normal 0.342719 -0.874986 0.34197
    outer loop
      vertex -11.3153 12.7955 8
      vertex -8.22769 19.8634 22.99
      vertex -11.4067 12.7597 8
    endloop
  endfacet
  facet normal 0.270284 -0.889092 0.369409
    outer loop
      vertex -11.185 12.839 8
      vertex -6.64386 20.4477 22.99
      vertex -11.2225 12.8276 8
    endloop
  endfacet
  facet normal 0.269596 -0.889193 0.369668
    outer loop
      vertex -11.1662 12.8447 8
      vertex -6.64386 20.4477 22.99
      vertex -11.185 12.839 8
    endloop
  endfacet
  facet normal 0.269596 -0.889193 0.369668
    outer loop
      vertex -6.64386 20.4477 22.99
      vertex -11.1662 12.8447 8
      vertex -11.1286 12.8561 8
    endloop
  endfacet
  facet normal 0.19693 -0.89505 0.40013
    outer loop
      vertex -10.9377 12.902 8
      vertex -4.19444 21.0869 22.99
      vertex -11.0336 12.8809 8
    endloop
  endfacet
  facet normal 0.159787 -0.894872 0.416741
    outer loop
      vertex -3.36334 21.2353 22.99
      vertex -4.19444 21.0869 22.99
      vertex -10.9377 12.902 8
    endloop
  endfacet
  facet normal 0.0979579 -0.995191 0
    outer loop
      vertex -2.52705 21.351 22.99
      vertex -1.68687 21.4337 23
      vertex -2.52705 21.351 23
    endloop
  endfacet
  facet normal 0.0979579 -0.995191 0
    outer loop
      vertex -1.68687 21.4337 23
      vertex -2.52705 21.351 22.99
      vertex -1.68687 21.4337 22.99
    endloop
  endfacet
  facet normal 0.664246 -0.747514 0
    outer loop
      vertex -14.5942 15.7879 22.99
      vertex -13.9631 16.3487 23
      vertex -14.5942 15.7879 23
    endloop
  endfacet
  facet normal 0.664246 -0.747514 0
    outer loop
      vertex -13.9631 16.3487 23
      vertex -14.5942 15.7879 22.99
      vertex -13.9631 16.3487 22.99
    endloop
  endfacet
  facet normal 0.515505 -0.805903 0.29116
    outer loop
      vertex -11.8389 12.5287 8
      vertex -11.7562 12.5816 8
      vertex -11.9448 17.8766 22.99
    endloop
  endfacet
  facet normal 0.515785 -0.805744 0.291107
    outer loop
      vertex -11.7562 12.5816 8
      vertex -11.2337 18.3318 22.99
      vertex -11.9448 17.8766 22.99
    endloop
  endfacet
  facet normal 0.638998 -0.719363 0.272394
    outer loop
      vertex -12.147 12.2858 8
      vertex -12.0736 12.351 8
      vertex -13.9631 16.3487 22.99
    endloop
  endfacet
  facet normal 0.579595 -0.765613 0.279118
    outer loop
      vertex -11.9977 12.4133 8
      vertex -11.9195 12.4725 8
      vertex -12.6374 17.3939 22.99
    endloop
  endfacet
  facet normal 0.634411 -0.772996 0
    outer loop
      vertex -13.9631 16.3487 22.99
      vertex -13.3105 16.8843 23
      vertex -13.9631 16.3487 23
    endloop
  endfacet
  facet normal 0.634411 -0.772996 0
    outer loop
      vertex -13.3105 16.8843 23
      vertex -13.9631 16.3487 22.99
      vertex -13.3105 16.8843 22.99
    endloop
  endfacet
  facet normal 0.603614 -0.797277 0
    outer loop
      vertex -13.3105 16.8843 22.99
      vertex -12.6374 17.3939 23
      vertex -13.3105 16.8843 23
    endloop
  endfacet
  facet normal 0.603614 -0.797277 0
    outer loop
      vertex -12.6374 17.3939 23
      vertex -13.3105 16.8843 22.99
      vertex -12.6374 17.3939 22.99
    endloop
  endfacet
  facet normal 0.823213 -0.48264 0.298963
    outer loop
      vertex -12.6312 11.6716 8
      vertex -12.5816 11.7562 8
      vertex -18.3318 11.2337 22.99
    endloop
  endfacet
  facet normal 0.899721 -0.436465 0
    outer loop
      vertex -19.5251 9.00118 23
      vertex -19.1566 9.7608 22.99
      vertex -19.1566 9.7608 23
    endloop
  endfacet
  facet normal 0.899721 -0.436465 0
    outer loop
      vertex -19.1566 9.7608 22.99
      vertex -19.5251 9.00118 23
      vertex -19.5251 9.00118 22.99
    endloop
  endfacet
  facet normal 0.916202 -0.400718 0
    outer loop
      vertex -19.8634 8.22769 23
      vertex -19.5251 9.00118 22.99
      vertex -19.5251 9.00118 23
    endloop
  endfacet
  facet normal 0.916202 -0.400718 0
    outer loop
      vertex -19.5251 9.00118 22.99
      vertex -19.8634 8.22769 23
      vertex -19.8634 8.22769 22.99
    endloop
  endfacet
  facet normal 0.86498 -0.378315 0.329678
    outer loop
      vertex -12.7204 11.4966 8
      vertex -19.5251 9.00118 22.99
      vertex -19.8634 8.22769 22.99
    endloop
  endfacet
  facet normal 0.839064 -0.44838 0.308103
    outer loop
      vertex -12.6312 11.6716 8
      vertex -18.7587 10.5054 22.99
      vertex -19.1566 9.7608 22.99
    endloop
  endfacet
  facet normal 0.823254 -0.482558 0.298981
    outer loop
      vertex -12.6312 11.6716 8
      vertex -18.3318 11.2337 22.99
      vertex -18.7587 10.5054 22.99
    endloop
  endfacet
  facet normal 0.765613 -0.579595 0.279118
    outer loop
      vertex -12.4725 11.9195 8
      vertex -12.4133 11.9977 8
      vertex -17.3939 12.6374 22.99
    endloop
  endfacet
  facet normal -0.786514 0.548152 0.284473
    outer loop
      vertex 17.3939 -12.6374 22.99
      vertex 17.8766 -11.9448 22.99
      vertex 12.5287 -11.8389 8
    endloop
  endfacet
  facet normal -0.747514 0.664246 0
    outer loop
      vertex 15.7879 -14.5942 22.99
      vertex 16.3487 -13.9631 23
      vertex 16.3487 -13.9631 22.99
    endloop
  endfacet
  facet normal -0.747514 0.664246 0
    outer loop
      vertex 16.3487 -13.9631 23
      vertex 15.7879 -14.5942 22.99
      vertex 15.7879 -14.5942 23
    endloop
  endfacet
  facet normal -0.823254 0.482558 0.298981
    outer loop
      vertex 18.3318 -11.2337 22.99
      vertex 18.7587 -10.5054 22.99
      vertex 12.6312 -11.6716 8
    endloop
  endfacet
  facet normal -0.865029 0.37815 0.329738
    outer loop
      vertex 19.8634 -8.22769 22.99
      vertex 12.7597 -11.4067 8
      vertex 12.7204 -11.4966 8
    endloop
  endfacet
  facet normal -0.875047 0.342486 0.342047
    outer loop
      vertex 19.8634 -8.22769 22.99
      vertex 20.1711 -7.44152 22.99
      vertex 12.7955 -11.3153 8
    endloop
  endfacet
  facet normal -0.852875 0.413895 0.318268
    outer loop
      vertex 19.1566 -9.7608 22.99
      vertex 12.7204 -11.4966 8
      vertex 12.6775 -11.585 8
    endloop
  endfacet
  facet normal -0.823213 0.48264 0.298963
    outer loop
      vertex 18.3318 -11.2337 22.99
      vertex 12.6312 -11.6716 8
      vertex 12.5816 -11.7562 8
    endloop
  endfacet
  facet normal -0.84222 0.539134 0
    outer loop
      vertex 17.8766 -11.9448 22.99
      vertex 18.3318 -11.2337 23
      vertex 18.3318 -11.2337 22.99
    endloop
  endfacet
  facet normal -0.84222 0.539134 0
    outer loop
      vertex 18.3318 -11.2337 23
      vertex 17.8766 -11.9448 22.99
      vertex 17.8766 -11.9448 23
    endloop
  endfacet
  facet normal -0.944808 0.327626 0
    outer loop
      vertex 20.1711 -7.44152 22.99
      vertex 20.4477 -6.64386 23
      vertex 20.4477 -6.64386 22.99
    endloop
  endfacet
  facet normal -0.944808 0.327626 0
    outer loop
      vertex 20.4477 -6.64386 23
      vertex 20.1711 -7.44152 22.99
      vertex 20.1711 -7.44152 23
    endloop
  endfacet
  facet normal -0.889193 0.269596 0.369668
    outer loop
      vertex 12.8447 -11.1662 8
      vertex 20.4477 -6.64386 22.99
      vertex 12.8561 -11.1286 8
    endloop
  endfacet
  facet normal -0.889193 0.269596 0.369668
    outer loop
      vertex 12.839 -11.185 8
      vertex 20.4477 -6.64386 22.99
      vertex 12.8447 -11.1662 8
    endloop
  endfacet
  facet normal -0.889092 0.270284 0.369409
    outer loop
      vertex 20.4477 -6.64386 22.99
      vertex 12.839 -11.185 8
      vertex 12.8276 -11.2225 8
    endloop
  endfacet
  facet normal -0.976773 0.214276 0
    outer loop
      vertex 20.906 -5.01907 22.99
      vertex 21.0869 -4.19444 23
      vertex 21.0869 -4.19444 22.99
    endloop
  endfacet
  facet normal -0.976773 0.214276 0
    outer loop
      vertex 21.0869 -4.19444 23
      vertex 20.906 -5.01907 22.99
      vertex 20.906 -5.01907 23
    endloop
  endfacet
  facet normal -0.888432 0.088616 0.450372
    outer loop
      vertex 12.9384 -10.6852 8
      vertex 21.351 -2.52705 22.99
      vertex 12.9423 -10.6461 8
    endloop
  endfacet
  facet normal -0.888082 0.0860896 0.451551
    outer loop
      vertex 12.9365 -10.7048 8
      vertex 21.351 -2.52705 22.99
      vertex 12.9384 -10.6852 8
    endloop
  endfacet
  facet normal -0.888145 0.0865372 0.451342
    outer loop
      vertex 21.351 -2.52705 22.99
      vertex 12.9365 -10.7048 8
      vertex 12.9327 -10.7438 8
    endloop
  endfacet
  facet normal -0.873541 0.0169187 0.486456
    outer loop
      vertex 21.5 0 22.99
      vertex 12.95 -10.45 8
      vertex 12.9481 -10.5481 8
    endloop
  endfacet
  facet normal -0.892607 0.123491 0.433592
    outer loop
      vertex 21.2353 -3.36334 22.99
      vertex 21.351 -2.52705 22.99
      vertex 12.9327 -10.7438 8
    endloop
  endfacet
  facet normal -0.88193 0.0520085 0.468503
    outer loop
      vertex 21.4337 -1.68687 22.99
      vertex 21.4834 -0.844086 22.99
      vertex 12.9423 -10.6461 8
    endloop
  endfacet
  facet normal -0.873541 -0.0169187 0.486456
    outer loop
      vertex 12.95 10.45 8
      vertex 21.5 0 22.99
      vertex 12.9481 10.5481 8
    endloop
  endfacet
  facet normal -0.999807 -0.0196624 0
    outer loop
      vertex 21.5 0 22.99
      vertex 21.4834 0.844086 23
      vertex 21.4834 0.844086 22.99
    endloop
  endfacet
  facet normal -0.999807 -0.0196624 0
    outer loop
      vertex 21.4834 0.844086 23
      vertex 21.5 0 22.99
      vertex 21.5 0 23
    endloop
  endfacet
  facet normal -0.19693 -0.89505 0.40013
    outer loop
      vertex 10.9377 12.902 8
      vertex 11.0336 12.8809 8
      vertex 4.19444 21.0869 22.99
    endloop
  endfacet
  facet normal -0.252528 -0.96759 0
    outer loop
      vertex 5.01907 20.906 22.99
      vertex 5.83597 20.6928 23
      vertex 5.01907 20.906 23
    endloop
  endfacet
  facet normal -0.252528 -0.96759 -0
    outer loop
      vertex 5.83597 20.6928 23
      vertex 5.01907 20.906 22.99
      vertex 5.83597 20.6928 22.99
    endloop
  endfacet
  facet normal -0.290316 -0.956931 0
    outer loop
      vertex 5.83597 20.6928 22.99
      vertex 6.64386 20.4477 23
      vertex 5.83597 20.6928 23
    endloop
  endfacet
  facet normal -0.290316 -0.956931 -0
    outer loop
      vertex 6.64386 20.4477 23
      vertex 5.83597 20.6928 22.99
      vertex 6.64386 20.4477 22.99
    endloop
  endfacet
  facet normal -0.413764 -0.852925 0.318305
    outer loop
      vertex 11.4966 12.7204 8
      vertex 9.7608 19.1566 22.99
      vertex 9.00118 19.5251 22.99
    endloop
  endfacet
  facet normal -0.378315 -0.86498 0.329678
    outer loop
      vertex 11.4966 12.7204 8
      vertex 9.00118 19.5251 22.99
      vertex 8.22769 19.8634 22.99
    endloop
  endfacet
  facet normal -0.448586 -0.838977 0.308039
    outer loop
      vertex 11.6196 12.659 8
      vertex 9.7608 19.1566 22.99
      vertex 11.585 12.6775 8
    endloop
  endfacet
  facet normal -0.446605 -0.839811 0.308646
    outer loop
      vertex 11.6369 12.6498 8
      vertex 9.7608 19.1566 22.99
      vertex 11.6196 12.659 8
    endloop
  endfacet
  facet normal -0.449504 -0.83859 0.307754
    outer loop
      vertex 9.7608 19.1566 22.99
      vertex 11.6369 12.6498 8
      vertex 11.6716 12.6312 8
    endloop
  endfacet
  facet normal -0.342719 -0.874986 0.34197
    outer loop
      vertex 11.3153 12.7955 8
      vertex 11.4067 12.7597 8
      vertex 8.22769 19.8634 22.99
    endloop
  endfacet
  facet normal -0.747514 -0.664246 0
    outer loop
      vertex 16.3487 13.9631 22.99
      vertex 15.7879 14.5942 23
      vertex 15.7879 14.5942 22.99
    endloop
  endfacet
  facet normal -0.747514 -0.664246 0
    outer loop
      vertex 15.7879 14.5942 23
      vertex 16.3487 13.9631 22.99
      vertex 16.3487 13.9631 23
    endloop
  endfacet
  facet normal -0.71925 -0.639131 0.272379
    outer loop
      vertex 16.3487 13.9631 22.99
      vertex 15.7879 14.5942 22.99
      vertex 12.2858 12.147 8
    endloop
  endfacet
  facet normal -0.719363 -0.638998 0.272394
    outer loop
      vertex 12.351 12.0736 8
      vertex 16.3487 13.9631 22.99
      vertex 12.2858 12.147 8
    endloop
  endfacet
  facet normal -0.667113 -0.693907 0.271024
    outer loop
      vertex 15.2028 15.2028 22.99
      vertex 14.5942 15.7879 22.99
      vertex 12.2178 12.2178 8
    endloop
  endfacet
  facet normal -0.693907 -0.667113 0.271024
    outer loop
      vertex 15.7879 14.5942 22.99
      vertex 15.2028 15.2028 22.99
      vertex 12.2178 12.2178 8
    endloop
  endfacet
  facet normal -0.515505 -0.805903 0.29116
    outer loop
      vertex 11.8389 12.5287 8
      vertex 11.9448 17.8766 22.99
      vertex 11.7562 12.5816 8
    endloop
  endfacet
  facet normal -0.634411 -0.772996 0
    outer loop
      vertex 13.3105 16.8843 22.99
      vertex 13.9631 16.3487 23
      vertex 13.3105 16.8843 23
    endloop
  endfacet
  facet normal -0.634411 -0.772996 -0
    outer loop
      vertex 13.9631 16.3487 23
      vertex 13.3105 16.8843 22.99
      vertex 13.9631 16.3487 22.99
    endloop
  endfacet
  facet normal -0.609936 -0.743175 0.275081
    outer loop
      vertex 13.9631 16.3487 22.99
      vertex 13.3105 16.8843 22.99
      vertex 11.9977 12.4133 8
    endloop
  endfacet
  facet normal -0.603614 -0.797277 0
    outer loop
      vertex 12.6374 17.3939 22.99
      vertex 13.3105 16.8843 23
      vertex 12.6374 17.3939 23
    endloop
  endfacet
  facet normal -0.603614 -0.797277 -0
    outer loop
      vertex 13.3105 16.8843 23
      vertex 12.6374 17.3939 22.99
      vertex 13.3105 16.8843 22.99
    endloop
  endfacet
  facet normal -0.888271 -0.0874336 0.450922
    outer loop
      vertex 21.4337 1.68687 22.99
      vertex 21.351 2.52705 22.99
      vertex 12.9423 10.6461 8
    endloop
  endfacet
  facet normal -0.881972 -0.0521983 0.468403
    outer loop
      vertex 12.9481 10.5481 8
      vertex 21.4834 0.844086 22.99
      vertex 12.9423 10.6461 8
    endloop
  endfacet
  facet normal -0.990565 -0.137044 0
    outer loop
      vertex 21.351 2.52705 22.99
      vertex 21.2353 3.36334 23
      vertex 21.2353 3.36334 22.99
    endloop
  endfacet
  facet normal -0.990565 -0.137044 0
    outer loop
      vertex 21.2353 3.36334 23
      vertex 21.351 2.52705 22.99
      vertex 21.351 2.52705 23
    endloop
  endfacet
  facet normal -0.892607 -0.123491 0.433592
    outer loop
      vertex 21.351 2.52705 22.99
      vertex 21.2353 3.36334 22.99
      vertex 12.9327 10.7438 8
    endloop
  endfacet
  facet normal -0.96759 -0.252528 0
    outer loop
      vertex 20.906 5.01907 22.99
      vertex 20.6928 5.83597 23
      vertex 20.6928 5.83597 22.99
    endloop
  endfacet
  facet normal -0.96759 -0.252528 0
    outer loop
      vertex 20.6928 5.83597 23
      vertex 20.906 5.01907 22.99
      vertex 20.906 5.01907 23
    endloop
  endfacet
  facet normal 0 0 -1
    outer loop
      vertex 12.8447 11.1662 8
      vertex 12.8276 11.2225 8
      vertex 12.839 11.185 8
    endloop
  endfacet
  facet normal 0 0 -1
    outer loop
      vertex 12.8561 11.1286 8
      vertex 12.8276 11.2225 8
      vertex 12.8447 11.1662 8
    endloop
  endfacet
  facet normal -0.889152 -0.26987 0.369566
    outer loop
      vertex 12.8276 11.2225 8
      vertex 12.8561 11.1286 8
      vertex 20.4477 6.64386 22.99
    endloop
  endfacet
  facet normal -0.916202 -0.400718 0
    outer loop
      vertex 19.8634 8.22769 22.99
      vertex 19.5251 9.00118 23
      vertex 19.5251 9.00118 22.99
    endloop
  endfacet
  facet normal -0.916202 -0.400718 0
    outer loop
      vertex 19.5251 9.00118 23
      vertex 19.8634 8.22769 22.99
      vertex 19.8634 8.22769 23
    endloop
  endfacet
  facet normal 0 0 -1
    outer loop
      vertex 12.659 11.6196 8
      vertex 12.6312 11.6716 8
      vertex 12.6498 11.6369 8
    endloop
  endfacet
  facet normal 0 0 1
    outer loop
      vertex 12.6775 11.585 8
      vertex 12.6312 11.6716 8
      vertex 12.659 11.6196 8
    endloop
  endfacet
  facet normal -0.838989 -0.448559 0.308047
    outer loop
      vertex 12.6312 11.6716 8
      vertex 12.6775 11.585 8
      vertex 19.1566 9.7608 22.99
    endloop
  endfacet
  facet normal -0.976773 -0.214276 0
    outer loop
      vertex 21.0869 4.19444 22.99
      vertex 20.906 5.01907 23
      vertex 20.906 5.01907 22.99
    endloop
  endfacet
  facet normal -0.976773 -0.214276 0
    outer loop
      vertex 20.906 5.01907 23
      vertex 21.0869 4.19444 22.99
      vertex 21.0869 4.19444 23
    endloop
  endfacet
  facet normal -0.89505 -0.19693 0.40013
    outer loop
      vertex 12.902 10.9377 8
      vertex 21.0869 4.19444 22.99
      vertex 12.8809 11.0336 8
    endloop
  endfacet
  facet normal -0.893147 -0.233158 0.38461
    outer loop
      vertex 12.8809 11.0336 8
      vertex 20.6928 5.83597 22.99
      vertex 12.8561 11.1286 8
    endloop
  endfacet
  facet normal -0.84222 -0.539134 0
    outer loop
      vertex 18.3318 11.2337 22.99
      vertex 17.8766 11.9448 23
      vertex 17.8766 11.9448 22.99
    endloop
  endfacet
  facet normal -0.84222 -0.539134 0
    outer loop
      vertex 17.8766 11.9448 23
      vertex 18.3318 11.2337 22.99
      vertex 18.3318 11.2337 23
    endloop
  endfacet
  facet normal -0.805744 -0.515785 0.291107
    outer loop
      vertex 18.3318 11.2337 22.99
      vertex 17.8766 11.9448 22.99
      vertex 12.5816 11.7562 8
    endloop
  endfacet
  facet normal -0.797277 -0.603614 0
    outer loop
      vertex 17.3939 12.6374 22.99
      vertex 16.8843 13.3105 23
      vertex 16.8843 13.3105 22.99
    endloop
  endfacet
  facet normal -0.797277 -0.603614 0
    outer loop
      vertex 16.8843 13.3105 23
      vertex 17.3939 12.6374 22.99
      vertex 17.3939 12.6374 23
    endloop
  endfacet
  facet normal -0.693907 0.667113 0.271024
    outer loop
      vertex 15.2028 -15.2028 22.99
      vertex 15.7879 -14.5942 22.99
      vertex 12.2178 -12.2178 8
    endloop
  endfacet
  facet normal -0.720888 0.693052 0
    outer loop
      vertex 15.2028 -15.2028 22.99
      vertex 15.7879 -14.5942 23
      vertex 15.7879 -14.5942 22.99
    endloop
  endfacet
  facet normal -0.720888 0.693052 0
    outer loop
      vertex 15.7879 -14.5942 23
      vertex 15.2028 -15.2028 22.99
      vertex 15.2028 -15.2028 23
    endloop
  endfacet
  facet normal -0.609936 0.743175 0.275081
    outer loop
      vertex 13.3105 -16.8843 22.99
      vertex 13.9631 -16.3487 22.99
      vertex 11.9977 -12.4133 8
    endloop
  endfacet
  facet normal -0.579625 0.765592 0.279112
    outer loop
      vertex 12.6374 -17.3939 22.99
      vertex 13.3105 -16.8843 22.99
      vertex 11.9977 -12.4133 8
    endloop
  endfacet
  facet normal -0.548332 0.786399 0.284445
    outer loop
      vertex 12.6374 -17.3939 22.99
      vertex 11.9195 -12.4725 8
      vertex 11.8389 -12.5287 8
    endloop
  endfacet
  facet normal 0.123491 0.892607 0.433592
    outer loop
      vertex -3.36334 -21.2353 22.99
      vertex -2.52705 -21.351 22.99
      vertex -10.7438 -12.9327 8
    endloop
  endfacet
  facet normal 0.159787 0.894872 0.416741
    outer loop
      vertex -4.19444 -21.0869 22.99
      vertex -3.36334 -21.2353 22.99
      vertex -10.9377 -12.902 8
    endloop
  endfacet
  facet normal -0.0171807 0.873615 0.486314
    outer loop
      vertex 0.844086 -21.4834 22.99
      vertex 10.5481 -12.9481 8
      vertex 0 -21.5 22.99
    endloop
  endfacet
  facet normal -0.19635 0.895057 0.400399
    outer loop
      vertex 5.01907 -20.906 22.99
      vertex 11.0336 -12.8809 8
      vertex 4.19444 -21.0869 22.99
    endloop
  endfacet
  facet normal -0.0979579 0.995191 0
    outer loop
      vertex 2.52705 -21.351 22.99
      vertex 1.68687 -21.4337 23
      vertex 2.52705 -21.351 23
    endloop
  endfacet
  facet normal -0.0979579 0.995191 0
    outer loop
      vertex 1.68687 -21.4337 23
      vertex 2.52705 -21.351 22.99
      vertex 1.68687 -21.4337 22.99
    endloop
  endfacet
  facet normal -0.137044 0.990565 0
    outer loop
      vertex 3.36334 -21.2353 22.99
      vertex 2.52705 -21.351 23
      vertex 3.36334 -21.2353 23
    endloop
  endfacet
  facet normal -0.137044 0.990565 0
    outer loop
      vertex 2.52705 -21.351 23
      vertex 3.36334 -21.2353 22.99
      vertex 2.52705 -21.351 22.99
    endloop
  endfacet
  facet normal -0.175778 0.98443 0
    outer loop
      vertex 4.19444 -21.0869 22.99
      vertex 3.36334 -21.2353 23
      vertex 4.19444 -21.0869 23
    endloop
  endfacet
  facet normal -0.175778 0.98443 0
    outer loop
      vertex 3.36334 -21.2353 23
      vertex 4.19444 -21.0869 22.99
      vertex 3.36334 -21.2353 22.99
    endloop
  endfacet
  facet normal -0.571776 0.82041 0
    outer loop
      vertex 12.6374 -17.3939 22.99
      vertex 11.9448 -17.8766 23
      vertex 12.6374 -17.3939 23
    endloop
  endfacet
  facet normal -0.571776 0.82041 0
    outer loop
      vertex 11.9448 -17.8766 23
      vertex 12.6374 -17.3939 22.99
      vertex 11.9448 -17.8766 22.99
    endloop
  endfacet
  facet normal -0.449504 0.83859 0.307754
    outer loop
      vertex 11.6369 -12.6498 8
      vertex 9.7608 -19.1566 22.99
      vertex 11.6716 -12.6312 8
    endloop
  endfacet
  facet normal -0.446605 0.839811 0.308646
    outer loop
      vertex 11.6196 -12.659 8
      vertex 9.7608 -19.1566 22.99
      vertex 11.6369 -12.6498 8
    endloop
  endfacet
  facet normal -0.448586 0.838977 0.308039
    outer loop
      vertex 9.7608 -19.1566 22.99
      vertex 11.6196 -12.659 8
      vertex 11.585 -12.6775 8
    endloop
  endfacet
  facet normal -0.515505 0.805903 0.29116
    outer loop
      vertex 11.9448 -17.8766 22.99
      vertex 11.8389 -12.5287 8
      vertex 11.7562 -12.5816 8
    endloop
  endfacet
  facet normal -0.471307 0.881969 0
    outer loop
      vertex 10.5054 -18.7587 22.99
      vertex 9.7608 -19.1566 23
      vertex 10.5054 -18.7587 23
    endloop
  endfacet
  facet normal -0.471307 0.881969 0
    outer loop
      vertex 9.7608 -19.1566 23
      vertex 10.5054 -18.7587 22.99
      vertex 9.7608 -19.1566 22.99
    endloop
  endfacet
  facet normal -0.327626 0.944808 0
    outer loop
      vertex 7.44152 -20.1711 22.99
      vertex 6.64386 -20.4477 23
      vertex 7.44152 -20.1711 23
    endloop
  endfacet
  facet normal -0.327626 0.944808 0
    outer loop
      vertex 6.64386 -20.4477 23
      vertex 7.44152 -20.1711 22.99
      vertex 6.64386 -20.4477 22.99
    endloop
  endfacet
  facet normal -0.306237 0.883129 0.355391
    outer loop
      vertex 7.44152 -20.1711 22.99
      vertex 11.3153 -12.7955 8
      vertex 6.64386 -20.4477 22.99
    endloop
  endfacet
  facet normal 0.290316 0.956931 -0
    outer loop
      vertex -5.83597 -20.6928 22.99
      vertex -6.64386 -20.4477 23
      vertex -5.83597 -20.6928 23
    endloop
  endfacet
  facet normal 0.290316 0.956931 0
    outer loop
      vertex -6.64386 -20.4477 23
      vertex -5.83597 -20.6928 22.99
      vertex -6.64386 -20.4477 22.99
    endloop
  endfacet
  facet normal 0.269759 0.889169 0.369607
    outer loop
      vertex -6.64386 -20.4477 22.99
      vertex -5.83597 -20.6928 22.99
      vertex -11.1286 -12.8561 8
    endloop
  endfacet
  facet normal 0.37815 0.865029 0.329738
    outer loop
      vertex -8.22769 -19.8634 22.99
      vertex -11.4067 -12.7597 8
      vertex -11.4966 -12.7204 8
    endloop
  endfacet
  facet normal 0.436465 0.899721 -0
    outer loop
      vertex -9.00118 -19.5251 22.99
      vertex -9.7608 -19.1566 23
      vertex -9.00118 -19.5251 23
    endloop
  endfacet
  facet normal 0.436465 0.899721 0
    outer loop
      vertex -9.7608 -19.1566 23
      vertex -9.00118 -19.5251 22.99
      vertex -9.7608 -19.1566 22.99
    endloop
  endfacet
  facet normal 0.342486 0.875047 0.342047
    outer loop
      vertex -8.22769 -19.8634 22.99
      vertex -7.44152 -20.1711 22.99
      vertex -11.3153 -12.7955 8
    endloop
  endfacet
  facet normal 0 0 -1
    outer loop
      vertex -12.4133 -11.9977 8
      vertex -12.3759 -12.0433 8
      vertex -12.3884 -12.0281 8
    endloop
  endfacet
  facet normal 0 0 -1
    outer loop
      vertex -12.4133 -11.9977 8
      vertex -12.351 -12.0736 8
      vertex -12.3759 -12.0433 8
    endloop
  endfacet
  facet normal 0.743139 0.609981 0.275077
    outer loop
      vertex -12.351 -12.0736 8
      vertex -12.4133 -11.9977 8
      vertex -16.3487 -13.9631 22.99
    endloop
  endfacet
  facet normal 0.805903 0.515505 0.29116
    outer loop
      vertex -12.5287 -11.8389 8
      vertex -12.5816 -11.7562 8
      vertex -17.8766 -11.9448 22.99
    endloop
  endfacet
  facet normal 0.797277 0.603614 0
    outer loop
      vertex -16.8843 -13.3105 23
      vertex -17.3939 -12.6374 22.99
      vertex -17.3939 -12.6374 23
    endloop
  endfacet
  facet normal 0.797277 0.603614 0
    outer loop
      vertex -17.3939 -12.6374 22.99
      vertex -16.8843 -13.3105 23
      vertex -16.8843 -13.3105 22.99
    endloop
  endfacet
  facet normal 0.743175 0.609936 0.275081
    outer loop
      vertex -16.3487 -13.9631 22.99
      vertex -12.4133 -11.9977 8
      vertex -16.8843 -13.3105 22.99
    endloop
  endfacet
  facet normal 0.539134 0.84222 -0
    outer loop
      vertex -11.2337 -18.3318 22.99
      vertex -11.9448 -17.8766 23
      vertex -11.2337 -18.3318 23
    endloop
  endfacet
  facet normal 0.539134 0.84222 0
    outer loop
      vertex -11.9448 -17.8766 23
      vertex -11.2337 -18.3318 22.99
      vertex -11.9448 -17.8766 22.99
    endloop
  endfacet
  facet normal 0.548332 0.786399 0.284445
    outer loop
      vertex -11.8389 -12.5287 8
      vertex -11.9195 -12.4725 8
      vertex -12.6374 -17.3939 22.99
    endloop
  endfacet
  facet normal 0.44838 0.839064 0.308103
    outer loop
      vertex -10.5054 -18.7587 22.99
      vertex -9.7608 -19.1566 22.99
      vertex -11.6716 -12.6312 8
    endloop
  endfacet
  facet normal 0.482558 0.823254 0.298981
    outer loop
      vertex -11.2337 -18.3318 22.99
      vertex -10.5054 -18.7587 22.99
      vertex -11.6716 -12.6312 8
    endloop
  endfacet
  facet normal 0.693907 0.667113 0.271024
    outer loop
      vertex -15.2028 -15.2028 22.99
      vertex -12.2178 -12.2178 8
      vertex -15.7879 -14.5942 22.99
    endloop
  endfacet
  facet normal 0.747514 0.664246 0
    outer loop
      vertex -15.7879 -14.5942 23
      vertex -16.3487 -13.9631 22.99
      vertex -16.3487 -13.9631 23
    endloop
  endfacet
  facet normal 0.747514 0.664246 0
    outer loop
      vertex -16.3487 -13.9631 22.99
      vertex -15.7879 -14.5942 23
      vertex -15.7879 -14.5942 22.99
    endloop
  endfacet
  facet normal 0.694227 0.666771 0.271046
    outer loop
      vertex -12.2178 -12.2178 8
      vertex -12.2858 -12.147 8
      vertex -15.7879 -14.5942 22.99
    endloop
  endfacet
  facet normal 0.852875 0.413895 0.318268
    outer loop
      vertex -12.6775 -11.585 8
      vertex -12.7204 -11.4966 8
      vertex -19.1566 -9.7608 22.99
    endloop
  endfacet
  facet normal 0.823213 0.48264 0.298963
    outer loop
      vertex -12.5816 -11.7562 8
      vertex -12.6312 -11.6716 8
      vertex -18.3318 -11.2337 22.99
    endloop
  endfacet
  facet normal 0.84222 0.539134 0
    outer loop
      vertex -17.8766 -11.9448 23
      vertex -18.3318 -11.2337 22.99
      vertex -18.3318 -11.2337 23
    endloop
  endfacet
  facet normal 0.84222 0.539134 0
    outer loop
      vertex -18.3318 -11.2337 22.99
      vertex -17.8766 -11.9448 23
      vertex -17.8766 -11.9448 22.99
    endloop
  endfacet
  facet normal 0.944808 0.327626 0
    outer loop
      vertex -20.1711 -7.44152 23
      vertex -20.4477 -6.64386 22.99
      vertex -20.4477 -6.64386 23
    endloop
  endfacet
  facet normal 0.944808 0.327626 0
    outer loop
      vertex -20.4477 -6.64386 22.99
      vertex -20.1711 -7.44152 23
      vertex -20.1711 -7.44152 22.99
    endloop
  endfacet
  facet normal 0.976773 0.214276 0
    outer loop
      vertex -20.906 -5.01907 23
      vertex -21.0869 -4.19444 22.99
      vertex -21.0869 -4.19444 23
    endloop
  endfacet
  facet normal 0.976773 0.214276 0
    outer loop
      vertex -21.0869 -4.19444 22.99
      vertex -20.906 -5.01907 23
      vertex -20.906 -5.01907 22.99
    endloop
  endfacet
  facet normal 0.895057 0.19635 0.400399
    outer loop
      vertex -20.906 -5.01907 22.99
      vertex -12.8809 -11.0336 8
      vertex -21.0869 -4.19444 22.99
    endloop
  endfacet
  facet normal 0.893153 0.233101 0.384633
    outer loop
      vertex -20.6928 -5.83597 22.99
      vertex -12.8809 -11.0336 8
      vertex -20.906 -5.01907 22.99
    endloop
  endfacet
  facet normal 0.889193 0.269596 0.369668
    outer loop
      vertex -20.4477 -6.64386 22.99
      vertex -12.8447 -11.1662 8
      vertex -12.8561 -11.1286 8
    endloop
  endfacet
  facet normal 0.889193 0.269596 0.369668
    outer loop
      vertex -20.4477 -6.64386 22.99
      vertex -12.839 -11.185 8
      vertex -12.8447 -11.1662 8
    endloop
  endfacet
  facet normal 0.889092 0.270284 0.369409
    outer loop
      vertex -12.839 -11.185 8
      vertex -20.4477 -6.64386 22.99
      vertex -12.8276 -11.2225 8
    endloop
  endfacet
  facet normal 0.89505 0.19693 0.40013
    outer loop
      vertex -12.8809 -11.0336 8
      vertex -12.902 -10.9377 8
      vertex -21.0869 -4.19444 22.99
    endloop
  endfacet
  facet normal 0.894872 0.159787 0.416741
    outer loop
      vertex -21.0869 -4.19444 22.99
      vertex -12.902 -10.9377 8
      vertex -21.2353 -3.36334 22.99
    endloop
  endfacet
  facet normal 0.990565 0.137044 0
    outer loop
      vertex -21.2353 -3.36334 23
      vertex -21.351 -2.52705 22.99
      vertex -21.351 -2.52705 23
    endloop
  endfacet
  facet normal 0.990565 0.137044 0
    outer loop
      vertex -21.351 -2.52705 22.99
      vertex -21.2353 -3.36334 23
      vertex -21.2353 -3.36334 22.99
    endloop
  endfacet
  facet normal 0.892636 0.12385 0.433431
    outer loop
      vertex -12.9192 -10.8411 8
      vertex -12.9327 -10.7438 8
      vertex -21.2353 -3.36334 22.99
    endloop
  endfacet
  facet normal 0.892607 0.123491 0.433592
    outer loop
      vertex -21.2353 -3.36334 22.99
      vertex -12.9327 -10.7438 8
      vertex -21.351 -2.52705 22.99
    endloop
  endfacet
  facet normal 0.888432 0.088616 0.450372
    outer loop
      vertex -21.351 -2.52705 22.99
      vertex -12.9384 -10.6852 8
      vertex -12.9423 -10.6461 8
    endloop
  endfacet
  facet normal 0.888082 0.0860896 0.451551
    outer loop
      vertex -21.351 -2.52705 22.99
      vertex -12.9365 -10.7048 8
      vertex -12.9384 -10.6852 8
    endloop
  endfacet
  facet normal 0.888145 0.0865372 0.451342
    outer loop
      vertex -12.9365 -10.7048 8
      vertex -21.351 -2.52705 22.99
      vertex -12.9327 -10.7438 8
    endloop
  endfacet
  facet normal 0.98443 -0.175778 0
    outer loop
      vertex -21.2353 3.36334 23
      vertex -21.0869 4.19444 22.99
      vertex -21.0869 4.19444 23
    endloop
  endfacet
  facet normal 0.98443 -0.175778 0
    outer loop
      vertex -21.0869 4.19444 22.99
      vertex -21.2353 3.36334 23
      vertex -21.2353 3.36334 22.99
    endloop
  endfacet
  facet normal 0.892607 -0.123491 0.433592
    outer loop
      vertex -12.9327 10.7438 8
      vertex -21.2353 3.36334 22.99
      vertex -21.351 2.52705 22.99
    endloop
  endfacet
  facet normal 0.883129 -0.306237 0.355391
    outer loop
      vertex -12.7955 11.3153 8
      vertex -20.1711 7.44152 22.99
      vertex -20.4477 6.64386 22.99
    endloop
  endfacet
  facet normal 0.874986 -0.342719 0.34197
    outer loop
      vertex -12.7955 11.3153 8
      vertex -12.7597 11.4067 8
      vertex -19.8634 8.22769 22.99
    endloop
  endfacet
  facet normal -0.342486 -0.875047 0.342047
    outer loop
      vertex 11.3153 12.7955 8
      vertex 8.22769 19.8634 22.99
      vertex 7.44152 20.1711 22.99
    endloop
  endfacet
  facet normal -0.306237 -0.883129 0.355391
    outer loop
      vertex 11.3153 12.7955 8
      vertex 7.44152 20.1711 22.99
      vertex 6.64386 20.4477 22.99
    endloop
  endfacet
  facet normal 0.305524 -0.883259 0.35568
    outer loop
      vertex -11.2225 12.8276 8
      vertex -6.64386 20.4477 22.99
      vertex -11.3153 12.7955 8
    endloop
  endfacet
  facet normal 0.875047 -0.342486 0.342047
    outer loop
      vertex -12.7955 11.3153 8
      vertex -19.8634 8.22769 22.99
      vertex -20.1711 7.44152 22.99
    endloop
  endfacet
  facet normal 0.84222 -0.539134 0
    outer loop
      vertex -18.3318 11.2337 23
      vertex -17.8766 11.9448 22.99
      vertex -17.8766 11.9448 23
    endloop
  endfacet
  facet normal 0.84222 -0.539134 0
    outer loop
      vertex -17.8766 11.9448 22.99
      vertex -18.3318 11.2337 23
      vertex -18.3318 11.2337 22.99
    endloop
  endfacet
  facet normal 0.805744 -0.515785 0.291107
    outer loop
      vertex -12.5816 11.7562 8
      vertex -17.8766 11.9448 22.99
      vertex -18.3318 11.2337 22.99
    endloop
  endfacet
  facet normal 0 0 -1
    outer loop
      vertex -12.6312 11.6716 8
      vertex -12.659 11.6196 8
      vertex -12.6498 11.6369 8
    endloop
  endfacet
  facet normal 0 0 1
    outer loop
      vertex -12.6312 11.6716 8
      vertex -12.6775 11.585 8
      vertex -12.659 11.6196 8
    endloop
  endfacet
  facet normal 0.838989 -0.448559 0.308047
    outer loop
      vertex -12.6775 11.585 8
      vertex -12.6312 11.6716 8
      vertex -19.1566 9.7608 22.99
    endloop
  endfacet
  facet normal 0.743175 -0.609936 0.275081
    outer loop
      vertex -12.4133 11.9977 8
      vertex -16.3487 13.9631 22.99
      vertex -16.8843 13.3105 22.99
    endloop
  endfacet
  facet normal -0.719363 0.638998 0.272394
    outer loop
      vertex 16.3487 -13.9631 22.99
      vertex 12.351 -12.0736 8
      vertex 12.2858 -12.147 8
    endloop
  endfacet
  facet normal -0.772996 0.634411 0
    outer loop
      vertex 16.3487 -13.9631 22.99
      vertex 16.8843 -13.3105 23
      vertex 16.8843 -13.3105 22.99
    endloop
  endfacet
  facet normal -0.772996 0.634411 0
    outer loop
      vertex 16.8843 -13.3105 23
      vertex 16.3487 -13.9631 22.99
      vertex 16.3487 -13.9631 23
    endloop
  endfacet
  facet normal -0.881969 0.471307 0
    outer loop
      vertex 18.7587 -10.5054 22.99
      vertex 19.1566 -9.7608 23
      vertex 19.1566 -9.7608 22.99
    endloop
  endfacet
  facet normal -0.881969 0.471307 0
    outer loop
      vertex 19.1566 -9.7608 23
      vertex 18.7587 -10.5054 22.99
      vertex 18.7587 -10.5054 23
    endloop
  endfacet
  facet normal -0.931215 0.364469 0
    outer loop
      vertex 19.8634 -8.22769 22.99
      vertex 20.1711 -7.44152 23
      vertex 20.1711 -7.44152 22.99
    endloop
  endfacet
  facet normal -0.931215 0.364469 0
    outer loop
      vertex 20.1711 -7.44152 23
      vertex 19.8634 -8.22769 22.99
      vertex 19.8634 -8.22769 23
    endloop
  endfacet
  facet normal -0.838977 0.448586 0.308039
    outer loop
      vertex 12.659 -11.6196 8
      vertex 19.1566 -9.7608 22.99
      vertex 12.6775 -11.585 8
    endloop
  endfacet
  facet normal -0.839811 0.446605 0.308646
    outer loop
      vertex 12.6498 -11.6369 8
      vertex 19.1566 -9.7608 22.99
      vertex 12.659 -11.6196 8
    endloop
  endfacet
  facet normal -0.83859 0.449504 0.307754
    outer loop
      vertex 19.1566 -9.7608 22.99
      vertex 12.6498 -11.6369 8
      vertex 12.6312 -11.6716 8
    endloop
  endfacet
  facet normal -0.874986 0.342719 0.34197
    outer loop
      vertex 19.8634 -8.22769 22.99
      vertex 12.7955 -11.3153 8
      vertex 12.7597 -11.4067 8
    endloop
  endfacet
  facet normal -0.899721 0.436465 0
    outer loop
      vertex 19.1566 -9.7608 22.99
      vertex 19.5251 -9.00118 23
      vertex 19.5251 -9.00118 22.99
    endloop
  endfacet
  facet normal -0.899721 0.436465 0
    outer loop
      vertex 19.5251 -9.00118 23
      vertex 19.1566 -9.7608 22.99
      vertex 19.1566 -9.7608 23
    endloop
  endfacet
  facet normal -0.797277 0.603614 0
    outer loop
      vertex 16.8843 -13.3105 22.99
      vertex 17.3939 -12.6374 23
      vertex 17.3939 -12.6374 22.99
    endloop
  endfacet
  facet normal -0.797277 0.603614 0
    outer loop
      vertex 17.3939 -12.6374 23
      vertex 16.8843 -13.3105 22.99
      vertex 16.8843 -13.3105 23
    endloop
  endfacet
  facet normal -0.956931 0.290316 0
    outer loop
      vertex 20.4477 -6.64386 22.99
      vertex 20.6928 -5.83597 23
      vertex 20.6928 -5.83597 22.99
    endloop
  endfacet
  facet normal -0.956931 0.290316 0
    outer loop
      vertex 20.6928 -5.83597 23
      vertex 20.4477 -6.64386 22.99
      vertex 20.4477 -6.64386 23
    endloop
  endfacet
  facet normal -0.892636 0.12385 0.433431
    outer loop
      vertex 21.2353 -3.36334 22.99
      vertex 12.9327 -10.7438 8
      vertex 12.9192 -10.8411 8
    endloop
  endfacet
  facet normal -0.894851 0.159332 0.41696
    outer loop
      vertex 21.2353 -3.36334 22.99
      vertex 12.9192 -10.8411 8
      vertex 12.902 -10.9377 8
    endloop
  endfacet
  facet normal -0.89505 0.19693 0.40013
    outer loop
      vertex 21.0869 -4.19444 22.99
      vertex 12.902 -10.9377 8
      vertex 12.8809 -11.0336 8
    endloop
  endfacet
  facet normal -0.895057 0.19635 0.400399
    outer loop
      vertex 20.906 -5.01907 22.99
      vertex 21.0869 -4.19444 22.99
      vertex 12.8809 -11.0336 8
    endloop
  endfacet
  facet normal -0.893153 0.233101 0.384633
    outer loop
      vertex 20.6928 -5.83597 22.99
      vertex 20.906 -5.01907 22.99
      vertex 12.8809 -11.0336 8
    endloop
  endfacet
  facet normal -0.894872 0.159787 0.416741
    outer loop
      vertex 21.0869 -4.19444 22.99
      vertex 21.2353 -3.36334 22.99
      vertex 12.902 -10.9377 8
    endloop
  endfacet
  facet normal -0.888271 0.0874336 0.450922
    outer loop
      vertex 21.351 -2.52705 22.99
      vertex 21.4337 -1.68687 22.99
      vertex 12.9423 -10.6461 8
    endloop
  endfacet
  facet normal -0.998266 0.0588689 0
    outer loop
      vertex 21.4337 -1.68687 22.99
      vertex 21.4834 -0.844086 23
      vertex 21.4834 -0.844086 22.99
    endloop
  endfacet
  facet normal -0.998266 0.0588689 0
    outer loop
      vertex 21.4834 -0.844086 23
      vertex 21.4337 -1.68687 22.99
      vertex 21.4337 -1.68687 23
    endloop
  endfacet
  facet normal -0.88193 -0.0520085 0.468503
    outer loop
      vertex 21.4834 0.844086 22.99
      vertex 21.4337 1.68687 22.99
      vertex 12.9423 10.6461 8
    endloop
  endfacet
  facet normal -0.233158 -0.893147 0.38461
    outer loop
      vertex 11.0336 12.8809 8
      vertex 11.1286 12.8561 8
      vertex 5.83597 20.6928 22.99
    endloop
  endfacet
  facet normal -0.269759 -0.889169 0.369607
    outer loop
      vertex 11.1286 12.8561 8
      vertex 6.64386 20.4477 22.99
      vertex 5.83597 20.6928 22.99
    endloop
  endfacet
  facet normal -0.638998 -0.719363 0.272394
    outer loop
      vertex 12.147 12.2858 8
      vertex 13.9631 16.3487 22.99
      vertex 12.0736 12.351 8
    endloop
  endfacet
  facet normal -0.639131 -0.71925 0.272379
    outer loop
      vertex 14.5942 15.7879 22.99
      vertex 13.9631 16.3487 22.99
      vertex 12.147 12.2858 8
    endloop
  endfacet
  facet normal -0.48264 -0.823213 0.298963
    outer loop
      vertex 11.6716 12.6312 8
      vertex 11.7562 12.5816 8
      vertex 11.2337 18.3318 22.99
    endloop
  endfacet
  facet normal -0.548332 -0.786399 0.284445
    outer loop
      vertex 11.9195 12.4725 8
      vertex 12.6374 17.3939 22.99
      vertex 11.8389 12.5287 8
    endloop
  endfacet
  facet normal -0.579595 -0.765613 0.279118
    outer loop
      vertex 11.9977 12.4133 8
      vertex 12.6374 17.3939 22.99
      vertex 11.9195 12.4725 8
    endloop
  endfacet
  facet normal 0 0 -1
    outer loop
      vertex 12.9384 10.6852 8
      vertex 12.9327 10.7438 8
      vertex 12.9365 10.7048 8
    endloop
  endfacet
  facet normal 0 0 1
    outer loop
      vertex 12.9423 10.6461 8
      vertex 12.9327 10.7438 8
      vertex 12.9384 10.6852 8
    endloop
  endfacet
  facet normal -0.888249 -0.0872794 0.450994
    outer loop
      vertex 12.9327 10.7438 8
      vertex 12.9423 10.6461 8
      vertex 21.351 2.52705 22.99
    endloop
  endfacet
  facet normal -0.765613 -0.579595 0.279118
    outer loop
      vertex 12.4725 11.9195 8
      vertex 17.3939 12.6374 22.99
      vertex 12.4133 11.9977 8
    endloop
  endfacet
  facet normal -0.786399 -0.548332 0.284445
    outer loop
      vertex 12.5287 11.8389 8
      vertex 17.3939 12.6374 22.99
      vertex 12.4725 11.9195 8
    endloop
  endfacet
  facet normal -0.823213 -0.48264 0.298963
    outer loop
      vertex 12.6312 11.6716 8
      vertex 18.3318 11.2337 22.99
      vertex 12.5816 11.7562 8
    endloop
  endfacet
  facet normal -0.874986 -0.342719 0.34197
    outer loop
      vertex 12.7955 11.3153 8
      vertex 19.8634 8.22769 22.99
      vertex 12.7597 11.4067 8
    endloop
  endfacet
  facet normal -0.889169 -0.269759 0.369607
    outer loop
      vertex 20.6928 5.83597 22.99
      vertex 20.4477 6.64386 22.99
      vertex 12.8561 11.1286 8
    endloop
  endfacet
  facet normal -0.956931 -0.290316 0
    outer loop
      vertex 20.6928 5.83597 22.99
      vertex 20.4477 6.64386 23
      vertex 20.4477 6.64386 22.99
    endloop
  endfacet
  facet normal -0.956931 -0.290316 0
    outer loop
      vertex 20.4477 6.64386 23
      vertex 20.6928 5.83597 22.99
      vertex 20.6928 5.83597 23
    endloop
  endfacet
  facet normal -0.894872 -0.159787 0.416741
    outer loop
      vertex 21.2353 3.36334 22.99
      vertex 21.0869 4.19444 22.99
      vertex 12.902 10.9377 8
    endloop
  endfacet
  facet normal -0.894851 -0.159332 0.41696
    outer loop
      vertex 12.9192 10.8411 8
      vertex 21.2353 3.36334 22.99
      vertex 12.902 10.9377 8
    endloop
  endfacet
  facet normal -0.610416 0.742795 0.27504
    outer loop
      vertex 12.0433 -12.3759 8
      vertex 13.9631 -16.3487 22.99
      vertex 12.0736 -12.351 8
    endloop
  endfacet
  facet normal -0.61068 0.742587 0.275019
    outer loop
      vertex 12.0281 -12.3884 8
      vertex 13.9631 -16.3487 22.99
      vertex 12.0433 -12.3759 8
    endloop
  endfacet
  facet normal -0.609198 0.743759 0.275137
    outer loop
      vertex 13.9631 -16.3487 22.99
      vertex 12.0281 -12.3884 8
      vertex 11.9977 -12.4133 8
    endloop
  endfacet
  facet normal 0.137044 0.990565 -0
    outer loop
      vertex -2.52705 -21.351 22.99
      vertex -3.36334 -21.2353 23
      vertex -2.52705 -21.351 23
    endloop
  endfacet
  facet normal 0.137044 0.990565 0
    outer loop
      vertex -3.36334 -21.2353 23
      vertex -2.52705 -21.351 22.99
      vertex -3.36334 -21.2353 22.99
    endloop
  endfacet
  facet normal 0.088616 0.888432 0.450372
    outer loop
      vertex -10.6852 -12.9384 8
      vertex -2.52705 -21.351 22.99
      vertex -10.6461 -12.9423 8
    endloop
  endfacet
  facet normal 0.0860896 0.888082 0.451551
    outer loop
      vertex -10.7048 -12.9365 8
      vertex -2.52705 -21.351 22.99
      vertex -10.6852 -12.9384 8
    endloop
  endfacet
  facet normal 0.0865372 0.888145 0.451342
    outer loop
      vertex -2.52705 -21.351 22.99
      vertex -10.7048 -12.9365 8
      vertex -10.7438 -12.9327 8
    endloop
  endfacet
  facet normal 0.19693 0.89505 0.40013
    outer loop
      vertex -4.19444 -21.0869 22.99
      vertex -10.9377 -12.902 8
      vertex -11.0336 -12.8809 8
    endloop
  endfacet
  facet normal 0.0171807 0.873615 0.486314
    outer loop
      vertex -0.844086 -21.4834 22.99
      vertex 0 -21.5 22.99
      vertex -10.5481 -12.9481 8
    endloop
  endfacet
  facet normal 0.0521983 0.881972 0.468403
    outer loop
      vertex -0.844086 -21.4834 22.99
      vertex -10.5481 -12.9481 8
      vertex -10.6461 -12.9423 8
    endloop
  endfacet
  facet normal -0.0520085 0.88193 0.468503
    outer loop
      vertex 1.68687 -21.4337 22.99
      vertex 10.6461 -12.9423 8
      vertex 0.844086 -21.4834 22.99
    endloop
  endfacet
  facet normal -0.0521983 0.881972 0.468403
    outer loop
      vertex 10.6461 -12.9423 8
      vertex 10.5481 -12.9481 8
      vertex 0.844086 -21.4834 22.99
    endloop
  endfacet
  facet normal -0.19693 0.89505 0.40013
    outer loop
      vertex 11.0336 -12.8809 8
      vertex 10.9377 -12.902 8
      vertex 4.19444 -21.0869 22.99
    endloop
  endfacet
  facet normal -0.159787 0.894872 0.416741
    outer loop
      vertex 4.19444 -21.0869 22.99
      vertex 10.9377 -12.902 8
      vertex 3.36334 -21.2353 22.99
    endloop
  endfacet
  facet normal -0.0874336 0.888271 0.450922
    outer loop
      vertex 2.52705 -21.351 22.99
      vertex 10.6461 -12.9423 8
      vertex 1.68687 -21.4337 22.99
    endloop
  endfacet
  facet normal -0.214276 0.976773 0
    outer loop
      vertex 5.01907 -20.906 22.99
      vertex 4.19444 -21.0869 23
      vertex 5.01907 -20.906 23
    endloop
  endfacet
  facet normal -0.214276 0.976773 0
    outer loop
      vertex 4.19444 -21.0869 23
      vertex 5.01907 -20.906 22.99
      vertex 4.19444 -21.0869 22.99
    endloop
  endfacet
  facet normal -0.364469 0.931215 0
    outer loop
      vertex 8.22769 -19.8634 22.99
      vertex 7.44152 -20.1711 23
      vertex 8.22769 -19.8634 23
    endloop
  endfacet
  facet normal -0.364469 0.931215 0
    outer loop
      vertex 7.44152 -20.1711 23
      vertex 8.22769 -19.8634 22.99
      vertex 7.44152 -20.1711 22.99
    endloop
  endfacet
  facet normal 0.252528 0.96759 -0
    outer loop
      vertex -5.01907 -20.906 22.99
      vertex -5.83597 -20.6928 23
      vertex -5.01907 -20.906 23
    endloop
  endfacet
  facet normal 0.252528 0.96759 0
    outer loop
      vertex -5.83597 -20.6928 23
      vertex -5.01907 -20.906 22.99
      vertex -5.83597 -20.6928 22.99
    endloop
  endfacet
  facet normal 0.233101 0.893153 0.384633
    outer loop
      vertex -5.83597 -20.6928 22.99
      vertex -5.01907 -20.906 22.99
      vertex -11.0336 -12.8809 8
    endloop
  endfacet
  facet normal 0.305524 0.883259 0.35568
    outer loop
      vertex -6.64386 -20.4477 22.99
      vertex -11.2225 -12.8276 8
      vertex -11.3153 -12.7955 8
    endloop
  endfacet
  facet normal 0.306237 0.883129 0.355391
    outer loop
      vertex -7.44152 -20.1711 22.99
      vertex -6.64386 -20.4477 22.99
      vertex -11.3153 -12.7955 8
    endloop
  endfacet
  facet normal 0.342719 0.874986 0.34197
    outer loop
      vertex -8.22769 -19.8634 22.99
      vertex -11.3153 -12.7955 8
      vertex -11.4067 -12.7597 8
    endloop
  endfacet
  facet normal 0.378315 0.86498 0.329678
    outer loop
      vertex -9.00118 -19.5251 22.99
      vertex -8.22769 -19.8634 22.99
      vertex -11.4966 -12.7204 8
    endloop
  endfacet
  facet normal 0.413764 0.852925 0.318305
    outer loop
      vertex -9.7608 -19.1566 22.99
      vertex -9.00118 -19.5251 22.99
      vertex -11.4966 -12.7204 8
    endloop
  endfacet
  facet normal 0.400718 0.916202 -0
    outer loop
      vertex -8.22769 -19.8634 22.99
      vertex -9.00118 -19.5251 23
      vertex -8.22769 -19.8634 23
    endloop
  endfacet
  facet normal 0.400718 0.916202 0
    outer loop
      vertex -9.00118 -19.5251 23
      vertex -8.22769 -19.8634 22.99
      vertex -9.00118 -19.5251 22.99
    endloop
  endfacet
  facet normal 0.786514 0.548152 0.284473
    outer loop
      vertex -17.3939 -12.6374 22.99
      vertex -12.5287 -11.8389 8
      vertex -17.8766 -11.9448 22.99
    endloop
  endfacet
  facet normal 0.82041 0.571776 0
    outer loop
      vertex -17.3939 -12.6374 23
      vertex -17.8766 -11.9448 22.99
      vertex -17.8766 -11.9448 23
    endloop
  endfacet
  facet normal 0.82041 0.571776 0
    outer loop
      vertex -17.8766 -11.9448 22.99
      vertex -17.3939 -12.6374 23
      vertex -17.3939 -12.6374 22.99
    endloop
  endfacet
  facet normal 0.786399 0.548332 0.284445
    outer loop
      vertex -12.4725 -11.9195 8
      vertex -12.5287 -11.8389 8
      vertex -17.3939 -12.6374 22.99
    endloop
  endfacet
  facet normal 0.505689 0.862716 -0
    outer loop
      vertex -10.5054 -18.7587 22.99
      vertex -11.2337 -18.3318 23
      vertex -10.5054 -18.7587 23
    endloop
  endfacet
  facet normal 0.505689 0.862716 0
    outer loop
      vertex -11.2337 -18.3318 23
      vertex -10.5054 -18.7587 22.99
      vertex -11.2337 -18.3318 22.99
    endloop
  endfacet
  facet normal 0.571776 0.82041 -0
    outer loop
      vertex -11.9448 -17.8766 22.99
      vertex -12.6374 -17.3939 23
      vertex -11.9448 -17.8766 23
    endloop
  endfacet
  facet normal 0.571776 0.82041 0
    outer loop
      vertex -12.6374 -17.3939 23
      vertex -11.9448 -17.8766 22.99
      vertex -12.6374 -17.3939 22.99
    endloop
  endfacet
  facet normal 0.579625 0.765592 0.279112
    outer loop
      vertex -12.6374 -17.3939 22.99
      vertex -11.9977 -12.4133 8
      vertex -13.3105 -16.8843 22.99
    endloop
  endfacet
  facet normal 0.448586 0.838977 0.308039
    outer loop
      vertex -11.6196 -12.659 8
      vertex -9.7608 -19.1566 22.99
      vertex -11.585 -12.6775 8
    endloop
  endfacet
  facet normal 0.446605 0.839811 0.308646
    outer loop
      vertex -11.6369 -12.6498 8
      vertex -9.7608 -19.1566 22.99
      vertex -11.6196 -12.659 8
    endloop
  endfacet
  facet normal 0.449504 0.83859 0.307754
    outer loop
      vertex -9.7608 -19.1566 22.99
      vertex -11.6369 -12.6498 8
      vertex -11.6716 -12.6312 8
    endloop
  endfacet
  facet normal 0.666771 0.694227 0.271046
    outer loop
      vertex -12.147 -12.2858 8
      vertex -12.2178 -12.2178 8
      vertex -14.5942 -15.7879 22.99
    endloop
  endfacet
  facet normal 0.772996 0.634411 0
    outer loop
      vertex -16.3487 -13.9631 23
      vertex -16.8843 -13.3105 22.99
      vertex -16.8843 -13.3105 23
    endloop
  endfacet
  facet normal 0.772996 0.634411 0
    outer loop
      vertex -16.8843 -13.3105 22.99
      vertex -16.3487 -13.9631 23
      vertex -16.3487 -13.9631 22.99
    endloop
  endfacet
  facet normal 0.71925 0.639131 0.272379
    outer loop
      vertex -15.7879 -14.5942 22.99
      vertex -12.2858 -12.147 8
      vertex -16.3487 -13.9631 22.99
    endloop
  endfacet
  facet normal 0.719363 0.638998 0.272394
    outer loop
      vertex -12.2858 -12.147 8
      vertex -12.351 -12.0736 8
      vertex -16.3487 -13.9631 22.99
    endloop
  endfacet
  facet normal 0.720888 0.693052 0
    outer loop
      vertex -15.2028 -15.2028 23
      vertex -15.7879 -14.5942 22.99
      vertex -15.7879 -14.5942 23
    endloop
  endfacet
  facet normal 0.720888 0.693052 0
    outer loop
      vertex -15.7879 -14.5942 22.99
      vertex -15.2028 -15.2028 23
      vertex -15.2028 -15.2028 22.99
    endloop
  endfacet
  facet normal 0.899721 0.436465 0
    outer loop
      vertex -19.1566 -9.7608 23
      vertex -19.5251 -9.00118 22.99
      vertex -19.5251 -9.00118 23
    endloop
  endfacet
  facet normal 0.899721 0.436465 0
    outer loop
      vertex -19.5251 -9.00118 22.99
      vertex -19.1566 -9.7608 23
      vertex -19.1566 -9.7608 22.99
    endloop
  endfacet
  facet normal 0.852925 0.413764 0.318305
    outer loop
      vertex -19.1566 -9.7608 22.99
      vertex -12.7204 -11.4966 8
      vertex -19.5251 -9.00118 22.99
    endloop
  endfacet
  facet normal 0.86498 0.378315 0.329678
    outer loop
      vertex -19.5251 -9.00118 22.99
      vertex -12.7204 -11.4966 8
      vertex -19.8634 -8.22769 22.99
    endloop
  endfacet
  facet normal 0.839064 0.44838 0.308103
    outer loop
      vertex -18.7587 -10.5054 22.99
      vertex -12.6312 -11.6716 8
      vertex -19.1566 -9.7608 22.99
    endloop
  endfacet
  facet normal 0.838977 0.448586 0.308039
    outer loop
      vertex -19.1566 -9.7608 22.99
      vertex -12.659 -11.6196 8
      vertex -12.6775 -11.585 8
    endloop
  endfacet
  facet normal 0.839811 0.446605 0.308646
    outer loop
      vertex -19.1566 -9.7608 22.99
      vertex -12.6498 -11.6369 8
      vertex -12.659 -11.6196 8
    endloop
  endfacet
  facet normal 0.83859 0.449504 0.307754
    outer loop
      vertex -12.6498 -11.6369 8
      vertex -19.1566 -9.7608 22.99
      vertex -12.6312 -11.6716 8
    endloop
  endfacet
  facet normal 0.862716 0.505689 0
    outer loop
      vertex -18.3318 -11.2337 23
      vertex -18.7587 -10.5054 22.99
      vertex -18.7587 -10.5054 23
    endloop
  endfacet
  facet normal 0.862716 0.505689 0
    outer loop
      vertex -18.7587 -10.5054 22.99
      vertex -18.3318 -11.2337 23
      vertex -18.3318 -11.2337 22.99
    endloop
  endfacet
  facet normal 0.875047 0.342486 0.342047
    outer loop
      vertex -19.8634 -8.22769 22.99
      vertex -12.7955 -11.3153 8
      vertex -20.1711 -7.44152 22.99
    endloop
  endfacet
  facet normal 0.883129 0.306237 0.355391
    outer loop
      vertex -20.1711 -7.44152 22.99
      vertex -12.7955 -11.3153 8
      vertex -20.4477 -6.64386 22.99
    endloop
  endfacet
  facet normal 0.931215 0.364469 0
    outer loop
      vertex -19.8634 -8.22769 23
      vertex -20.1711 -7.44152 22.99
      vertex -20.1711 -7.44152 23
    endloop
  endfacet
  facet normal 0.931215 0.364469 0
    outer loop
      vertex -20.1711 -7.44152 22.99
      vertex -19.8634 -8.22769 23
      vertex -19.8634 -8.22769 22.99
    endloop
  endfacet
  facet normal 0.96759 0.252528 0
    outer loop
      vertex -20.6928 -5.83597 23
      vertex -20.906 -5.01907 22.99
      vertex -20.906 -5.01907 23
    endloop
  endfacet
  facet normal 0.96759 0.252528 0
    outer loop
      vertex -20.906 -5.01907 22.99
      vertex -20.6928 -5.83597 23
      vertex -20.6928 -5.83597 22.99
    endloop
  endfacet
  facet normal 0.98443 0.175778 0
    outer loop
      vertex -21.0869 -4.19444 23
      vertex -21.2353 -3.36334 22.99
      vertex -21.2353 -3.36334 23
    endloop
  endfacet
  facet normal 0.98443 0.175778 0
    outer loop
      vertex -21.2353 -3.36334 22.99
      vertex -21.0869 -4.19444 23
      vertex -21.0869 -4.19444 22.99
    endloop
  endfacet
  facet normal 0 0 -1
    outer loop
      vertex -12.9327 10.7438 8
      vertex -12.9384 10.6852 8
      vertex -12.9365 10.7048 8
    endloop
  endfacet
  facet normal 0 0 1
    outer loop
      vertex -12.9327 10.7438 8
      vertex -12.9423 10.6461 8
      vertex -12.9384 10.6852 8
    endloop
  endfacet
  facet normal 0.888249 -0.0872794 0.450994
    outer loop
      vertex -12.9423 10.6461 8
      vertex -12.9327 10.7438 8
      vertex -21.351 2.52705 22.99
    endloop
  endfacet
  facet normal 0.888271 -0.0874336 0.450922
    outer loop
      vertex -12.9423 10.6461 8
      vertex -21.351 2.52705 22.99
      vertex -21.4337 1.68687 22.99
    endloop
  endfacet
  facet normal 0.786399 -0.548332 0.284445
    outer loop
      vertex -12.5287 11.8389 8
      vertex -12.4725 11.9195 8
      vertex -17.3939 12.6374 22.99
    endloop
  endfacet
  facet normal 0.719363 -0.638998 0.272394
    outer loop
      vertex -12.351 12.0736 8
      vertex -12.2858 12.147 8
      vertex -16.3487 13.9631 22.99
    endloop
  endfacet
  facet normal 0.71925 -0.639131 0.272379
    outer loop
      vertex -12.2858 12.147 8
      vertex -15.7879 14.5942 22.99
      vertex -16.3487 13.9631 22.99
    endloop
  endfacet
  facet normal -0.765613 0.579595 0.279118
    outer loop
      vertex 17.3939 -12.6374 22.99
      vertex 12.4725 -11.9195 8
      vertex 12.4133 -11.9977 8
    endloop
  endfacet
  facet normal -0.765592 0.579625 0.279112
    outer loop
      vertex 16.8843 -13.3105 22.99
      vertex 17.3939 -12.6374 22.99
      vertex 12.4133 -11.9977 8
    endloop
  endfacet
  facet normal -0.71925 0.639131 0.272379
    outer loop
      vertex 15.7879 -14.5942 22.99
      vertex 16.3487 -13.9631 22.99
      vertex 12.2858 -12.147 8
    endloop
  endfacet
  facet normal -0.694227 0.666771 0.271046
    outer loop
      vertex 15.7879 -14.5942 22.99
      vertex 12.2858 -12.147 8
      vertex 12.2178 -12.2178 8
    endloop
  endfacet
  facet normal -0.805744 0.515785 0.291107
    outer loop
      vertex 17.8766 -11.9448 22.99
      vertex 18.3318 -11.2337 22.99
      vertex 12.5816 -11.7562 8
    endloop
  endfacet
  facet normal -0.805903 0.515505 0.29116
    outer loop
      vertex 17.8766 -11.9448 22.99
      vertex 12.5816 -11.7562 8
      vertex 12.5287 -11.8389 8
    endloop
  endfacet
  facet normal -0.883259 0.305524 0.35568
    outer loop
      vertex 20.4477 -6.64386 22.99
      vertex 12.8276 -11.2225 8
      vertex 12.7955 -11.3153 8
    endloop
  endfacet
  facet normal -0.883129 0.306237 0.355391
    outer loop
      vertex 20.1711 -7.44152 22.99
      vertex 20.4477 -6.64386 22.99
      vertex 12.7955 -11.3153 8
    endloop
  endfacet
  facet normal -0.86498 0.378315 0.329678
    outer loop
      vertex 19.5251 -9.00118 22.99
      vertex 19.8634 -8.22769 22.99
      vertex 12.7204 -11.4966 8
    endloop
  endfacet
  facet normal -0.852925 0.413764 0.318305
    outer loop
      vertex 19.1566 -9.7608 22.99
      vertex 19.5251 -9.00118 22.99
      vertex 12.7204 -11.4966 8
    endloop
  endfacet
  facet normal -0.916202 0.400718 0
    outer loop
      vertex 19.5251 -9.00118 22.99
      vertex 19.8634 -8.22769 23
      vertex 19.8634 -8.22769 22.99
    endloop
  endfacet
  facet normal -0.916202 0.400718 0
    outer loop
      vertex 19.8634 -8.22769 23
      vertex 19.5251 -9.00118 22.99
      vertex 19.5251 -9.00118 23
    endloop
  endfacet
  facet normal -0.82041 0.571776 0
    outer loop
      vertex 17.3939 -12.6374 22.99
      vertex 17.8766 -11.9448 23
      vertex 17.8766 -11.9448 22.99
    endloop
  endfacet
  facet normal -0.82041 0.571776 0
    outer loop
      vertex 17.8766 -11.9448 23
      vertex 17.3939 -12.6374 22.99
      vertex 17.3939 -12.6374 23
    endloop
  endfacet
  facet normal -0.893147 0.233158 0.38461
    outer loop
      vertex 20.6928 -5.83597 22.99
      vertex 12.8809 -11.0336 8
      vertex 12.8561 -11.1286 8
    endloop
  endfacet
  facet normal -0.98443 0.175778 0
    outer loop
      vertex 21.0869 -4.19444 22.99
      vertex 21.2353 -3.36334 23
      vertex 21.2353 -3.36334 22.99
    endloop
  endfacet
  facet normal -0.98443 0.175778 0
    outer loop
      vertex 21.2353 -3.36334 23
      vertex 21.0869 -4.19444 22.99
      vertex 21.0869 -4.19444 23
    endloop
  endfacet
  facet normal -0.995191 0.0979579 0
    outer loop
      vertex 21.351 -2.52705 22.99
      vertex 21.4337 -1.68687 23
      vertex 21.4337 -1.68687 22.99
    endloop
  endfacet
  facet normal -0.995191 0.0979579 0
    outer loop
      vertex 21.4337 -1.68687 23
      vertex 21.351 -2.52705 22.99
      vertex 21.351 -2.52705 23
    endloop
  endfacet
  facet normal -0.269596 -0.889193 0.369668
    outer loop
      vertex 11.1662 12.8447 8
      vertex 6.64386 20.4477 22.99
      vertex 11.1286 12.8561 8
    endloop
  endfacet
  facet normal -0.269596 -0.889193 0.369668
    outer loop
      vertex 11.185 12.839 8
      vertex 6.64386 20.4477 22.99
      vertex 11.1662 12.8447 8
    endloop
  endfacet
  facet normal -0.270284 -0.889092 0.369409
    outer loop
      vertex 6.64386 20.4477 22.99
      vertex 11.185 12.839 8
      vertex 11.2225 12.8276 8
    endloop
  endfacet
  facet normal -0.883259 -0.305524 0.35568
    outer loop
      vertex 12.8276 11.2225 8
      vertex 20.4477 6.64386 22.99
      vertex 12.7955 11.3153 8
    endloop
  endfacet
  facet normal -0.893153 -0.233101 0.384633
    outer loop
      vertex 20.906 5.01907 22.99
      vertex 20.6928 5.83597 22.99
      vertex 12.8809 11.0336 8
    endloop
  endfacet
  facet normal -0.895057 -0.19635 0.400399
    outer loop
      vertex 21.0869 4.19444 22.99
      vertex 20.906 5.01907 22.99
      vertex 12.8809 11.0336 8
    endloop
  endfacet
  facet normal -0.634411 0.772996 0
    outer loop
      vertex 13.9631 -16.3487 22.99
      vertex 13.3105 -16.8843 23
      vertex 13.9631 -16.3487 23
    endloop
  endfacet
  facet normal -0.634411 0.772996 0
    outer loop
      vertex 13.3105 -16.8843 23
      vertex 13.9631 -16.3487 22.99
      vertex 13.3105 -16.8843 22.99
    endloop
  endfacet
  facet normal -0.579595 0.765613 0.279118
    outer loop
      vertex 12.6374 -17.3939 22.99
      vertex 11.9977 -12.4133 8
      vertex 11.9195 -12.4725 8
    endloop
  endfacet
  facet normal -0.638998 0.719363 0.272394
    outer loop
      vertex 13.9631 -16.3487 22.99
      vertex 12.147 -12.2858 8
      vertex 12.0736 -12.351 8
    endloop
  endfacet
  facet normal 0.12385 0.892636 0.433431
    outer loop
      vertex -3.36334 -21.2353 22.99
      vertex -10.7438 -12.9327 8
      vertex -10.8411 -12.9192 8
    endloop
  endfacet
  facet normal 0.0979579 0.995191 -0
    outer loop
      vertex -1.68687 -21.4337 22.99
      vertex -2.52705 -21.351 23
      vertex -1.68687 -21.4337 23
    endloop
  endfacet
  facet normal 0.0979579 0.995191 0
    outer loop
      vertex -2.52705 -21.351 23
      vertex -1.68687 -21.4337 22.99
      vertex -2.52705 -21.351 22.99
    endloop
  endfacet
  facet normal 0.0196624 0.999807 -0
    outer loop
      vertex 0 -21.5 22.99
      vertex -0.844086 -21.4834 23
      vertex 0 -21.5 23
    endloop
  endfacet
  facet normal 0.0196624 0.999807 0
    outer loop
      vertex -0.844086 -21.4834 23
      vertex 0 -21.5 22.99
      vertex -0.844086 -21.4834 22.99
    endloop
  endfacet
  facet normal 0 0.868635 0.495452
    outer loop
      vertex 0 -21.5 22.99
      vertex 10.45 -12.95 8
      vertex -10.45 -12.95 8
    endloop
  endfacet
  facet normal -0.0169187 0.873541 0.486456
    outer loop
      vertex 10.5481 -12.9481 8
      vertex 10.45 -12.95 8
      vertex 0 -21.5 22.99
    endloop
  endfacet
  facet normal -0.0865372 0.888145 0.451342
    outer loop
      vertex 10.7048 -12.9365 8
      vertex 2.52705 -21.351 22.99
      vertex 10.7438 -12.9327 8
    endloop
  endfacet
  facet normal -0.0860896 0.888082 0.451551
    outer loop
      vertex 10.6852 -12.9384 8
      vertex 2.52705 -21.351 22.99
      vertex 10.7048 -12.9365 8
    endloop
  endfacet
  facet normal -0.088616 0.888432 0.450372
    outer loop
      vertex 2.52705 -21.351 22.99
      vertex 10.6852 -12.9384 8
      vertex 10.6461 -12.9423 8
    endloop
  endfacet
  facet normal -0.342719 0.874986 0.34197
    outer loop
      vertex 11.4067 -12.7597 8
      vertex 11.3153 -12.7955 8
      vertex 8.22769 -19.8634 22.99
    endloop
  endfacet
  facet normal -0.378315 0.86498 0.329678
    outer loop
      vertex 9.00118 -19.5251 22.99
      vertex 11.4966 -12.7204 8
      vertex 8.22769 -19.8634 22.99
    endloop
  endfacet
  facet normal -0.305524 0.883259 0.35568
    outer loop
      vertex 11.3153 -12.7955 8
      vertex 11.2225 -12.8276 8
      vertex 6.64386 -20.4477 22.99
    endloop
  endfacet
  facet normal -0.270284 0.889092 0.369409
    outer loop
      vertex 11.185 -12.839 8
      vertex 6.64386 -20.4477 22.99
      vertex 11.2225 -12.8276 8
    endloop
  endfacet
  facet normal -0.269596 0.889193 0.369668
    outer loop
      vertex 11.1662 -12.8447 8
      vertex 6.64386 -20.4477 22.99
      vertex 11.185 -12.839 8
    endloop
  endfacet
  facet normal -0.269596 0.889193 0.369668
    outer loop
      vertex 6.64386 -20.4477 22.99
      vertex 11.1662 -12.8447 8
      vertex 11.1286 -12.8561 8
    endloop
  endfacet
  facet normal 0.269596 0.889193 0.369668
    outer loop
      vertex -11.1662 -12.8447 8
      vertex -6.64386 -20.4477 22.99
      vertex -11.1286 -12.8561 8
    endloop
  endfacet
  facet normal 0.269596 0.889193 0.369668
    outer loop
      vertex -11.185 -12.839 8
      vertex -6.64386 -20.4477 22.99
      vertex -11.1662 -12.8447 8
    endloop
  endfacet
  facet normal 0.270284 0.889092 0.369409
    outer loop
      vertex -6.64386 -20.4477 22.99
      vertex -11.185 -12.839 8
      vertex -11.2225 -12.8276 8
    endloop
  endfacet
  facet normal 0.327626 0.944808 -0
    outer loop
      vertex -6.64386 -20.4477 22.99
      vertex -7.44152 -20.1711 23
      vertex -6.64386 -20.4477 23
    endloop
  endfacet
  facet normal 0.327626 0.944808 0
    outer loop
      vertex -7.44152 -20.1711 23
      vertex -6.64386 -20.4477 22.99
      vertex -7.44152 -20.1711 22.99
    endloop
  endfacet
  facet normal 0.765613 0.579595 0.279118
    outer loop
      vertex -12.4133 -11.9977 8
      vertex -12.4725 -11.9195 8
      vertex -17.3939 -12.6374 22.99
    endloop
  endfacet
  facet normal 0.990565 -0.137044 0
    outer loop
      vertex -21.351 2.52705 23
      vertex -21.2353 3.36334 22.99
      vertex -21.2353 3.36334 23
    endloop
  endfacet
  facet normal 0.990565 -0.137044 0
    outer loop
      vertex -21.2353 3.36334 22.99
      vertex -21.351 2.52705 23
      vertex -21.351 2.52705 22.99
    endloop
  endfacet
  facet normal 0.694227 -0.666771 0.271046
    outer loop
      vertex -12.2858 12.147 8
      vertex -12.2178 12.2178 8
      vertex -15.7879 14.5942 22.99
    endloop
  endfacet
  facet normal -0.786399 0.548332 0.284445
    outer loop
      vertex 17.3939 -12.6374 22.99
      vertex 12.5287 -11.8389 8
      vertex 12.4725 -11.9195 8
    endloop
  endfacet
  facet normal 0.159332 0.894851 0.41696
    outer loop
      vertex -3.36334 -21.2353 22.99
      vertex -10.8411 -12.9192 8
      vertex -10.9377 -12.902 8
    endloop
  endfacet
  facet normal -0.12385 0.892636 0.433431
    outer loop
      vertex 10.8411 -12.9192 8
      vertex 10.7438 -12.9327 8
      vertex 3.36334 -21.2353 22.99
    endloop
  endfacet
  facet normal -0.123491 0.892607 0.433592
    outer loop
      vertex 3.36334 -21.2353 22.99
      vertex 10.7438 -12.9327 8
      vertex 2.52705 -21.351 22.99
    endloop
  endfacet
  facet normal -0.37815 0.865029 0.329738
    outer loop
      vertex 11.4966 -12.7204 8
      vertex 11.4067 -12.7597 8
      vertex 8.22769 -19.8634 22.99
    endloop
  endfacet
  facet normal 0.548152 0.786514 0.284473
    outer loop
      vertex -11.9448 -17.8766 22.99
      vertex -11.8389 -12.5287 8
      vertex -12.6374 -17.3939 22.99
    endloop
  endfacet
  facet normal 0.609198 0.743759 0.275137
    outer loop
      vertex -12.0281 -12.3884 8
      vertex -13.9631 -16.3487 22.99
      vertex -11.9977 -12.4133 8
    endloop
  endfacet
  facet normal 0.61068 0.742587 0.275019
    outer loop
      vertex -12.0433 -12.3759 8
      vertex -13.9631 -16.3487 22.99
      vertex -12.0281 -12.3884 8
    endloop
  endfacet
  facet normal 0.610416 0.742795 0.27504
    outer loop
      vertex -13.9631 -16.3487 22.99
      vertex -12.0433 -12.3759 8
      vertex -12.0736 -12.351 8
    endloop
  endfacet
  facet normal 0.515785 0.805744 0.291107
    outer loop
      vertex -11.2337 -18.3318 22.99
      vertex -11.7562 -12.5816 8
      vertex -11.9448 -17.8766 22.99
    endloop
  endfacet
  facet normal 0.515505 0.805903 0.29116
    outer loop
      vertex -11.7562 -12.5816 8
      vertex -11.8389 -12.5287 8
      vertex -11.9448 -17.8766 22.99
    endloop
  endfacet
  facet normal 0.579595 0.765613 0.279118
    outer loop
      vertex -11.9195 -12.4725 8
      vertex -11.9977 -12.4133 8
      vertex -12.6374 -17.3939 22.99
    endloop
  endfacet
  facet normal -0.965474 0.0950329 0.242544
    outer loop
      vertex 47.9652 -5.67706 130.175
      vertex 21.4337 -1.68687 23
      vertex 21.351 -2.52705 23
    endloop
  endfacet
  facet normal -0.969954 -0.0190282 0.242545
    outer loop
      vertex 48.3 0 130.175
      vertex 48.2628 1.89625 130.175
      vertex 21.5 0 23
    endloop
  endfacet
  facet normal -0.969952 -0.0190753 0.242546
    outer loop
      vertex 21.5 0 23
      vertex 48.2628 1.89625 130.175
      vertex 21.4834 0.844086 23
    endloop
  endfacet
  facet normal -0.969952 0.0190753 0.242546
    outer loop
      vertex 48.2628 -1.89625 130.175
      vertex 21.5 0 23
      vertex 21.4834 -0.844086 23
    endloop
  endfacet
  facet normal 0.968456 0.0571359 0.242545
    outer loop
      vertex -48.1511 -3.78957 130.175
      vertex -21.4834 -0.844086 23
      vertex -48.2628 -1.89625 130.175
    endloop
  endfacet
  facet normal 0.0571359 -0.968456 0.242545
    outer loop
      vertex -0.844086 21.4834 23
      vertex -1.89625 48.2628 130.175
      vertex -3.78957 48.1511 130.175
    endloop
  endfacet
  facet normal -0.0190753 0.969952 0.242546
    outer loop
      vertex 1.89625 -48.2628 130.175
      vertex 0.844086 -21.4834 23
      vertex 0 -21.5 23
    endloop
  endfacet
  facet normal -0.699362 0.672357 0.242545
    outer loop
      vertex 34.1533 -34.1533 130.175
      vertex 15.7879 -14.5942 23
      vertex 15.2028 -15.2028 23
    endloop
  endfacet
  facet normal 0.644412 0.725193 0.242545
    outer loop
      vertex -13.9631 -16.3487 23
      vertex -14.5942 -15.7879 23
      vertex -32.7861 -35.4678 130.175
    endloop
  endfacet
  facet normal -0.903416 0.353571 0.242545
    outer loop
      vertex 44.6234 -18.4836 130.175
      vertex 45.3146 -16.7175 130.175
      vertex 19.8634 -8.22769 23
    endloop
  endfacet
  facet normal -0.916596 0.317842 0.242545
    outer loop
      vertex 45.3146 -16.7175 130.175
      vertex 45.936 -14.9255 130.175
      vertex 20.4477 -6.64386 23
    endloop
  endfacet
  facet normal -0.317842 0.916596 0.242545
    outer loop
      vertex 14.9255 -45.936 130.175
      vertex 16.7175 -45.3146 130.175
      vertex 6.64386 -20.4477 23
    endloop
  endfacet
  facet normal 0.749928 0.615451 0.242545
    outer loop
      vertex -36.7276 -31.3683 130.175
      vertex -16.3487 -13.9631 23
      vertex -37.9308 -29.9022 130.175
    endloop
  endfacet
  facet normal 0.0950896 0.965469 0.242545
    outer loop
      vertex -3.78957 -48.1511 130.175
      vertex -1.68687 -21.4337 23
      vertex -5.67706 -47.9652 130.175
    endloop
  endfacet
  facet normal -0.855634 -0.457234 0.242544
    outer loop
      vertex 19.1566 9.7608 23
      vertex 42.1416 23.6004 130.175
      vertex 18.7587 10.5054 23
    endloop
  endfacet
  facet normal -0.968458 0.0571111 0.242545
    outer loop
      vertex 48.1511 -3.78957 130.175
      vertex 21.4834 -0.844086 23
      vertex 21.4337 -1.68687 23
    endloop
  endfacet
  facet normal -0.969954 0.0190282 0.242545
    outer loop
      vertex 48.2628 -1.89625 130.175
      vertex 48.3 0 130.175
      vertex 21.5 0 23
    endloop
  endfacet
  facet normal -0.955033 0.170538 0.242544
    outer loop
      vertex 47.3719 -9.42286 130.175
      vertex 47.7053 -7.55578 130.175
      vertex 21.2353 -3.36334 23
    endloop
  endfacet
  facet normal -0.960988 0.132942 0.242545
    outer loop
      vertex 47.7053 -7.55578 130.175
      vertex 47.9652 -5.67706 130.175
      vertex 21.2353 -3.36334 23
    endloop
  endfacet
  facet normal -0.916596 0.317843 0.242545
    outer loop
      vertex 45.3146 -16.7175 130.175
      vertex 20.4477 -6.64386 23
      vertex 20.1711 -7.44152 23
    endloop
  endfacet
  facet normal -0.817068 0.52304 0.242545
    outer loop
      vertex 40.16 -26.834 130.175
      vertex 41.1825 -25.2367 130.175
      vertex 17.8766 -11.9448 23
    endloop
  endfacet
  facet normal -0.855634 0.457234 0.242544
    outer loop
      vertex 42.1416 -23.6004 130.175
      vertex 19.1566 -9.7608 23
      vertex 18.7587 -10.5054 23
    endloop
  endfacet
  facet normal 0.888828 0.388789 0.242545
    outer loop
      vertex -43.8633 -20.2213 130.175
      vertex -19.5251 -9.00118 23
      vertex -44.6234 -18.4836 130.175
    endloop
  endfacet
  facet normal 0.928358 0.281643 0.242545
    outer loop
      vertex -45.936 -14.9255 130.175
      vertex -20.4477 -6.64386 23
      vertex -46.4866 -13.1106 130.175
    endloop
  endfacet
  facet normal 0.749914 0.615468 0.242545
    outer loop
      vertex -16.3487 -13.9631 23
      vertex -16.8843 -13.3105 23
      vertex -37.9308 -29.9022 130.175
    endloop
  endfacet
  facet normal 0.554703 0.795913 0.242544
    outer loop
      vertex -11.9448 -17.8766 23
      vertex -12.6374 -17.3939 23
      vertex -28.39 -39.0755 130.175
    endloop
  endfacet
  facet normal 0.0190753 0.969952 0.242546
    outer loop
      vertex 0 -21.5 23
      vertex -0.844086 -21.4834 23
      vertex -1.89625 -48.2628 130.175
    endloop
  endfacet
  facet normal -0.281643 -0.928358 0.242545
    outer loop
      vertex 14.9255 45.936 130.175
      vertex 13.1106 46.4866 130.175
      vertex 6.64386 20.4477 23
    endloop
  endfacet
  facet normal -0.773471 -0.58559 0.242544
    outer loop
      vertex 17.3939 12.6374 23
      vertex 39.0755 28.39 130.175
      vertex 16.8843 13.3105 23
    endloop
  endfacet
  facet normal 0.317842 -0.916596 0.242545
    outer loop
      vertex -6.64386 20.4477 23
      vertex -14.9255 45.936 130.175
      vertex -16.7175 45.3146 130.175
    endloop
  endfacet
  facet normal 0.644393 -0.72521 0.242545
    outer loop
      vertex -13.9631 16.3487 23
      vertex -31.3683 36.7276 130.175
      vertex -32.7861 35.4678 130.175
    endloop
  endfacet
  facet normal 0.725193 -0.644412 0.242545
    outer loop
      vertex -16.3487 13.9631 23
      vertex -15.7879 14.5942 23
      vertex -35.4678 32.7861 130.175
    endloop
  endfacet
  facet normal 0.872875 -0.423393 0.242545
    outer loop
      vertex -19.1566 9.7608 23
      vertex -43.0356 21.9277 130.175
      vertex -43.8633 20.2213 130.175
    endloop
  endfacet
  facet normal -0.968456 0.0571359 0.242545
    outer loop
      vertex 48.1511 -3.78957 130.175
      vertex 48.2628 -1.89625 130.175
      vertex 21.4834 -0.844086 23
    endloop
  endfacet
  facet normal -0.965469 0.0950896 0.242545
    outer loop
      vertex 47.9652 -5.67706 130.175
      vertex 48.1511 -3.78957 130.175
      vertex 21.4337 -1.68687 23
    endloop
  endfacet
  facet normal -0.955035 0.17053 0.242544
    outer loop
      vertex 47.3719 -9.42286 130.175
      vertex 21.2353 -3.36334 23
      vertex 21.0869 -4.19444 23
    endloop
  endfacet
  facet normal -0.928357 0.281648 0.242545
    outer loop
      vertex 46.4866 -13.1106 130.175
      vertex 20.6928 -5.83597 23
      vertex 20.4477 -6.64386 23
    endloop
  endfacet
  facet normal -0.938698 0.244988 0.242545
    outer loop
      vertex 46.9655 -11.2754 130.175
      vertex 20.906 -5.01907 23
      vertex 20.6928 -5.83597 23
    endloop
  endfacet
  facet normal -0.836963 0.490577 0.242545
    outer loop
      vertex 41.1825 -25.2367 130.175
      vertex 42.1416 -23.6004 130.175
      vertex 18.3318 -11.2337 23
    endloop
  endfacet
  facet normal -0.795898 0.554724 0.242545
    outer loop
      vertex 39.0755 -28.39 130.175
      vertex 40.16 -26.834 130.175
      vertex 17.8766 -11.9448 23
    endloop
  endfacet
  facet normal -0.244988 0.938698 0.242545
    outer loop
      vertex 11.2754 -46.9655 130.175
      vertex 5.83597 -20.6928 23
      vertex 5.01907 -20.906 23
    endloop
  endfacet
  facet normal -0.0571359 0.968456 0.242545
    outer loop
      vertex 1.89625 -48.2628 130.175
      vertex 3.78957 -48.1511 130.175
      vertex 0.844086 -21.4834 23
    endloop
  endfacet
  facet normal -0.45729 0.855604 0.242545
    outer loop
      vertex 21.9277 -43.0356 130.175
      vertex 23.6004 -42.1416 130.175
      vertex 9.7608 -19.1566 23
    endloop
  endfacet
  facet normal -0.353586 0.903409 0.242545
    outer loop
      vertex 16.7175 -45.3146 130.175
      vertex 8.22769 -19.8634 23
      vertex 7.44152 -20.1711 23
    endloop
  endfacet
  facet normal 0.960988 0.132942 0.242545
    outer loop
      vertex -47.7053 -7.55578 130.175
      vertex -21.2353 -3.36334 23
      vertex -47.9652 -5.67706 130.175
    endloop
  endfacet
  facet normal 0.817071 0.523036 0.242545
    outer loop
      vertex -17.8766 -11.9448 23
      vertex -18.3318 -11.2337 23
      vertex -41.1825 -25.2367 130.175
    endloop
  endfacet
  facet normal 0.672382 0.699338 0.242546
    outer loop
      vertex -32.7861 -35.4678 130.175
      vertex -14.5942 -15.7879 23
      vertex -34.1533 -34.1533 130.175
    endloop
  endfacet
  facet normal 0.423393 0.872875 0.242545
    outer loop
      vertex -20.2213 -43.8633 130.175
      vertex -9.7608 -19.1566 23
      vertex -21.9277 -43.0356 130.175
    endloop
  endfacet
  facet normal 0.52304 0.817068 0.242545
    outer loop
      vertex -25.2367 -41.1825 130.175
      vertex -11.9448 -17.8766 23
      vertex -26.834 -40.16 130.175
    endloop
  endfacet
  facet normal 0.317842 0.916596 0.242545
    outer loop
      vertex -14.9255 -45.936 130.175
      vertex -6.64386 -20.4477 23
      vertex -16.7175 -45.3146 130.175
    endloop
  endfacet
  facet normal 0.317843 0.916596 0.242545
    outer loop
      vertex -6.64386 -20.4477 23
      vertex -7.44152 -20.1711 23
      vertex -16.7175 -45.3146 130.175
    endloop
  endfacet
  facet normal 0.17053 0.955035 0.242544
    outer loop
      vertex -3.36334 -21.2353 23
      vertex -4.19444 -21.0869 23
      vertex -9.42286 -47.3719 130.175
    endloop
  endfacet
  facet normal 0.132952 0.960987 0.242544
    outer loop
      vertex -2.52705 -21.351 23
      vertex -3.36334 -21.2353 23
      vertex -5.67706 -47.9652 130.175
    endloop
  endfacet
  facet normal 0.0950329 0.965474 0.242544
    outer loop
      vertex -1.68687 -21.4337 23
      vertex -2.52705 -21.351 23
      vertex -5.67706 -47.9652 130.175
    endloop
  endfacet
  facet normal 0.0571359 0.968456 0.242545
    outer loop
      vertex -1.89625 -48.2628 130.175
      vertex -0.844086 -21.4834 23
      vertex -3.78957 -48.1511 130.175
    endloop
  endfacet
  facet normal -0.644412 -0.725193 0.242545
    outer loop
      vertex 14.5942 15.7879 23
      vertex 32.7861 35.4678 130.175
      vertex 13.9631 16.3487 23
    endloop
  endfacet
  facet normal -0.0571111 -0.968458 0.242545
    outer loop
      vertex 1.68687 21.4337 23
      vertex 3.78957 48.1511 130.175
      vertex 0.844086 21.4834 23
    endloop
  endfacet
  facet normal -0.916596 -0.317842 0.242545
    outer loop
      vertex 45.936 14.9255 130.175
      vertex 45.3146 16.7175 130.175
      vertex 20.4477 6.64386 23
    endloop
  endfacet
  facet normal -0.947607 -0.207878 0.242545
    outer loop
      vertex 21.0869 4.19444 23
      vertex 46.9655 11.2754 130.175
      vertex 20.906 5.01907 23
    endloop
  endfacet
  facet normal -0.888828 -0.388789 0.242545
    outer loop
      vertex 44.6234 18.4836 130.175
      vertex 43.8633 20.2213 130.175
      vertex 19.5251 9.00118 23
    endloop
  endfacet
  facet normal -0.965474 -0.0950329 0.242544
    outer loop
      vertex 21.4337 1.68687 23
      vertex 47.9652 5.67706 130.175
      vertex 21.351 2.52705 23
    endloop
  endfacet
  facet normal 0.207878 -0.947607 0.242545
    outer loop
      vertex -5.01907 20.906 23
      vertex -4.19444 21.0869 23
      vertex -11.2754 46.9655 130.175
    endloop
  endfacet
  facet normal 0.132952 -0.960987 0.242544
    outer loop
      vertex -3.36334 21.2353 23
      vertex -2.52705 21.351 23
      vertex -5.67706 47.9652 130.175
    endloop
  endfacet
  facet normal 0.699338 -0.672382 0.242546
    outer loop
      vertex -15.7879 14.5942 23
      vertex -34.1533 34.1533 130.175
      vertex -35.4678 32.7861 130.175
    endloop
  endfacet
  facet normal 0.72521 -0.644393 0.242545
    outer loop
      vertex -16.3487 13.9631 23
      vertex -35.4678 32.7861 130.175
      vertex -36.7276 31.3683 130.175
    endloop
  endfacet
  facet normal 0.817068 -0.52304 0.242545
    outer loop
      vertex -17.8766 11.9448 23
      vertex -40.16 26.834 130.175
      vertex -41.1825 25.2367 130.175
    endloop
  endfacet
  facet normal 0.916596 -0.317842 0.242545
    outer loop
      vertex -20.4477 6.64386 23
      vertex -45.3146 16.7175 130.175
      vertex -45.936 14.9255 130.175
    endloop
  endfacet
  facet normal 0.916596 -0.317843 0.242545
    outer loop
      vertex -20.4477 6.64386 23
      vertex -20.1711 7.44152 23
      vertex -45.3146 16.7175 130.175
    endloop
  endfacet
  facet normal 0.965469 -0.0950896 0.242545
    outer loop
      vertex -21.4337 1.68687 23
      vertex -47.9652 5.67706 130.175
      vertex -48.1511 3.78957 130.175
    endloop
  endfacet
  facet normal 0.955035 -0.17053 0.242544
    outer loop
      vertex -21.2353 3.36334 23
      vertex -21.0869 4.19444 23
      vertex -47.3719 9.42286 130.175
    endloop
  endfacet
  facet normal -0.960987 0.132952 0.242544
    outer loop
      vertex 47.9652 -5.67706 130.175
      vertex 21.351 -2.52705 23
      vertex 21.2353 -3.36334 23
    endloop
  endfacet
  facet normal -0.938705 0.244957 0.242545
    outer loop
      vertex 46.4866 -13.1106 130.175
      vertex 46.9655 -11.2754 130.175
      vertex 20.6928 -5.83597 23
    endloop
  endfacet
  facet normal -0.947606 0.207881 0.242545
    outer loop
      vertex 46.9655 -11.2754 130.175
      vertex 47.3719 -9.42286 130.175
      vertex 21.0869 -4.19444 23
    endloop
  endfacet
  facet normal -0.749914 0.615468 0.242545
    outer loop
      vertex 37.9308 -29.9022 130.175
      vertex 16.8843 -13.3105 23
      vertex 16.3487 -13.9631 23
    endloop
  endfacet
  facet normal -0.699338 0.672382 0.242546
    outer loop
      vertex 34.1533 -34.1533 130.175
      vertex 35.4678 -32.7861 130.175
      vertex 15.7879 -14.5942 23
    endloop
  endfacet
  facet normal -0.872875 0.423393 0.242545
    outer loop
      vertex 43.0356 -21.9277 130.175
      vertex 43.8633 -20.2213 130.175
      vertex 19.1566 -9.7608 23
    endloop
  endfacet
  facet normal -0.817071 0.523036 0.242545
    outer loop
      vertex 41.1825 -25.2367 130.175
      vertex 18.3318 -11.2337 23
      vertex 17.8766 -11.9448 23
    endloop
  endfacet
  facet normal -0.749928 0.615451 0.242545
    outer loop
      vertex 36.7276 -31.3683 130.175
      vertex 37.9308 -29.9022 130.175
      vertex 16.3487 -13.9631 23
    endloop
  endfacet
  facet normal -0.0571111 0.968458 0.242545
    outer loop
      vertex 3.78957 -48.1511 130.175
      vertex 1.68687 -21.4337 23
      vertex 0.844086 -21.4834 23
    endloop
  endfacet
  facet normal -0.353571 0.903416 0.242545
    outer loop
      vertex 16.7175 -45.3146 130.175
      vertex 18.4836 -44.6234 130.175
      vertex 8.22769 -19.8634 23
    endloop
  endfacet
  facet normal -0.132942 0.960988 0.242545
    outer loop
      vertex 5.67706 -47.9652 130.175
      vertex 7.55578 -47.7053 130.175
      vertex 3.36334 -21.2353 23
    endloop
  endfacet
  facet normal -0.0950896 0.965469 0.242545
    outer loop
      vertex 3.78957 -48.1511 130.175
      vertex 5.67706 -47.9652 130.175
      vertex 1.68687 -21.4337 23
    endloop
  endfacet
  facet normal -0.423393 0.872875 0.242545
    outer loop
      vertex 20.2213 -43.8633 130.175
      vertex 21.9277 -43.0356 130.175
      vertex 9.7608 -19.1566 23
    endloop
  endfacet
  facet normal -0.58559 0.773471 0.242544
    outer loop
      vertex 28.39 -39.0755 130.175
      vertex 13.3105 -16.8843 23
      vertex 12.6374 -17.3939 23
    endloop
  endfacet
  facet normal -0.52304 0.817068 0.242545
    outer loop
      vertex 25.2367 -41.1825 130.175
      vertex 26.834 -40.16 130.175
      vertex 11.9448 -17.8766 23
    endloop
  endfacet
  facet normal -0.457234 0.855634 0.242544
    outer loop
      vertex 23.6004 -42.1416 130.175
      vertex 10.5054 -18.7587 23
      vertex 9.7608 -19.1566 23
    endloop
  endfacet
  facet normal 0.965469 0.0950896 0.242545
    outer loop
      vertex -47.9652 -5.67706 130.175
      vertex -21.4337 -1.68687 23
      vertex -48.1511 -3.78957 130.175
    endloop
  endfacet
  facet normal 0.968458 0.0571111 0.242545
    outer loop
      vertex -21.4337 -1.68687 23
      vertex -21.4834 -0.844086 23
      vertex -48.1511 -3.78957 130.175
    endloop
  endfacet
  facet normal 0.947607 0.207878 0.242545
    outer loop
      vertex -20.906 -5.01907 23
      vertex -21.0869 -4.19444 23
      vertex -46.9655 -11.2754 130.175
    endloop
  endfacet
  facet normal 0.955033 0.170538 0.242544
    outer loop
      vertex -47.3719 -9.42286 130.175
      vertex -21.2353 -3.36334 23
      vertex -47.7053 -7.55578 130.175
    endloop
  endfacet
  facet normal 0.916596 0.317842 0.242545
    outer loop
      vertex -45.3146 -16.7175 130.175
      vertex -20.4477 -6.64386 23
      vertex -45.936 -14.9255 130.175
    endloop
  endfacet
  facet normal 0.888844 0.388752 0.242545
    outer loop
      vertex -19.5251 -9.00118 23
      vertex -19.8634 -8.22769 23
      vertex -44.6234 -18.4836 130.175
    endloop
  endfacet
  facet normal 0.928357 0.281648 0.242545
    outer loop
      vertex -20.4477 -6.64386 23
      vertex -20.6928 -5.83597 23
      vertex -46.4866 -13.1106 130.175
    endloop
  endfacet
  facet normal 0.644393 0.72521 0.242545
    outer loop
      vertex -31.3683 -36.7276 130.175
      vertex -13.9631 -16.3487 23
      vertex -32.7861 -35.4678 130.175
    endloop
  endfacet
  facet normal 0.45729 0.855604 0.242545
    outer loop
      vertex -21.9277 -43.0356 130.175
      vertex -9.7608 -19.1566 23
      vertex -23.6004 -42.1416 130.175
    endloop
  endfacet
  facet normal 0.554724 0.795898 0.242545
    outer loop
      vertex -26.834 -40.16 130.175
      vertex -11.9448 -17.8766 23
      vertex -28.39 -39.0755 130.175
    endloop
  endfacet
  facet normal 0.281643 0.928358 0.242545
    outer loop
      vertex -13.1106 -46.4866 130.175
      vertex -6.64386 -20.4477 23
      vertex -14.9255 -45.936 130.175
    endloop
  endfacet
  facet normal 0.132942 0.960988 0.242545
    outer loop
      vertex -5.67706 -47.9652 130.175
      vertex -3.36334 -21.2353 23
      vertex -7.55578 -47.7053 130.175
    endloop
  endfacet
  facet normal 0.170538 0.955033 0.242544
    outer loop
      vertex -7.55578 -47.7053 130.175
      vertex -3.36334 -21.2353 23
      vertex -9.42286 -47.3719 130.175
    endloop
  endfacet
  facet normal 0.207878 0.947607 0.242545
    outer loop
      vertex -4.19444 -21.0869 23
      vertex -5.01907 -20.906 23
      vertex -11.2754 -46.9655 130.175
    endloop
  endfacet
  facet normal 0.244957 0.938705 0.242545
    outer loop
      vertex -11.2754 -46.9655 130.175
      vertex -5.83597 -20.6928 23
      vertex -13.1106 -46.4866 130.175
    endloop
  endfacet
  facet normal 0.0571111 0.968458 0.242545
    outer loop
      vertex -0.844086 -21.4834 23
      vertex -1.68687 -21.4337 23
      vertex -3.78957 -48.1511 130.175
    endloop
  endfacet
  facet normal 0.0190282 0.969954 0.242545
    outer loop
      vertex 0 -48.3 130.175
      vertex 0 -21.5 23
      vertex -1.89625 -48.2628 130.175
    endloop
  endfacet
  facet normal -0.0190282 0.969954 0.242545
    outer loop
      vertex 1.89625 -48.2628 130.175
      vertex 0 -21.5 23
      vertex 0 -48.3 130.175
    endloop
  endfacet
  facet normal -0.644393 -0.72521 0.242545
    outer loop
      vertex 32.7861 35.4678 130.175
      vertex 31.3683 36.7276 130.175
      vertex 13.9631 16.3487 23
    endloop
  endfacet
  facet normal -0.554724 -0.795898 0.242545
    outer loop
      vertex 28.39 39.0755 130.175
      vertex 26.834 40.16 130.175
      vertex 11.9448 17.8766 23
    endloop
  endfacet
  facet normal -0.317843 -0.916596 0.242545
    outer loop
      vertex 7.44152 20.1711 23
      vertex 16.7175 45.3146 130.175
      vertex 6.64386 20.4477 23
    endloop
  endfacet
  facet normal -0.317842 -0.916596 0.242545
    outer loop
      vertex 16.7175 45.3146 130.175
      vertex 14.9255 45.936 130.175
      vertex 6.64386 20.4477 23
    endloop
  endfacet
  facet normal -0.132952 -0.960987 0.242544
    outer loop
      vertex 3.36334 21.2353 23
      vertex 5.67706 47.9652 130.175
      vertex 2.52705 21.351 23
    endloop
  endfacet
  facet normal -0.244957 -0.938705 0.242545
    outer loop
      vertex 13.1106 46.4866 130.175
      vertex 11.2754 46.9655 130.175
      vertex 5.83597 20.6928 23
    endloop
  endfacet
  facet normal -0.72521 -0.644393 0.242545
    outer loop
      vertex 36.7276 31.3683 130.175
      vertex 35.4678 32.7861 130.175
      vertex 16.3487 13.9631 23
    endloop
  endfacet
  facet normal -0.928358 -0.281643 0.242545
    outer loop
      vertex 46.4866 13.1106 130.175
      vertex 45.936 14.9255 130.175
      vertex 20.4477 6.64386 23
    endloop
  endfacet
  facet normal -0.968456 -0.0571359 0.242545
    outer loop
      vertex 48.2628 1.89625 130.175
      vertex 48.1511 3.78957 130.175
      vertex 21.4834 0.844086 23
    endloop
  endfacet
  facet normal 0.0950896 -0.965469 0.242545
    outer loop
      vertex -1.68687 21.4337 23
      vertex -3.78957 48.1511 130.175
      vertex -5.67706 47.9652 130.175
    endloop
  endfacet
  facet normal 0.0571111 -0.968458 0.242545
    outer loop
      vertex -1.68687 21.4337 23
      vertex -0.844086 21.4834 23
      vertex -3.78957 48.1511 130.175
    endloop
  endfacet
  facet normal 0.281648 -0.928357 0.242545
    outer loop
      vertex -6.64386 20.4477 23
      vertex -5.83597 20.6928 23
      vertex -13.1106 46.4866 130.175
    endloop
  endfacet
  facet normal 0.132942 -0.960988 0.242545
    outer loop
      vertex -3.36334 21.2353 23
      vertex -5.67706 47.9652 130.175
      vertex -7.55578 47.7053 130.175
    endloop
  endfacet
  facet normal 0.490577 -0.836963 0.242545
    outer loop
      vertex -11.2337 18.3318 23
      vertex -23.6004 42.1416 130.175
      vertex -25.2367 41.1825 130.175
    endloop
  endfacet
  facet normal 0.388789 -0.888828 0.242545
    outer loop
      vertex -9.00118 19.5251 23
      vertex -18.4836 44.6234 130.175
      vertex -20.2213 43.8633 130.175
    endloop
  endfacet
  facet normal 0.244957 -0.938705 0.242545
    outer loop
      vertex -5.83597 20.6928 23
      vertex -11.2754 46.9655 130.175
      vertex -13.1106 46.4866 130.175
    endloop
  endfacet
  facet normal 0.281643 -0.928358 0.242545
    outer loop
      vertex -6.64386 20.4477 23
      vertex -13.1106 46.4866 130.175
      vertex -14.9255 45.936 130.175
    endloop
  endfacet
  facet normal 0.795913 -0.554703 0.242544
    outer loop
      vertex -17.8766 11.9448 23
      vertex -17.3939 12.6374 23
      vertex -39.0755 28.39 130.175
    endloop
  endfacet
  facet normal 0.749928 -0.615451 0.242545
    outer loop
      vertex -16.3487 13.9631 23
      vertex -36.7276 31.3683 130.175
      vertex -37.9308 29.9022 130.175
    endloop
  endfacet
  facet normal 0.795898 -0.554724 0.242545
    outer loop
      vertex -17.8766 11.9448 23
      vertex -39.0755 28.39 130.175
      vertex -40.16 26.834 130.175
    endloop
  endfacet
  facet normal 0.928358 -0.281643 0.242545
    outer loop
      vertex -20.4477 6.64386 23
      vertex -45.936 14.9255 130.175
      vertex -46.4866 13.1106 130.175
    endloop
  endfacet
  facet normal 0.960987 -0.132952 0.242544
    outer loop
      vertex -21.351 2.52705 23
      vertex -21.2353 3.36334 23
      vertex -47.9652 5.67706 130.175
    endloop
  endfacet
  facet normal 0.965474 -0.0950329 0.242544
    outer loop
      vertex -21.4337 1.68687 23
      vertex -21.351 2.52705 23
      vertex -47.9652 5.67706 130.175
    endloop
  endfacet
  facet normal 0.969954 0.0190282 0.242545
    outer loop
      vertex -48.2628 -1.89625 130.175
      vertex -21.5 0 23
      vertex -48.3 0 130.175
    endloop
  endfacet
  facet normal 0.960988 -0.132942 0.242545
    outer loop
      vertex -21.2353 3.36334 23
      vertex -47.7053 7.55578 130.175
      vertex -47.9652 5.67706 130.175
    endloop
  endfacet
  facet normal 0.955033 -0.170538 0.242544
    outer loop
      vertex -21.2353 3.36334 23
      vertex -47.3719 9.42286 130.175
      vertex -47.7053 7.55578 130.175
    endloop
  endfacet
  facet normal 0.947607 -0.207878 0.242545
    outer loop
      vertex -21.0869 4.19444 23
      vertex -20.906 5.01907 23
      vertex -46.9655 11.2754 130.175
    endloop
  endfacet
  facet normal 0.938705 -0.244957 0.242545
    outer loop
      vertex -20.6928 5.83597 23
      vertex -46.4866 13.1106 130.175
      vertex -46.9655 11.2754 130.175
    endloop
  endfacet
  facet normal -0.903409 0.353586 0.242545
    outer loop
      vertex 45.3146 -16.7175 130.175
      vertex 20.1711 -7.44152 23
      vertex 19.8634 -8.22769 23
    endloop
  endfacet
  facet normal -0.928358 0.281643 0.242545
    outer loop
      vertex 45.936 -14.9255 130.175
      vertex 46.4866 -13.1106 130.175
      vertex 20.4477 -6.64386 23
    endloop
  endfacet
  facet normal -0.947607 0.207878 0.242545
    outer loop
      vertex 46.9655 -11.2754 130.175
      vertex 21.0869 -4.19444 23
      vertex 20.906 -5.01907 23
    endloop
  endfacet
  facet normal -0.72521 0.644393 0.242545
    outer loop
      vertex 35.4678 -32.7861 130.175
      vertex 36.7276 -31.3683 130.175
      vertex 16.3487 -13.9631 23
    endloop
  endfacet
  facet normal -0.725193 0.644412 0.242545
    outer loop
      vertex 35.4678 -32.7861 130.175
      vertex 16.3487 -13.9631 23
      vertex 15.7879 -14.5942 23
    endloop
  endfacet
  facet normal -0.888828 0.388789 0.242545
    outer loop
      vertex 43.8633 -20.2213 130.175
      vertex 44.6234 -18.4836 130.175
      vertex 19.5251 -9.00118 23
    endloop
  endfacet
  facet normal -0.872856 0.423432 0.242544
    outer loop
      vertex 43.8633 -20.2213 130.175
      vertex 19.5251 -9.00118 23
      vertex 19.1566 -9.7608 23
    endloop
  endfacet
  facet normal -0.855604 0.45729 0.242545
    outer loop
      vertex 42.1416 -23.6004 130.175
      vertex 43.0356 -21.9277 130.175
      vertex 19.1566 -9.7608 23
    endloop
  endfacet
  facet normal -0.773514 0.585532 0.242545
    outer loop
      vertex 37.9308 -29.9022 130.175
      vertex 39.0755 -28.39 130.175
      vertex 16.8843 -13.3105 23
    endloop
  endfacet
  facet normal -0.795913 0.554703 0.242544
    outer loop
      vertex 39.0755 -28.39 130.175
      vertex 17.8766 -11.9448 23
      vertex 17.3939 -12.6374 23
    endloop
  endfacet
  facet normal -0.244957 0.938705 0.242545
    outer loop
      vertex 11.2754 -46.9655 130.175
      vertex 13.1106 -46.4866 130.175
      vertex 5.83597 -20.6928 23
    endloop
  endfacet
  facet normal -0.317843 0.916596 0.242545
    outer loop
      vertex 16.7175 -45.3146 130.175
      vertex 7.44152 -20.1711 23
      vertex 6.64386 -20.4477 23
    endloop
  endfacet
  facet normal -0.0950329 0.965474 0.242544
    outer loop
      vertex 5.67706 -47.9652 130.175
      vertex 2.52705 -21.351 23
      vertex 1.68687 -21.4337 23
    endloop
  endfacet
  facet normal -0.132952 0.960987 0.242544
    outer loop
      vertex 5.67706 -47.9652 130.175
      vertex 3.36334 -21.2353 23
      vertex 2.52705 -21.351 23
    endloop
  endfacet
  facet normal -0.615451 0.749928 0.242545
    outer loop
      vertex 29.9022 -37.9308 130.175
      vertex 31.3683 -36.7276 130.175
      vertex 13.9631 -16.3487 23
    endloop
  endfacet
  facet normal -0.585532 0.773514 0.242545
    outer loop
      vertex 28.39 -39.0755 130.175
      vertex 29.9022 -37.9308 130.175
      vertex 13.3105 -16.8843 23
    endloop
  endfacet
  facet normal -0.672357 0.699362 0.242545
    outer loop
      vertex 34.1533 -34.1533 130.175
      vertex 15.2028 -15.2028 23
      vertex 14.5942 -15.7879 23
    endloop
  endfacet
  facet normal -0.554703 0.795913 0.242544
    outer loop
      vertex 28.39 -39.0755 130.175
      vertex 12.6374 -17.3939 23
      vertex 11.9448 -17.8766 23
    endloop
  endfacet
  facet normal -0.554724 0.795898 0.242545
    outer loop
      vertex 26.834 -40.16 130.175
      vertex 28.39 -39.0755 130.175
      vertex 11.9448 -17.8766 23
    endloop
  endfacet
  facet normal -0.523036 0.817071 0.242545
    outer loop
      vertex 25.2367 -41.1825 130.175
      vertex 11.9448 -17.8766 23
      vertex 11.2337 -18.3318 23
    endloop
  endfacet
  facet normal 0.960987 0.132952 0.242544
    outer loop
      vertex -21.2353 -3.36334 23
      vertex -21.351 -2.52705 23
      vertex -47.9652 -5.67706 130.175
    endloop
  endfacet
  facet normal 0.965474 0.0950329 0.242544
    outer loop
      vertex -21.351 -2.52705 23
      vertex -21.4337 -1.68687 23
      vertex -47.9652 -5.67706 130.175
    endloop
  endfacet
  facet normal 0.955035 0.17053 0.242544
    outer loop
      vertex -21.0869 -4.19444 23
      vertex -21.2353 -3.36334 23
      vertex -47.3719 -9.42286 130.175
    endloop
  endfacet
  facet normal 0.773514 0.585532 0.242545
    outer loop
      vertex -37.9308 -29.9022 130.175
      vertex -16.8843 -13.3105 23
      vertex -39.0755 -28.39 130.175
    endloop
  endfacet
  facet normal 0.672357 0.699362 0.242545
    outer loop
      vertex -14.5942 -15.7879 23
      vertex -15.2028 -15.2028 23
      vertex -34.1533 -34.1533 130.175
    endloop
  endfacet
  facet normal 0.699362 0.672357 0.242545
    outer loop
      vertex -15.2028 -15.2028 23
      vertex -15.7879 -14.5942 23
      vertex -34.1533 -34.1533 130.175
    endloop
  endfacet
  facet normal 0.72521 0.644393 0.242545
    outer loop
      vertex -35.4678 -32.7861 130.175
      vertex -16.3487 -13.9631 23
      vertex -36.7276 -31.3683 130.175
    endloop
  endfacet
  facet normal 0.795913 0.554703 0.242544
    outer loop
      vertex -17.3939 -12.6374 23
      vertex -17.8766 -11.9448 23
      vertex -39.0755 -28.39 130.175
    endloop
  endfacet
  facet normal 0.872875 0.423393 0.242545
    outer loop
      vertex -43.0356 -21.9277 130.175
      vertex -19.1566 -9.7608 23
      vertex -43.8633 -20.2213 130.175
    endloop
  endfacet
  facet normal 0.872856 0.423432 0.242544
    outer loop
      vertex -19.1566 -9.7608 23
      vertex -19.5251 -9.00118 23
      vertex -43.8633 -20.2213 130.175
    endloop
  endfacet
  facet normal 0.903416 0.353571 0.242545
    outer loop
      vertex -44.6234 -18.4836 130.175
      vertex -19.8634 -8.22769 23
      vertex -45.3146 -16.7175 130.175
    endloop
  endfacet
  facet normal 0.916596 0.317843 0.242545
    outer loop
      vertex -20.1711 -7.44152 23
      vertex -20.4477 -6.64386 23
      vertex -45.3146 -16.7175 130.175
    endloop
  endfacet
  facet normal 0.938705 0.244957 0.242545
    outer loop
      vertex -46.4866 -13.1106 130.175
      vertex -20.6928 -5.83597 23
      vertex -46.9655 -11.2754 130.175
    endloop
  endfacet
  facet normal 0.938698 0.244988 0.242545
    outer loop
      vertex -20.6928 -5.83597 23
      vertex -20.906 -5.01907 23
      vertex -46.9655 -11.2754 130.175
    endloop
  endfacet
  facet normal 0.58559 0.773471 0.242544
    outer loop
      vertex -12.6374 -17.3939 23
      vertex -13.3105 -16.8843 23
      vertex -28.39 -39.0755 130.175
    endloop
  endfacet
  facet normal 0.615451 0.749928 0.242545
    outer loop
      vertex -29.9022 -37.9308 130.175
      vertex -13.9631 -16.3487 23
      vertex -31.3683 -36.7276 130.175
    endloop
  endfacet
  facet normal 0.353586 0.903409 0.242545
    outer loop
      vertex -7.44152 -20.1711 23
      vertex -8.22769 -19.8634 23
      vertex -16.7175 -45.3146 130.175
    endloop
  endfacet
  facet normal 0.353571 0.903416 0.242545
    outer loop
      vertex -16.7175 -45.3146 130.175
      vertex -8.22769 -19.8634 23
      vertex -18.4836 -44.6234 130.175
    endloop
  endfacet
  facet normal 0.388789 0.888828 0.242545
    outer loop
      vertex -18.4836 -44.6234 130.175
      vertex -9.00118 -19.5251 23
      vertex -20.2213 -43.8633 130.175
    endloop
  endfacet
  facet normal 0.423432 0.872856 0.242544
    outer loop
      vertex -9.00118 -19.5251 23
      vertex -9.7608 -19.1566 23
      vertex -20.2213 -43.8633 130.175
    endloop
  endfacet
  facet normal 0.457234 0.855634 0.242544
    outer loop
      vertex -9.7608 -19.1566 23
      vertex -10.5054 -18.7587 23
      vertex -23.6004 -42.1416 130.175
    endloop
  endfacet
  facet normal 0.490577 0.836963 0.242545
    outer loop
      vertex -23.6004 -42.1416 130.175
      vertex -11.2337 -18.3318 23
      vertex -25.2367 -41.1825 130.175
    endloop
  endfacet
  facet normal 0.523036 0.817071 0.242545
    outer loop
      vertex -11.2337 -18.3318 23
      vertex -11.9448 -17.8766 23
      vertex -25.2367 -41.1825 130.175
    endloop
  endfacet
  facet normal 0.207881 0.947606 0.242545
    outer loop
      vertex -9.42286 -47.3719 130.175
      vertex -4.19444 -21.0869 23
      vertex -11.2754 -46.9655 130.175
    endloop
  endfacet
  facet normal 0.281648 0.928357 0.242545
    outer loop
      vertex -5.83597 -20.6928 23
      vertex -6.64386 -20.4477 23
      vertex -13.1106 -46.4866 130.175
    endloop
  endfacet
  facet normal -0.585532 -0.773514 0.242545
    outer loop
      vertex 29.9022 37.9308 130.175
      vertex 28.39 39.0755 130.175
      vertex 13.3105 16.8843 23
    endloop
  endfacet
  facet normal -0.388789 -0.888828 0.242545
    outer loop
      vertex 20.2213 43.8633 130.175
      vertex 18.4836 44.6234 130.175
      vertex 9.00118 19.5251 23
    endloop
  endfacet
  facet normal -0.423393 -0.872875 0.242545
    outer loop
      vertex 21.9277 43.0356 130.175
      vertex 20.2213 43.8633 130.175
      vertex 9.7608 19.1566 23
    endloop
  endfacet
  facet normal -0.52304 -0.817068 0.242545
    outer loop
      vertex 26.834 40.16 130.175
      vertex 25.2367 41.1825 130.175
      vertex 11.9448 17.8766 23
    endloop
  endfacet
  facet normal -0.132942 -0.960988 0.242545
    outer loop
      vertex 7.55578 47.7053 130.175
      vertex 5.67706 47.9652 130.175
      vertex 3.36334 21.2353 23
    endloop
  endfacet
  facet normal 0.0190282 -0.969954 0.242545
    outer loop
      vertex 0 21.5 23
      vertex 0 48.3 130.175
      vertex -1.89625 48.2628 130.175
    endloop
  endfacet
  facet normal -0.207878 -0.947607 0.242545
    outer loop
      vertex 5.01907 20.906 23
      vertex 11.2754 46.9655 130.175
      vertex 4.19444 21.0869 23
    endloop
  endfacet
  facet normal -0.207881 -0.947606 0.242545
    outer loop
      vertex 11.2754 46.9655 130.175
      vertex 9.42286 47.3719 130.175
      vertex 4.19444 21.0869 23
    endloop
  endfacet
  facet normal -0.749928 -0.615451 0.242545
    outer loop
      vertex 37.9308 29.9022 130.175
      vertex 36.7276 31.3683 130.175
      vertex 16.3487 13.9631 23
    endloop
  endfacet
  facet normal -0.855604 -0.45729 0.242545
    outer loop
      vertex 43.0356 21.9277 130.175
      vertex 42.1416 23.6004 130.175
      vertex 19.1566 9.7608 23
    endloop
  endfacet
  facet normal -0.795913 -0.554703 0.242544
    outer loop
      vertex 17.8766 11.9448 23
      vertex 39.0755 28.39 130.175
      vertex 17.3939 12.6374 23
    endloop
  endfacet
  facet normal -0.928357 -0.281648 0.242545
    outer loop
      vertex 20.6928 5.83597 23
      vertex 46.4866 13.1106 130.175
      vertex 20.4477 6.64386 23
    endloop
  endfacet
  facet normal -0.960988 -0.132942 0.242545
    outer loop
      vertex 47.9652 5.67706 130.175
      vertex 47.7053 7.55578 130.175
      vertex 21.2353 3.36334 23
    endloop
  endfacet
  facet normal -0.947606 -0.207881 0.242545
    outer loop
      vertex 47.3719 9.42286 130.175
      vertex 46.9655 11.2754 130.175
      vertex 21.0869 4.19444 23
    endloop
  endfacet
  facet normal -0.965469 -0.0950896 0.242545
    outer loop
      vertex 48.1511 3.78957 130.175
      vertex 47.9652 5.67706 130.175
      vertex 21.4337 1.68687 23
    endloop
  endfacet
  facet normal -0.968458 -0.0571111 0.242545
    outer loop
      vertex 21.4834 0.844086 23
      vertex 48.1511 3.78957 130.175
      vertex 21.4337 1.68687 23
    endloop
  endfacet
  facet normal 0.0950329 -0.965474 0.242544
    outer loop
      vertex -2.52705 21.351 23
      vertex -1.68687 21.4337 23
      vertex -5.67706 47.9652 130.175
    endloop
  endfacet
  facet normal 0.17053 -0.955035 0.242544
    outer loop
      vertex -4.19444 21.0869 23
      vertex -3.36334 21.2353 23
      vertex -9.42286 47.3719 130.175
    endloop
  endfacet
  facet normal 0.207881 -0.947606 0.242545
    outer loop
      vertex -4.19444 21.0869 23
      vertex -9.42286 47.3719 130.175
      vertex -11.2754 46.9655 130.175
    endloop
  endfacet
  facet normal 0.699362 -0.672357 0.242545
    outer loop
      vertex -15.7879 14.5942 23
      vertex -15.2028 15.2028 23
      vertex -34.1533 34.1533 130.175
    endloop
  endfacet
  facet normal 0.672382 -0.699338 0.242546
    outer loop
      vertex -14.5942 15.7879 23
      vertex -32.7861 35.4678 130.175
      vertex -34.1533 34.1533 130.175
    endloop
  endfacet
  facet normal 0.644412 -0.725193 0.242545
    outer loop
      vertex -14.5942 15.7879 23
      vertex -13.9631 16.3487 23
      vertex -32.7861 35.4678 130.175
    endloop
  endfacet
  facet normal 0.615468 -0.749914 0.242545
    outer loop
      vertex -13.9631 16.3487 23
      vertex -13.3105 16.8843 23
      vertex -29.9022 37.9308 130.175
    endloop
  endfacet
  facet normal 0.615451 -0.749928 0.242545
    outer loop
      vertex -13.9631 16.3487 23
      vertex -29.9022 37.9308 130.175
      vertex -31.3683 36.7276 130.175
    endloop
  endfacet
  facet normal 0.585532 -0.773514 0.242545
    outer loop
      vertex -13.3105 16.8843 23
      vertex -28.39 39.0755 130.175
      vertex -29.9022 37.9308 130.175
    endloop
  endfacet
  facet normal 0.554703 -0.795913 0.242544
    outer loop
      vertex -12.6374 17.3939 23
      vertex -11.9448 17.8766 23
      vertex -28.39 39.0755 130.175
    endloop
  endfacet
  facet normal 0.554724 -0.795898 0.242545
    outer loop
      vertex -11.9448 17.8766 23
      vertex -26.834 40.16 130.175
      vertex -28.39 39.0755 130.175
    endloop
  endfacet
  facet normal 0.423393 -0.872875 0.242545
    outer loop
      vertex -9.7608 19.1566 23
      vertex -20.2213 43.8633 130.175
      vertex -21.9277 43.0356 130.175
    endloop
  endfacet
  facet normal 0.45729 -0.855604 0.242545
    outer loop
      vertex -9.7608 19.1566 23
      vertex -21.9277 43.0356 130.175
      vertex -23.6004 42.1416 130.175
    endloop
  endfacet
  facet normal 0.244988 -0.938698 0.242545
    outer loop
      vertex -5.83597 20.6928 23
      vertex -5.01907 20.906 23
      vertex -11.2754 46.9655 130.175
    endloop
  endfacet
  facet normal 0.773514 -0.585532 0.242545
    outer loop
      vertex -16.8843 13.3105 23
      vertex -37.9308 29.9022 130.175
      vertex -39.0755 28.39 130.175
    endloop
  endfacet
  facet normal 0.749914 -0.615468 0.242545
    outer loop
      vertex -16.8843 13.3105 23
      vertex -16.3487 13.9631 23
      vertex -37.9308 29.9022 130.175
    endloop
  endfacet
  facet normal 0.903409 -0.353586 0.242545
    outer loop
      vertex -20.1711 7.44152 23
      vertex -19.8634 8.22769 23
      vertex -45.3146 16.7175 130.175
    endloop
  endfacet
  facet normal 0.903416 -0.353571 0.242545
    outer loop
      vertex -19.8634 8.22769 23
      vertex -44.6234 18.4836 130.175
      vertex -45.3146 16.7175 130.175
    endloop
  endfacet
  facet normal 0.888828 -0.388789 0.242545
    outer loop
      vertex -19.5251 9.00118 23
      vertex -43.8633 20.2213 130.175
      vertex -44.6234 18.4836 130.175
    endloop
  endfacet
  facet normal 0.872856 -0.423432 0.242544
    outer loop
      vertex -19.5251 9.00118 23
      vertex -19.1566 9.7608 23
      vertex -43.8633 20.2213 130.175
    endloop
  endfacet
  facet normal 0.855634 -0.457234 0.242544
    outer loop
      vertex -19.1566 9.7608 23
      vertex -18.7587 10.5054 23
      vertex -42.1416 23.6004 130.175
    endloop
  endfacet
  facet normal 0.855604 -0.45729 0.242545
    outer loop
      vertex -19.1566 9.7608 23
      vertex -42.1416 23.6004 130.175
      vertex -43.0356 21.9277 130.175
    endloop
  endfacet
  facet normal 0.836963 -0.490577 0.242545
    outer loop
      vertex -18.3318 11.2337 23
      vertex -41.1825 25.2367 130.175
      vertex -42.1416 23.6004 130.175
    endloop
  endfacet
  facet normal 0.817071 -0.523036 0.242545
    outer loop
      vertex -18.3318 11.2337 23
      vertex -17.8766 11.9448 23
      vertex -41.1825 25.2367 130.175
    endloop
  endfacet
  facet normal 0.968456 -0.0571359 0.242545
    outer loop
      vertex -21.4834 0.844086 23
      vertex -48.1511 3.78957 130.175
      vertex -48.2628 1.89625 130.175
    endloop
  endfacet
  facet normal 0.968458 -0.0571111 0.242545
    outer loop
      vertex -21.4834 0.844086 23
      vertex -21.4337 1.68687 23
      vertex -48.1511 3.78957 130.175
    endloop
  endfacet
  facet normal 0.947606 -0.207881 0.242545
    outer loop
      vertex -21.0869 4.19444 23
      vertex -46.9655 11.2754 130.175
      vertex -47.3719 9.42286 130.175
    endloop
  endfacet
  facet normal 0.928357 -0.281648 0.242545
    outer loop
      vertex -20.6928 5.83597 23
      vertex -20.4477 6.64386 23
      vertex -46.4866 13.1106 130.175
    endloop
  endfacet
  facet normal -0.888844 0.388752 0.242545
    outer loop
      vertex 44.6234 -18.4836 130.175
      vertex 19.8634 -8.22769 23
      vertex 19.5251 -9.00118 23
    endloop
  endfacet
  facet normal -0.836955 0.490589 0.242545
    outer loop
      vertex 42.1416 -23.6004 130.175
      vertex 18.7587 -10.5054 23
      vertex 18.3318 -11.2337 23
    endloop
  endfacet
  facet normal -0.773471 0.58559 0.242544
    outer loop
      vertex 39.0755 -28.39 130.175
      vertex 17.3939 -12.6374 23
      vertex 16.8843 -13.3105 23
    endloop
  endfacet
  facet normal -0.388752 0.888844 0.242545
    outer loop
      vertex 18.4836 -44.6234 130.175
      vertex 9.00118 -19.5251 23
      vertex 8.22769 -19.8634 23
    endloop
  endfacet
  facet normal -0.281643 0.928358 0.242545
    outer loop
      vertex 13.1106 -46.4866 130.175
      vertex 14.9255 -45.936 130.175
      vertex 6.64386 -20.4477 23
    endloop
  endfacet
  facet normal -0.281648 0.928357 0.242545
    outer loop
      vertex 13.1106 -46.4866 130.175
      vertex 6.64386 -20.4477 23
      vertex 5.83597 -20.6928 23
    endloop
  endfacet
  facet normal -0.207878 0.947607 0.242545
    outer loop
      vertex 11.2754 -46.9655 130.175
      vertex 5.01907 -20.906 23
      vertex 4.19444 -21.0869 23
    endloop
  endfacet
  facet normal -0.207881 0.947606 0.242545
    outer loop
      vertex 9.42286 -47.3719 130.175
      vertex 11.2754 -46.9655 130.175
      vertex 4.19444 -21.0869 23
    endloop
  endfacet
  facet normal -0.17053 0.955035 0.242544
    outer loop
      vertex 9.42286 -47.3719 130.175
      vertex 4.19444 -21.0869 23
      vertex 3.36334 -21.2353 23
    endloop
  endfacet
  facet normal -0.170538 0.955033 0.242544
    outer loop
      vertex 7.55578 -47.7053 130.175
      vertex 9.42286 -47.3719 130.175
      vertex 3.36334 -21.2353 23
    endloop
  endfacet
  facet normal -0.615468 0.749914 0.242545
    outer loop
      vertex 29.9022 -37.9308 130.175
      vertex 13.9631 -16.3487 23
      vertex 13.3105 -16.8843 23
    endloop
  endfacet
  facet normal -0.672382 0.699338 0.242546
    outer loop
      vertex 32.7861 -35.4678 130.175
      vertex 34.1533 -34.1533 130.175
      vertex 14.5942 -15.7879 23
    endloop
  endfacet
  facet normal -0.490577 0.836963 0.242545
    outer loop
      vertex 23.6004 -42.1416 130.175
      vertex 25.2367 -41.1825 130.175
      vertex 11.2337 -18.3318 23
    endloop
  endfacet
  facet normal -0.490589 0.836955 0.242545
    outer loop
      vertex 23.6004 -42.1416 130.175
      vertex 11.2337 -18.3318 23
      vertex 10.5054 -18.7587 23
    endloop
  endfacet
  facet normal 0.947606 0.207881 0.242545
    outer loop
      vertex -46.9655 -11.2754 130.175
      vertex -21.0869 -4.19444 23
      vertex -47.3719 -9.42286 130.175
    endloop
  endfacet
  facet normal 0.773471 0.58559 0.242544
    outer loop
      vertex -16.8843 -13.3105 23
      vertex -17.3939 -12.6374 23
      vertex -39.0755 -28.39 130.175
    endloop
  endfacet
  facet normal 0.699338 0.672382 0.242546
    outer loop
      vertex -34.1533 -34.1533 130.175
      vertex -15.7879 -14.5942 23
      vertex -35.4678 -32.7861 130.175
    endloop
  endfacet
  facet normal 0.725193 0.644412 0.242545
    outer loop
      vertex -15.7879 -14.5942 23
      vertex -16.3487 -13.9631 23
      vertex -35.4678 -32.7861 130.175
    endloop
  endfacet
  facet normal 0.795898 0.554724 0.242545
    outer loop
      vertex -39.0755 -28.39 130.175
      vertex -17.8766 -11.9448 23
      vertex -40.16 -26.834 130.175
    endloop
  endfacet
  facet normal 0.817068 0.52304 0.242545
    outer loop
      vertex -40.16 -26.834 130.175
      vertex -17.8766 -11.9448 23
      vertex -41.1825 -25.2367 130.175
    endloop
  endfacet
  facet normal 0.855604 0.45729 0.242545
    outer loop
      vertex -42.1416 -23.6004 130.175
      vertex -19.1566 -9.7608 23
      vertex -43.0356 -21.9277 130.175
    endloop
  endfacet
  facet normal 0.903409 0.353586 0.242545
    outer loop
      vertex -19.8634 -8.22769 23
      vertex -20.1711 -7.44152 23
      vertex -45.3146 -16.7175 130.175
    endloop
  endfacet
  facet normal 0.585532 0.773514 0.242545
    outer loop
      vertex -28.39 -39.0755 130.175
      vertex -13.3105 -16.8843 23
      vertex -29.9022 -37.9308 130.175
    endloop
  endfacet
  facet normal 0.615468 0.749914 0.242545
    outer loop
      vertex -13.3105 -16.8843 23
      vertex -13.9631 -16.3487 23
      vertex -29.9022 -37.9308 130.175
    endloop
  endfacet
  facet normal 0.388752 0.888844 0.242545
    outer loop
      vertex -8.22769 -19.8634 23
      vertex -9.00118 -19.5251 23
      vertex -18.4836 -44.6234 130.175
    endloop
  endfacet
  facet normal 0.490589 0.836955 0.242545
    outer loop
      vertex -10.5054 -18.7587 23
      vertex -11.2337 -18.3318 23
      vertex -23.6004 -42.1416 130.175
    endloop
  endfacet
  facet normal 0.244988 0.938698 0.242545
    outer loop
      vertex -5.01907 -20.906 23
      vertex -5.83597 -20.6928 23
      vertex -11.2754 -46.9655 130.175
    endloop
  endfacet
  facet normal -0.615451 -0.749928 0.242545
    outer loop
      vertex 31.3683 36.7276 130.175
      vertex 29.9022 37.9308 130.175
      vertex 13.9631 16.3487 23
    endloop
  endfacet
  facet normal -0.615468 -0.749914 0.242545
    outer loop
      vertex 13.9631 16.3487 23
      vertex 29.9022 37.9308 130.175
      vertex 13.3105 16.8843 23
    endloop
  endfacet
  facet normal -0.554703 -0.795913 0.242544
    outer loop
      vertex 12.6374 17.3939 23
      vertex 28.39 39.0755 130.175
      vertex 11.9448 17.8766 23
    endloop
  endfacet
  facet normal -0.457234 -0.855634 0.242544
    outer loop
      vertex 10.5054 18.7587 23
      vertex 23.6004 42.1416 130.175
      vertex 9.7608 19.1566 23
    endloop
  endfacet
  facet normal -0.45729 -0.855604 0.242545
    outer loop
      vertex 23.6004 42.1416 130.175
      vertex 21.9277 43.0356 130.175
      vertex 9.7608 19.1566 23
    endloop
  endfacet
  facet normal -0.490577 -0.836963 0.242545
    outer loop
      vertex 25.2367 41.1825 130.175
      vertex 23.6004 42.1416 130.175
      vertex 11.2337 18.3318 23
    endloop
  endfacet
  facet normal -0.523036 -0.817071 0.242545
    outer loop
      vertex 11.9448 17.8766 23
      vertex 25.2367 41.1825 130.175
      vertex 11.2337 18.3318 23
    endloop
  endfacet
  facet normal -0.353586 -0.903409 0.242545
    outer loop
      vertex 8.22769 19.8634 23
      vertex 16.7175 45.3146 130.175
      vertex 7.44152 20.1711 23
    endloop
  endfacet
  facet normal -0.353571 -0.903416 0.242545
    outer loop
      vertex 18.4836 44.6234 130.175
      vertex 16.7175 45.3146 130.175
      vertex 8.22769 19.8634 23
    endloop
  endfacet
  facet normal -0.423432 -0.872856 0.242544
    outer loop
      vertex 9.7608 19.1566 23
      vertex 20.2213 43.8633 130.175
      vertex 9.00118 19.5251 23
    endloop
  endfacet
  facet normal -0.0571359 -0.968456 0.242545
    outer loop
      vertex 3.78957 48.1511 130.175
      vertex 1.89625 48.2628 130.175
      vertex 0.844086 21.4834 23
    endloop
  endfacet
  facet normal -0.0950896 -0.965469 0.242545
    outer loop
      vertex 5.67706 47.9652 130.175
      vertex 3.78957 48.1511 130.175
      vertex 1.68687 21.4337 23
    endloop
  endfacet
  facet normal -0.0950329 -0.965474 0.242544
    outer loop
      vertex 2.52705 21.351 23
      vertex 5.67706 47.9652 130.175
      vertex 1.68687 21.4337 23
    endloop
  endfacet
  facet normal -0.281648 -0.928357 0.242545
    outer loop
      vertex 6.64386 20.4477 23
      vertex 13.1106 46.4866 130.175
      vertex 5.83597 20.6928 23
    endloop
  endfacet
  facet normal -0.244988 -0.938698 0.242545
    outer loop
      vertex 5.83597 20.6928 23
      vertex 11.2754 46.9655 130.175
      vertex 5.01907 20.906 23
    endloop
  endfacet
  facet normal -0.17053 -0.955035 0.242544
    outer loop
      vertex 4.19444 21.0869 23
      vertex 9.42286 47.3719 130.175
      vertex 3.36334 21.2353 23
    endloop
  endfacet
  facet normal -0.170538 -0.955033 0.242544
    outer loop
      vertex 9.42286 47.3719 130.175
      vertex 7.55578 47.7053 130.175
      vertex 3.36334 21.2353 23
    endloop
  endfacet
  facet normal -0.749914 -0.615468 0.242545
    outer loop
      vertex 16.8843 13.3105 23
      vertex 37.9308 29.9022 130.175
      vertex 16.3487 13.9631 23
    endloop
  endfacet
  facet normal -0.773514 -0.585532 0.242545
    outer loop
      vertex 39.0755 28.39 130.175
      vertex 37.9308 29.9022 130.175
      vertex 16.8843 13.3105 23
    endloop
  endfacet
  facet normal -0.672382 -0.699338 0.242546
    outer loop
      vertex 34.1533 34.1533 130.175
      vertex 32.7861 35.4678 130.175
      vertex 14.5942 15.7879 23
    endloop
  endfacet
  facet normal -0.817068 -0.52304 0.242545
    outer loop
      vertex 41.1825 25.2367 130.175
      vertex 40.16 26.834 130.175
      vertex 17.8766 11.9448 23
    endloop
  endfacet
  facet normal -0.795898 -0.554724 0.242545
    outer loop
      vertex 40.16 26.834 130.175
      vertex 39.0755 28.39 130.175
      vertex 17.8766 11.9448 23
    endloop
  endfacet
  facet normal -0.938705 -0.244957 0.242545
    outer loop
      vertex 46.9655 11.2754 130.175
      vertex 46.4866 13.1106 130.175
      vertex 20.6928 5.83597 23
    endloop
  endfacet
  facet normal -0.938698 -0.244988 0.242545
    outer loop
      vertex 20.906 5.01907 23
      vertex 46.9655 11.2754 130.175
      vertex 20.6928 5.83597 23
    endloop
  endfacet
  facet normal -0.955035 -0.17053 0.242544
    outer loop
      vertex 21.2353 3.36334 23
      vertex 47.3719 9.42286 130.175
      vertex 21.0869 4.19444 23
    endloop
  endfacet
  facet normal -0.955033 -0.170538 0.242544
    outer loop
      vertex 47.7053 7.55578 130.175
      vertex 47.3719 9.42286 130.175
      vertex 21.2353 3.36334 23
    endloop
  endfacet
  facet normal -0.960987 -0.132952 0.242544
    outer loop
      vertex 21.351 2.52705 23
      vertex 47.9652 5.67706 130.175
      vertex 21.2353 3.36334 23
    endloop
  endfacet
  facet normal 0.170538 -0.955033 0.242544
    outer loop
      vertex -3.36334 21.2353 23
      vertex -7.55578 47.7053 130.175
      vertex -9.42286 47.3719 130.175
    endloop
  endfacet
  facet normal 0.672357 -0.699362 0.242545
    outer loop
      vertex -15.2028 15.2028 23
      vertex -14.5942 15.7879 23
      vertex -34.1533 34.1533 130.175
    endloop
  endfacet
  facet normal 0.58559 -0.773471 0.242544
    outer loop
      vertex -13.3105 16.8843 23
      vertex -12.6374 17.3939 23
      vertex -28.39 39.0755 130.175
    endloop
  endfacet
  facet normal 0.52304 -0.817068 0.242545
    outer loop
      vertex -11.9448 17.8766 23
      vertex -25.2367 41.1825 130.175
      vertex -26.834 40.16 130.175
    endloop
  endfacet
  facet normal 0.523036 -0.817071 0.242545
    outer loop
      vertex -11.9448 17.8766 23
      vertex -11.2337 18.3318 23
      vertex -25.2367 41.1825 130.175
    endloop
  endfacet
  facet normal 0.490589 -0.836955 0.242545
    outer loop
      vertex -11.2337 18.3318 23
      vertex -10.5054 18.7587 23
      vertex -23.6004 42.1416 130.175
    endloop
  endfacet
  facet normal 0.353571 -0.903416 0.242545
    outer loop
      vertex -8.22769 19.8634 23
      vertex -16.7175 45.3146 130.175
      vertex -18.4836 44.6234 130.175
    endloop
  endfacet
  facet normal 0.388752 -0.888844 0.242545
    outer loop
      vertex -9.00118 19.5251 23
      vertex -8.22769 19.8634 23
      vertex -18.4836 44.6234 130.175
    endloop
  endfacet
  facet normal 0.353586 -0.903409 0.242545
    outer loop
      vertex -8.22769 19.8634 23
      vertex -7.44152 20.1711 23
      vertex -16.7175 45.3146 130.175
    endloop
  endfacet
  facet normal 0.317843 -0.916596 0.242545
    outer loop
      vertex -7.44152 20.1711 23
      vertex -6.64386 20.4477 23
      vertex -16.7175 45.3146 130.175
    endloop
  endfacet
  facet normal 0.773471 -0.58559 0.242544
    outer loop
      vertex -17.3939 12.6374 23
      vertex -16.8843 13.3105 23
      vertex -39.0755 28.39 130.175
    endloop
  endfacet
  facet normal 0.888844 -0.388752 0.242545
    outer loop
      vertex -19.8634 8.22769 23
      vertex -19.5251 9.00118 23
      vertex -44.6234 18.4836 130.175
    endloop
  endfacet
  facet normal 0.836955 -0.490589 0.242545
    outer loop
      vertex -18.7587 10.5054 23
      vertex -18.3318 11.2337 23
      vertex -42.1416 23.6004 130.175
    endloop
  endfacet
  facet normal 0.969954 -0.0190282 0.242545
    outer loop
      vertex -21.5 0 23
      vertex -48.2628 1.89625 130.175
      vertex -48.3 0 130.175
    endloop
  endfacet
  facet normal 0.969952 -0.0190753 0.242546
    outer loop
      vertex -21.5 0 23
      vertex -21.4834 0.844086 23
      vertex -48.2628 1.89625 130.175
    endloop
  endfacet
  facet normal 0.938698 -0.244988 0.242545
    outer loop
      vertex -20.906 5.01907 23
      vertex -20.6928 5.83597 23
      vertex -46.9655 11.2754 130.175
    endloop
  endfacet
  facet normal -0.423432 0.872856 0.242544
    outer loop
      vertex 20.2213 -43.8633 130.175
      vertex 9.7608 -19.1566 23
      vertex 9.00118 -19.5251 23
    endloop
  endfacet
  facet normal -0.388789 0.888828 0.242545
    outer loop
      vertex 18.4836 -44.6234 130.175
      vertex 20.2213 -43.8633 130.175
      vertex 9.00118 -19.5251 23
    endloop
  endfacet
  facet normal -0.644412 0.725193 0.242545
    outer loop
      vertex 32.7861 -35.4678 130.175
      vertex 14.5942 -15.7879 23
      vertex 13.9631 -16.3487 23
    endloop
  endfacet
  facet normal -0.644393 0.72521 0.242545
    outer loop
      vertex 31.3683 -36.7276 130.175
      vertex 32.7861 -35.4678 130.175
      vertex 13.9631 -16.3487 23
    endloop
  endfacet
  facet normal 0.836955 0.490589 0.242545
    outer loop
      vertex -18.3318 -11.2337 23
      vertex -18.7587 -10.5054 23
      vertex -42.1416 -23.6004 130.175
    endloop
  endfacet
  facet normal 0.836963 0.490577 0.242545
    outer loop
      vertex -41.1825 -25.2367 130.175
      vertex -18.3318 -11.2337 23
      vertex -42.1416 -23.6004 130.175
    endloop
  endfacet
  facet normal -0.58559 -0.773471 0.242544
    outer loop
      vertex 13.3105 16.8843 23
      vertex 28.39 39.0755 130.175
      vertex 12.6374 17.3939 23
    endloop
  endfacet
  facet normal -0.490589 -0.836955 0.242545
    outer loop
      vertex 11.2337 18.3318 23
      vertex 23.6004 42.1416 130.175
      vertex 10.5054 18.7587 23
    endloop
  endfacet
  facet normal -0.388752 -0.888844 0.242545
    outer loop
      vertex 9.00118 19.5251 23
      vertex 18.4836 44.6234 130.175
      vertex 8.22769 19.8634 23
    endloop
  endfacet
  facet normal -0.0190282 -0.969954 0.242545
    outer loop
      vertex 1.89625 48.2628 130.175
      vertex 0 48.3 130.175
      vertex 0 21.5 23
    endloop
  endfacet
  facet normal -0.0190753 -0.969952 0.242546
    outer loop
      vertex 0.844086 21.4834 23
      vertex 1.89625 48.2628 130.175
      vertex 0 21.5 23
    endloop
  endfacet
  facet normal -0.725193 -0.644412 0.242545
    outer loop
      vertex 16.3487 13.9631 23
      vertex 35.4678 32.7861 130.175
      vertex 15.7879 14.5942 23
    endloop
  endfacet
  facet normal -0.699338 -0.672382 0.242546
    outer loop
      vertex 35.4678 32.7861 130.175
      vertex 34.1533 34.1533 130.175
      vertex 15.7879 14.5942 23
    endloop
  endfacet
  facet normal -0.672357 -0.699362 0.242545
    outer loop
      vertex 15.2028 15.2028 23
      vertex 34.1533 34.1533 130.175
      vertex 14.5942 15.7879 23
    endloop
  endfacet
  facet normal -0.699362 -0.672357 0.242545
    outer loop
      vertex 15.7879 14.5942 23
      vertex 34.1533 34.1533 130.175
      vertex 15.2028 15.2028 23
    endloop
  endfacet
  facet normal -0.817071 -0.523036 0.242545
    outer loop
      vertex 18.3318 11.2337 23
      vertex 41.1825 25.2367 130.175
      vertex 17.8766 11.9448 23
    endloop
  endfacet
  facet normal -0.836955 -0.490589 0.242545
    outer loop
      vertex 18.7587 10.5054 23
      vertex 42.1416 23.6004 130.175
      vertex 18.3318 11.2337 23
    endloop
  endfacet
  facet normal -0.836963 -0.490577 0.242545
    outer loop
      vertex 42.1416 23.6004 130.175
      vertex 41.1825 25.2367 130.175
      vertex 18.3318 11.2337 23
    endloop
  endfacet
  facet normal -0.872875 -0.423393 0.242545
    outer loop
      vertex 43.8633 20.2213 130.175
      vertex 43.0356 21.9277 130.175
      vertex 19.1566 9.7608 23
    endloop
  endfacet
  facet normal -0.872856 -0.423432 0.242544
    outer loop
      vertex 19.5251 9.00118 23
      vertex 43.8633 20.2213 130.175
      vertex 19.1566 9.7608 23
    endloop
  endfacet
  facet normal -0.903416 -0.353571 0.242545
    outer loop
      vertex 45.3146 16.7175 130.175
      vertex 44.6234 18.4836 130.175
      vertex 19.8634 8.22769 23
    endloop
  endfacet
  facet normal -0.888844 -0.388752 0.242545
    outer loop
      vertex 19.8634 8.22769 23
      vertex 44.6234 18.4836 130.175
      vertex 19.5251 9.00118 23
    endloop
  endfacet
  facet normal -0.903409 -0.353586 0.242545
    outer loop
      vertex 20.1711 7.44152 23
      vertex 45.3146 16.7175 130.175
      vertex 19.8634 8.22769 23
    endloop
  endfacet
  facet normal -0.916596 -0.317843 0.242545
    outer loop
      vertex 20.4477 6.64386 23
      vertex 45.3146 16.7175 130.175
      vertex 20.1711 7.44152 23
    endloop
  endfacet
  facet normal 0.423432 -0.872856 0.242544
    outer loop
      vertex -9.7608 19.1566 23
      vertex -9.00118 19.5251 23
      vertex -20.2213 43.8633 130.175
    endloop
  endfacet
  facet normal 0.969952 0.0190753 0.242546
    outer loop
      vertex -21.4834 -0.844086 23
      vertex -21.5 0 23
      vertex -48.2628 -1.89625 130.175
    endloop
  endfacet
  facet normal 0.855634 0.457234 0.242544
    outer loop
      vertex -18.7587 -10.5054 23
      vertex -19.1566 -9.7608 23
      vertex -42.1416 -23.6004 130.175
    endloop
  endfacet
  facet normal 0.0190753 -0.969952 0.242546
    outer loop
      vertex -0.844086 21.4834 23
      vertex 0 21.5 23
      vertex -1.89625 48.2628 130.175
    endloop
  endfacet
  facet normal 0.457234 -0.855634 0.242544
    outer loop
      vertex -10.5054 18.7587 23
      vertex -9.7608 19.1566 23
      vertex -23.6004 42.1416 130.175
    endloop
  endfacet
  facet normal 0 -0.803196 0.595715
    outer loop
      vertex -15.45 1.00491 3.17529
      vertex -12.95 1.08091 3.27776
      vertex -15.45 1.08091 3.27776
    endloop
  endfacet
  facet normal 0 -0.803196 0.595715
    outer loop
      vertex -12.95 1.08091 3.27776
      vertex -15.45 1.00491 3.17529
      vertex -12.95 1.00491 3.17529
    endloop
  endfacet
  facet normal 0 -0.941543 -0.336892
    outer loop
      vertex -15.45 1.24402 4.37737
      vertex -12.95 1.20104 4.49749
      vertex -15.45 1.20104 4.49749
    endloop
  endfacet
  facet normal 0 -0.941543 -0.336892
    outer loop
      vertex -12.95 1.20104 4.49749
      vertex -15.45 1.24402 4.37737
      vertex -12.95 1.24402 4.37737
    endloop
  endfacet
  facet normal 0 -0.427519 -0.904006
    outer loop
      vertex -15.45 0.497488 5.20104
      vertex -12.95 0.612815 5.1465
      vertex -12.95 0.497488 5.20104
    endloop
  endfacet
  facet normal -0 -0.427519 -0.904006
    outer loop
      vertex -12.95 0.612815 5.1465
      vertex -15.45 0.497488 5.20104
      vertex -15.45 0.612815 5.1465
    endloop
  endfacet
  facet normal -0 0.336897 0.941541
    outer loop
      vertex -15.45 -0.37737 2.75598
      vertex -12.95 -0.497488 2.79896
      vertex -12.95 -0.37737 2.75598
    endloop
  endfacet
  facet normal 0 0.336897 0.941541
    outer loop
      vertex -12.95 -0.497488 2.79896
      vertex -15.45 -0.37737 2.75598
      vertex -15.45 -0.497488 2.79896
    endloop
  endfacet
  facet normal 0 0.336897 -0.941541
    outer loop
      vertex -15.45 -0.497488 5.20104
      vertex -12.95 -0.37737 5.24402
      vertex -12.95 -0.497488 5.20104
    endloop
  endfacet
  facet normal 0 0.336897 -0.941541
    outer loop
      vertex -12.95 -0.37737 5.24402
      vertex -15.45 -0.497488 5.20104
      vertex -15.45 -0.37737 5.24402
    endloop
  endfacet
  facet normal 0 0.903996 -0.42754
    outer loop
      vertex -12.95 -1.20104 4.49749
      vertex -15.45 -1.1465 4.61281
      vertex -12.95 -1.1465 4.61281
    endloop
  endfacet
  facet normal 0 0.903996 -0.42754
    outer loop
      vertex -15.45 -1.1465 4.61281
      vertex -12.95 -1.20104 4.49749
      vertex -15.45 -1.20104 4.49749
    endloop
  endfacet
  facet normal 0 -0.514121 0.857718
    outer loop
      vertex -15.45 0.72224 2.91909
      vertex -12.95 0.612815 2.8535
      vertex -12.95 0.72224 2.91909
    endloop
  endfacet
  facet normal 0 -0.514121 0.857718
    outer loop
      vertex -12.95 0.612815 2.8535
      vertex -15.45 0.72224 2.91909
      vertex -15.45 0.612815 2.8535
    endloop
  endfacet
  facet normal 0 -0.970027 0.242997
    outer loop
      vertex -15.45 1.24402 3.62263
      vertex -12.95 1.27502 3.74638
      vertex -15.45 1.27502 3.74638
    endloop
  endfacet
  facet normal 0 -0.970027 0.242997
    outer loop
      vertex -12.95 1.27502 3.74638
      vertex -15.45 1.24402 3.62263
      vertex -12.95 1.24402 3.62263
    endloop
  endfacet
  facet normal 0 -0.989177 0.14673
    outer loop
      vertex -15.45 1.27502 3.74638
      vertex -12.95 1.29374 3.87258
      vertex -15.45 1.29374 3.87258
    endloop
  endfacet
  facet normal 0 -0.989177 0.14673
    outer loop
      vertex -12.95 1.29374 3.87258
      vertex -15.45 1.27502 3.74638
      vertex -12.95 1.27502 3.74638
    endloop
  endfacet
  facet normal 0 -0.146735 -0.989176
    outer loop
      vertex -15.45 0.127421 5.29374
      vertex -12.95 0.253617 5.27502
      vertex -12.95 0.127421 5.29374
    endloop
  endfacet
  facet normal -0 -0.146735 -0.989176
    outer loop
      vertex -12.95 0.253617 5.27502
      vertex -15.45 0.127421 5.29374
      vertex -15.45 0.253617 5.27502
    endloop
  endfacet
  facet normal 0 -0.671541 -0.740968
    outer loop
      vertex -15.45 0.824711 5.00491
      vertex -12.95 0.919238 4.91924
      vertex -12.95 0.824711 5.00491
    endloop
  endfacet
  facet normal -0 -0.671541 -0.740968
    outer loop
      vertex -12.95 0.919238 4.91924
      vertex -15.45 0.824711 5.00491
      vertex -15.45 0.919238 4.91924
    endloop
  endfacet
  facet normal 0 -0.989177 -0.14673
    outer loop
      vertex -15.45 1.29374 4.12742
      vertex -12.95 1.27502 4.25362
      vertex -15.45 1.27502 4.25362
    endloop
  endfacet
  facet normal 0 -0.989177 -0.14673
    outer loop
      vertex -12.95 1.27502 4.25362
      vertex -15.45 1.29374 4.12742
      vertex -12.95 1.29374 4.12742
    endloop
  endfacet
  facet normal -0 0.0490693 0.998795
    outer loop
      vertex -15.45 0 2.7
      vertex -12.95 -0.127421 2.70626
      vertex -12.95 0 2.7
    endloop
  endfacet
  facet normal 0 0.0490693 0.998795
    outer loop
      vertex -12.95 -0.127421 2.70626
      vertex -15.45 0 2.7
      vertex -15.45 -0.127421 2.70626
    endloop
  endfacet
  facet normal -0 0.595711 0.803199
    outer loop
      vertex -15.45 -0.72224 2.91909
      vertex -12.95 -0.824711 2.99509
      vertex -12.95 -0.72224 2.91909
    endloop
  endfacet
  facet normal 0 0.595711 0.803199
    outer loop
      vertex -12.95 -0.824711 2.99509
      vertex -15.45 -0.72224 2.91909
      vertex -15.45 -0.824711 2.99509
    endloop
  endfacet
  facet normal 0 0.989177 -0.14673
    outer loop
      vertex -12.95 -1.29374 4.12742
      vertex -15.45 -1.27502 4.25362
      vertex -12.95 -1.27502 4.25362
    endloop
  endfacet
  facet normal 0 0.989177 -0.14673
    outer loop
      vertex -15.45 -1.27502 4.25362
      vertex -12.95 -1.29374 4.12742
      vertex -15.45 -1.29374 4.12742
    endloop
  endfacet
  facet normal 0 0.740971 -0.671537
    outer loop
      vertex -12.95 -1.00491 4.82471
      vertex -15.45 -0.919238 4.91924
      vertex -12.95 -0.919238 4.91924
    endloop
  endfacet
  facet normal 0 0.740971 -0.671537
    outer loop
      vertex -15.45 -0.919238 4.91924
      vertex -12.95 -1.00491 4.82471
      vertex -15.45 -1.00491 4.82471
    endloop
  endfacet
  facet normal 0 0.146735 -0.989176
    outer loop
      vertex -15.45 -0.253617 5.27502
      vertex -12.95 -0.127421 5.29374
      vertex -12.95 -0.253617 5.27502
    endloop
  endfacet
  facet normal 0 0.146735 -0.989176
    outer loop
      vertex -12.95 -0.127421 5.29374
      vertex -15.45 -0.253617 5.27502
      vertex -15.45 -0.127421 5.29374
    endloop
  endfacet
  facet normal 0 -0.146735 0.989176
    outer loop
      vertex -15.45 0.253617 2.72498
      vertex -12.95 0.127421 2.70626
      vertex -12.95 0.253617 2.72498
    endloop
  endfacet
  facet normal 0 -0.146735 0.989176
    outer loop
      vertex -12.95 0.127421 2.70626
      vertex -15.45 0.253617 2.72498
      vertex -15.45 0.127421 2.70626
    endloop
  endfacet
  facet normal 0 -0.336897 0.941541
    outer loop
      vertex -15.45 0.497488 2.79896
      vertex -12.95 0.37737 2.75598
      vertex -12.95 0.497488 2.79896
    endloop
  endfacet
  facet normal 0 -0.336897 0.941541
    outer loop
      vertex -12.95 0.37737 2.75598
      vertex -15.45 0.497488 2.79896
      vertex -15.45 0.37737 2.75598
    endloop
  endfacet
  facet normal 0 -0.671541 0.740968
    outer loop
      vertex -15.45 0.919238 3.08076
      vertex -12.95 0.824711 2.99509
      vertex -12.95 0.919238 3.08076
    endloop
  endfacet
  facet normal 0 -0.671541 0.740968
    outer loop
      vertex -12.95 0.824711 2.99509
      vertex -15.45 0.919238 3.08076
      vertex -15.45 0.824711 2.99509
    endloop
  endfacet
  facet normal 0 -0.904011 0.42751
    outer loop
      vertex -15.45 1.1465 3.38718
      vertex -12.95 1.20104 3.50251
      vertex -15.45 1.20104 3.50251
    endloop
  endfacet
  facet normal 0 -0.904011 0.42751
    outer loop
      vertex -12.95 1.20104 3.50251
      vertex -15.45 1.1465 3.38718
      vertex -12.95 1.1465 3.38718
    endloop
  endfacet
  facet normal 0 -0.0490693 -0.998795
    outer loop
      vertex -15.45 0 5.3
      vertex -12.95 0.127421 5.29374
      vertex -12.95 0 5.3
    endloop
  endfacet
  facet normal -0 -0.0490693 -0.998795
    outer loop
      vertex -12.95 0.127421 5.29374
      vertex -15.45 0 5.3
      vertex -15.45 0.127421 5.29374
    endloop
  endfacet
  facet normal 0 -0.336897 -0.941541
    outer loop
      vertex -15.45 0.37737 5.24402
      vertex -12.95 0.497488 5.20104
      vertex -12.95 0.37737 5.24402
    endloop
  endfacet
  facet normal -0 -0.336897 -0.941541
    outer loop
      vertex -12.95 0.497488 5.20104
      vertex -15.45 0.37737 5.24402
      vertex -15.45 0.497488 5.20104
    endloop
  endfacet
  facet normal 0 -0.242991 -0.970029
    outer loop
      vertex -15.45 0.253617 5.27502
      vertex -12.95 0.37737 5.24402
      vertex -12.95 0.253617 5.27502
    endloop
  endfacet
  facet normal -0 -0.242991 -0.970029
    outer loop
      vertex -12.95 0.37737 5.24402
      vertex -15.45 0.253617 5.27502
      vertex -15.45 0.37737 5.24402
    endloop
  endfacet
  facet normal 0 -0.514121 -0.857718
    outer loop
      vertex -15.45 0.612815 5.1465
      vertex -12.95 0.72224 5.08091
      vertex -12.95 0.612815 5.1465
    endloop
  endfacet
  facet normal -0 -0.514121 -0.857718
    outer loop
      vertex -12.95 0.72224 5.08091
      vertex -15.45 0.612815 5.1465
      vertex -15.45 0.72224 5.08091
    endloop
  endfacet
  facet normal 0 -0.595711 -0.803199
    outer loop
      vertex -15.45 0.72224 5.08091
      vertex -12.95 0.824711 5.00491
      vertex -12.95 0.72224 5.08091
    endloop
  endfacet
  facet normal -0 -0.595711 -0.803199
    outer loop
      vertex -12.95 0.824711 5.00491
      vertex -15.45 0.72224 5.08091
      vertex -15.45 0.824711 5.00491
    endloop
  endfacet
  facet normal 0 -0.970027 -0.242997
    outer loop
      vertex -15.45 1.27502 4.25362
      vertex -12.95 1.24402 4.37737
      vertex -15.45 1.24402 4.37737
    endloop
  endfacet
  facet normal 0 -0.970027 -0.242997
    outer loop
      vertex -12.95 1.24402 4.37737
      vertex -15.45 1.27502 4.25362
      vertex -12.95 1.27502 4.25362
    endloop
  endfacet
  facet normal 0 -0.998795 -0.0490697
    outer loop
      vertex -15.45 1.3 4
      vertex -12.95 1.29374 4.12742
      vertex -15.45 1.29374 4.12742
    endloop
  endfacet
  facet normal 0 -0.998795 -0.0490697
    outer loop
      vertex -12.95 1.29374 4.12742
      vertex -15.45 1.3 4
      vertex -12.95 1.3 4
    endloop
  endfacet
  facet normal 0 -0.857728 -0.514104
    outer loop
      vertex -15.45 1.1465 4.61281
      vertex -12.95 1.08091 4.72224
      vertex -15.45 1.08091 4.72224
    endloop
  endfacet
  facet normal 0 -0.857728 -0.514104
    outer loop
      vertex -12.95 1.08091 4.72224
      vertex -15.45 1.1465 4.61281
      vertex -12.95 1.1465 4.61281
    endloop
  endfacet
  facet normal 0 -0.803196 -0.595715
    outer loop
      vertex -15.45 1.08091 4.72224
      vertex -12.95 1.00491 4.82471
      vertex -15.45 1.00491 4.82471
    endloop
  endfacet
  facet normal 0 -0.803196 -0.595715
    outer loop
      vertex -12.95 1.00491 4.82471
      vertex -15.45 1.08091 4.72224
      vertex -12.95 1.08091 4.72224
    endloop
  endfacet
  facet normal 0 -0.903996 -0.42754
    outer loop
      vertex -15.45 1.20104 4.49749
      vertex -12.95 1.1465 4.61281
      vertex -15.45 1.1465 4.61281
    endloop
  endfacet
  facet normal 0 -0.903996 -0.42754
    outer loop
      vertex -12.95 1.1465 4.61281
      vertex -15.45 1.20104 4.49749
      vertex -12.95 1.20104 4.49749
    endloop
  endfacet
  facet normal 0 -0.740971 -0.671537
    outer loop
      vertex -15.45 1.00491 4.82471
      vertex -12.95 0.919238 4.91924
      vertex -15.45 0.919238 4.91924
    endloop
  endfacet
  facet normal 0 -0.740971 -0.671537
    outer loop
      vertex -12.95 0.919238 4.91924
      vertex -15.45 1.00491 4.82471
      vertex -12.95 1.00491 4.82471
    endloop
  endfacet
  facet normal 0 -0.0490693 0.998795
    outer loop
      vertex -15.45 0.127421 2.70626
      vertex -12.95 0 2.7
      vertex -12.95 0.127421 2.70626
    endloop
  endfacet
  facet normal 0 -0.0490693 0.998795
    outer loop
      vertex -12.95 0 2.7
      vertex -15.45 0.127421 2.70626
      vertex -15.45 0 2.7
    endloop
  endfacet
  facet normal 0 0.998795 0.0490697
    outer loop
      vertex -12.95 -1.29374 3.87258
      vertex -15.45 -1.3 4
      vertex -12.95 -1.3 4
    endloop
  endfacet
  facet normal 0 0.998795 0.0490697
    outer loop
      vertex -15.45 -1.3 4
      vertex -12.95 -1.29374 3.87258
      vertex -15.45 -1.29374 3.87258
    endloop
  endfacet
  facet normal -0 0.242991 0.970029
    outer loop
      vertex -15.45 -0.253617 2.72498
      vertex -12.95 -0.37737 2.75598
      vertex -12.95 -0.253617 2.72498
    endloop
  endfacet
  facet normal 0 0.242991 0.970029
    outer loop
      vertex -12.95 -0.37737 2.75598
      vertex -15.45 -0.253617 2.72498
      vertex -15.45 -0.37737 2.75598
    endloop
  endfacet
  facet normal 0 0.970027 0.242997
    outer loop
      vertex -12.95 -1.24402 3.62263
      vertex -15.45 -1.27502 3.74638
      vertex -12.95 -1.27502 3.74638
    endloop
  endfacet
  facet normal 0 0.970027 0.242997
    outer loop
      vertex -15.45 -1.27502 3.74638
      vertex -12.95 -1.24402 3.62263
      vertex -15.45 -1.24402 3.62263
    endloop
  endfacet
  facet normal 0 0.740971 0.671537
    outer loop
      vertex -12.95 -0.919238 3.08076
      vertex -15.45 -1.00491 3.17529
      vertex -12.95 -1.00491 3.17529
    endloop
  endfacet
  facet normal 0 0.740971 0.671537
    outer loop
      vertex -15.45 -1.00491 3.17529
      vertex -12.95 -0.919238 3.08076
      vertex -15.45 -0.919238 3.08076
    endloop
  endfacet
  facet normal -0 0.427519 0.904006
    outer loop
      vertex -15.45 -0.497488 2.79896
      vertex -12.95 -0.612815 2.8535
      vertex -12.95 -0.497488 2.79896
    endloop
  endfacet
  facet normal 0 0.427519 0.904006
    outer loop
      vertex -12.95 -0.612815 2.8535
      vertex -15.45 -0.497488 2.79896
      vertex -15.45 -0.612815 2.8535
    endloop
  endfacet
  facet normal 0 0.998795 -0.0490697
    outer loop
      vertex -12.95 -1.3 4
      vertex -15.45 -1.29374 4.12742
      vertex -12.95 -1.29374 4.12742
    endloop
  endfacet
  facet normal 0 0.998795 -0.0490697
    outer loop
      vertex -15.45 -1.29374 4.12742
      vertex -12.95 -1.3 4
      vertex -15.45 -1.3 4
    endloop
  endfacet
  facet normal 0 0.941543 -0.336892
    outer loop
      vertex -12.95 -1.24402 4.37737
      vertex -15.45 -1.20104 4.49749
      vertex -12.95 -1.20104 4.49749
    endloop
  endfacet
  facet normal 0 0.941543 -0.336892
    outer loop
      vertex -15.45 -1.20104 4.49749
      vertex -12.95 -1.24402 4.37737
      vertex -15.45 -1.24402 4.37737
    endloop
  endfacet
  facet normal 0 0.970027 -0.242997
    outer loop
      vertex -12.95 -1.27502 4.25362
      vertex -15.45 -1.24402 4.37737
      vertex -12.95 -1.24402 4.37737
    endloop
  endfacet
  facet normal 0 0.970027 -0.242997
    outer loop
      vertex -15.45 -1.24402 4.37737
      vertex -12.95 -1.27502 4.25362
      vertex -15.45 -1.27502 4.25362
    endloop
  endfacet
  facet normal 0 0.857728 -0.514104
    outer loop
      vertex -12.95 -1.1465 4.61281
      vertex -15.45 -1.08091 4.72224
      vertex -12.95 -1.08091 4.72224
    endloop
  endfacet
  facet normal 0 0.857728 -0.514104
    outer loop
      vertex -15.45 -1.08091 4.72224
      vertex -12.95 -1.1465 4.61281
      vertex -15.45 -1.1465 4.61281
    endloop
  endfacet
  facet normal 0 0.803196 -0.595715
    outer loop
      vertex -12.95 -1.08091 4.72224
      vertex -15.45 -1.00491 4.82471
      vertex -12.95 -1.00491 4.82471
    endloop
  endfacet
  facet normal 0 0.803196 -0.595715
    outer loop
      vertex -15.45 -1.00491 4.82471
      vertex -12.95 -1.08091 4.72224
      vertex -15.45 -1.08091 4.72224
    endloop
  endfacet
  facet normal 0 0.242991 -0.970029
    outer loop
      vertex -15.45 -0.37737 5.24402
      vertex -12.95 -0.253617 5.27502
      vertex -12.95 -0.37737 5.24402
    endloop
  endfacet
  facet normal 0 0.242991 -0.970029
    outer loop
      vertex -12.95 -0.253617 5.27502
      vertex -15.45 -0.37737 5.24402
      vertex -15.45 -0.253617 5.27502
    endloop
  endfacet
  facet normal 0 0.0490693 -0.998795
    outer loop
      vertex -15.45 -0.127421 5.29374
      vertex -12.95 0 5.3
      vertex -12.95 -0.127421 5.29374
    endloop
  endfacet
  facet normal 0 0.0490693 -0.998795
    outer loop
      vertex -12.95 0 5.3
      vertex -15.45 -0.127421 5.29374
      vertex -15.45 0 5.3
    endloop
  endfacet
  facet normal 0 0.514121 -0.857718
    outer loop
      vertex -15.45 -0.72224 5.08091
      vertex -12.95 -0.612815 5.1465
      vertex -12.95 -0.72224 5.08091
    endloop
  endfacet
  facet normal 0 0.514121 -0.857718
    outer loop
      vertex -12.95 -0.612815 5.1465
      vertex -15.45 -0.72224 5.08091
      vertex -15.45 -0.612815 5.1465
    endloop
  endfacet
  facet normal 0 0.595711 -0.803199
    outer loop
      vertex -15.45 -0.824711 5.00491
      vertex -12.95 -0.72224 5.08091
      vertex -12.95 -0.824711 5.00491
    endloop
  endfacet
  facet normal 0 0.595711 -0.803199
    outer loop
      vertex -12.95 -0.72224 5.08091
      vertex -15.45 -0.824711 5.00491
      vertex -15.45 -0.72224 5.08091
    endloop
  endfacet
  facet normal 0 0.427519 -0.904006
    outer loop
      vertex -15.45 -0.612815 5.1465
      vertex -12.95 -0.497488 5.20104
      vertex -12.95 -0.612815 5.1465
    endloop
  endfacet
  facet normal 0 0.427519 -0.904006
    outer loop
      vertex -12.95 -0.497488 5.20104
      vertex -15.45 -0.612815 5.1465
      vertex -15.45 -0.497488 5.20104
    endloop
  endfacet
  facet normal 0 0.671541 -0.740968
    outer loop
      vertex -15.45 -0.919238 4.91924
      vertex -12.95 -0.824711 5.00491
      vertex -12.95 -0.919238 4.91924
    endloop
  endfacet
  facet normal 0 0.671541 -0.740968
    outer loop
      vertex -12.95 -0.824711 5.00491
      vertex -15.45 -0.919238 4.91924
      vertex -15.45 -0.824711 5.00491
    endloop
  endfacet
  facet normal 0 -0.242991 0.970029
    outer loop
      vertex -15.45 0.37737 2.75598
      vertex -12.95 0.253617 2.72498
      vertex -12.95 0.37737 2.75598
    endloop
  endfacet
  facet normal 0 -0.242991 0.970029
    outer loop
      vertex -12.95 0.253617 2.72498
      vertex -15.45 0.37737 2.75598
      vertex -15.45 0.253617 2.72498
    endloop
  endfacet
  facet normal 0 -0.427519 0.904006
    outer loop
      vertex -15.45 0.612815 2.8535
      vertex -12.95 0.497488 2.79896
      vertex -12.95 0.612815 2.8535
    endloop
  endfacet
  facet normal 0 -0.427519 0.904006
    outer loop
      vertex -12.95 0.497488 2.79896
      vertex -15.45 0.612815 2.8535
      vertex -15.45 0.497488 2.79896
    endloop
  endfacet
  facet normal 0 -0.595711 0.803199
    outer loop
      vertex -15.45 0.824711 2.99509
      vertex -12.95 0.72224 2.91909
      vertex -12.95 0.824711 2.99509
    endloop
  endfacet
  facet normal 0 -0.595711 0.803199
    outer loop
      vertex -12.95 0.72224 2.91909
      vertex -15.45 0.824711 2.99509
      vertex -15.45 0.72224 2.91909
    endloop
  endfacet
  facet normal 0 -0.740971 0.671537
    outer loop
      vertex -15.45 0.919238 3.08076
      vertex -12.95 1.00491 3.17529
      vertex -15.45 1.00491 3.17529
    endloop
  endfacet
  facet normal 0 -0.740971 0.671537
    outer loop
      vertex -12.95 1.00491 3.17529
      vertex -15.45 0.919238 3.08076
      vertex -12.95 0.919238 3.08076
    endloop
  endfacet
  facet normal 0 -0.857707 0.514138
    outer loop
      vertex -15.45 1.08091 3.27776
      vertex -12.95 1.1465 3.38718
      vertex -15.45 1.1465 3.38718
    endloop
  endfacet
  facet normal 0 -0.857707 0.514138
    outer loop
      vertex -12.95 1.1465 3.38718
      vertex -15.45 1.08091 3.27776
      vertex -12.95 1.08091 3.27776
    endloop
  endfacet
  facet normal 0 -0.941543 0.336892
    outer loop
      vertex -15.45 1.20104 3.50251
      vertex -12.95 1.24402 3.62263
      vertex -15.45 1.24402 3.62263
    endloop
  endfacet
  facet normal 0 -0.941543 0.336892
    outer loop
      vertex -12.95 1.24402 3.62263
      vertex -15.45 1.20104 3.50251
      vertex -12.95 1.20104 3.50251
    endloop
  endfacet
  facet normal 0 -0.998795 0.0490697
    outer loop
      vertex -15.45 1.29374 3.87258
      vertex -12.95 1.3 4
      vertex -15.45 1.3 4
    endloop
  endfacet
  facet normal 0 -0.998795 0.0490697
    outer loop
      vertex -12.95 1.3 4
      vertex -15.45 1.29374 3.87258
      vertex -12.95 1.29374 3.87258
    endloop
  endfacet
  facet normal -0 0.146735 0.989176
    outer loop
      vertex -15.45 -0.127421 2.70626
      vertex -12.95 -0.253617 2.72498
      vertex -12.95 -0.127421 2.70626
    endloop
  endfacet
  facet normal 0 0.146735 0.989176
    outer loop
      vertex -12.95 -0.253617 2.72498
      vertex -15.45 -0.127421 2.70626
      vertex -15.45 -0.253617 2.72498
    endloop
  endfacet
  facet normal 0 0.989177 0.14673
    outer loop
      vertex -12.95 -1.27502 3.74638
      vertex -15.45 -1.29374 3.87258
      vertex -12.95 -1.29374 3.87258
    endloop
  endfacet
  facet normal 0 0.989177 0.14673
    outer loop
      vertex -15.45 -1.29374 3.87258
      vertex -12.95 -1.27502 3.74638
      vertex -15.45 -1.27502 3.74638
    endloop
  endfacet
  facet normal 0 0.941543 0.336892
    outer loop
      vertex -12.95 -1.20104 3.50251
      vertex -15.45 -1.24402 3.62263
      vertex -12.95 -1.24402 3.62263
    endloop
  endfacet
  facet normal 0 0.941543 0.336892
    outer loop
      vertex -15.45 -1.24402 3.62263
      vertex -12.95 -1.20104 3.50251
      vertex -15.45 -1.20104 3.50251
    endloop
  endfacet
  facet normal -0 0.671541 0.740968
    outer loop
      vertex -15.45 -0.824711 2.99509
      vertex -12.95 -0.919238 3.08076
      vertex -12.95 -0.824711 2.99509
    endloop
  endfacet
  facet normal 0 0.671541 0.740968
    outer loop
      vertex -12.95 -0.919238 3.08076
      vertex -15.45 -0.824711 2.99509
      vertex -15.45 -0.919238 3.08076
    endloop
  endfacet
  facet normal 0 0.803196 0.595715
    outer loop
      vertex -12.95 -1.00491 3.17529
      vertex -15.45 -1.08091 3.27776
      vertex -12.95 -1.08091 3.27776
    endloop
  endfacet
  facet normal 0 0.803196 0.595715
    outer loop
      vertex -15.45 -1.08091 3.27776
      vertex -12.95 -1.00491 3.17529
      vertex -15.45 -1.00491 3.17529
    endloop
  endfacet
  facet normal 0 0.904011 0.42751
    outer loop
      vertex -12.95 -1.1465 3.38718
      vertex -15.45 -1.20104 3.50251
      vertex -12.95 -1.20104 3.50251
    endloop
  endfacet
  facet normal 0 0.904011 0.42751
    outer loop
      vertex -15.45 -1.20104 3.50251
      vertex -12.95 -1.1465 3.38718
      vertex -15.45 -1.1465 3.38718
    endloop
  endfacet
  facet normal -0 0.514121 0.857718
    outer loop
      vertex -15.45 -0.612815 2.8535
      vertex -12.95 -0.72224 2.91909
      vertex -12.95 -0.612815 2.8535
    endloop
  endfacet
  facet normal 0 0.514121 0.857718
    outer loop
      vertex -12.95 -0.72224 2.91909
      vertex -15.45 -0.612815 2.8535
      vertex -15.45 -0.72224 2.91909
    endloop
  endfacet
  facet normal 0 0.857707 0.514138
    outer loop
      vertex -12.95 -1.08091 3.27776
      vertex -15.45 -1.1465 3.38718
      vertex -12.95 -1.1465 3.38718
    endloop
  endfacet
  facet normal 0 0.857707 0.514138
    outer loop
      vertex -15.45 -1.1465 3.38718
      vertex -12.95 -1.08091 3.27776
      vertex -15.45 -1.08091 3.27776
    endloop
  endfacet
  facet normal 0 -0.0490693 -0.998795
    outer loop
      vertex 12.95 0 5.3
      vertex 15.45 0.127421 5.29374
      vertex 15.45 0 5.3
    endloop
  endfacet
  facet normal -0 -0.0490693 -0.998795
    outer loop
      vertex 15.45 0.127421 5.29374
      vertex 12.95 0 5.3
      vertex 12.95 0.127421 5.29374
    endloop
  endfacet
  facet normal 0 -0.803196 -0.595715
    outer loop
      vertex 12.95 1.08091 4.72224
      vertex 15.45 1.00491 4.82471
      vertex 12.95 1.00491 4.82471
    endloop
  endfacet
  facet normal 0 -0.803196 -0.595715
    outer loop
      vertex 15.45 1.00491 4.82471
      vertex 12.95 1.08091 4.72224
      vertex 15.45 1.08091 4.72224
    endloop
  endfacet
  facet normal 0 -0.941543 0.336892
    outer loop
      vertex 12.95 1.20104 3.50251
      vertex 15.45 1.24402 3.62263
      vertex 12.95 1.24402 3.62263
    endloop
  endfacet
  facet normal 0 -0.941543 0.336892
    outer loop
      vertex 15.45 1.24402 3.62263
      vertex 12.95 1.20104 3.50251
      vertex 15.45 1.20104 3.50251
    endloop
  endfacet
  facet normal -0 0.336897 0.941541
    outer loop
      vertex 12.95 -0.37737 2.75598
      vertex 15.45 -0.497488 2.79896
      vertex 15.45 -0.37737 2.75598
    endloop
  endfacet
  facet normal 0 0.336897 0.941541
    outer loop
      vertex 15.45 -0.497488 2.79896
      vertex 12.95 -0.37737 2.75598
      vertex 12.95 -0.497488 2.79896
    endloop
  endfacet
  facet normal 0 -0.970027 -0.242997
    outer loop
      vertex 12.95 1.27502 4.25362
      vertex 15.45 1.24402 4.37737
      vertex 12.95 1.24402 4.37737
    endloop
  endfacet
  facet normal 0 -0.970027 -0.242997
    outer loop
      vertex 15.45 1.24402 4.37737
      vertex 12.95 1.27502 4.25362
      vertex 15.45 1.27502 4.25362
    endloop
  endfacet
  facet normal 0 -0.989177 0.14673
    outer loop
      vertex 12.95 1.27502 3.74638
      vertex 15.45 1.29374 3.87258
      vertex 12.95 1.29374 3.87258
    endloop
  endfacet
  facet normal 0 -0.989177 0.14673
    outer loop
      vertex 15.45 1.29374 3.87258
      vertex 12.95 1.27502 3.74638
      vertex 15.45 1.27502 3.74638
    endloop
  endfacet
  facet normal 0 0.0490693 -0.998795
    outer loop
      vertex 12.95 -0.127421 5.29374
      vertex 15.45 0 5.3
      vertex 15.45 -0.127421 5.29374
    endloop
  endfacet
  facet normal 0 0.0490693 -0.998795
    outer loop
      vertex 15.45 0 5.3
      vertex 12.95 -0.127421 5.29374
      vertex 12.95 0 5.3
    endloop
  endfacet
  facet normal -0 0.146735 0.989176
    outer loop
      vertex 12.95 -0.127421 2.70626
      vertex 15.45 -0.253617 2.72498
      vertex 15.45 -0.127421 2.70626
    endloop
  endfacet
  facet normal 0 0.146735 0.989176
    outer loop
      vertex 15.45 -0.253617 2.72498
      vertex 12.95 -0.127421 2.70626
      vertex 12.95 -0.253617 2.72498
    endloop
  endfacet
  facet normal 0 -0.146735 -0.989176
    outer loop
      vertex 12.95 0.127421 5.29374
      vertex 15.45 0.253617 5.27502
      vertex 15.45 0.127421 5.29374
    endloop
  endfacet
  facet normal -0 -0.146735 -0.989176
    outer loop
      vertex 15.45 0.253617 5.27502
      vertex 12.95 0.127421 5.29374
      vertex 12.95 0.253617 5.27502
    endloop
  endfacet
  facet normal 0 -0.242991 -0.970029
    outer loop
      vertex 12.95 0.253617 5.27502
      vertex 15.45 0.37737 5.24402
      vertex 15.45 0.253617 5.27502
    endloop
  endfacet
  facet normal -0 -0.242991 -0.970029
    outer loop
      vertex 15.45 0.37737 5.24402
      vertex 12.95 0.253617 5.27502
      vertex 12.95 0.37737 5.24402
    endloop
  endfacet
  facet normal 0 -0.514121 -0.857718
    outer loop
      vertex 12.95 0.612815 5.1465
      vertex 15.45 0.72224 5.08091
      vertex 15.45 0.612815 5.1465
    endloop
  endfacet
  facet normal -0 -0.514121 -0.857718
    outer loop
      vertex 15.45 0.72224 5.08091
      vertex 12.95 0.612815 5.1465
      vertex 12.95 0.72224 5.08091
    endloop
  endfacet
  facet normal 0 -0.998795 -0.0490697
    outer loop
      vertex 12.95 1.3 4
      vertex 15.45 1.29374 4.12742
      vertex 12.95 1.29374 4.12742
    endloop
  endfacet
  facet normal 0 -0.998795 -0.0490697
    outer loop
      vertex 15.45 1.29374 4.12742
      vertex 12.95 1.3 4
      vertex 15.45 1.3 4
    endloop
  endfacet
  facet normal 0 -0.0490693 0.998795
    outer loop
      vertex 12.95 0.127421 2.70626
      vertex 15.45 0 2.7
      vertex 15.45 0.127421 2.70626
    endloop
  endfacet
  facet normal 0 -0.0490693 0.998795
    outer loop
      vertex 15.45 0 2.7
      vertex 12.95 0.127421 2.70626
      vertex 12.95 0 2.7
    endloop
  endfacet
  facet normal 0 -0.336897 0.941541
    outer loop
      vertex 12.95 0.497488 2.79896
      vertex 15.45 0.37737 2.75598
      vertex 15.45 0.497488 2.79896
    endloop
  endfacet
  facet normal 0 -0.336897 0.941541
    outer loop
      vertex 15.45 0.37737 2.75598
      vertex 12.95 0.497488 2.79896
      vertex 12.95 0.37737 2.75598
    endloop
  endfacet
  facet normal 0 -0.242991 0.970029
    outer loop
      vertex 12.95 0.37737 2.75598
      vertex 15.45 0.253617 2.72498
      vertex 15.45 0.37737 2.75598
    endloop
  endfacet
  facet normal 0 -0.242991 0.970029
    outer loop
      vertex 15.45 0.253617 2.72498
      vertex 12.95 0.37737 2.75598
      vertex 12.95 0.253617 2.72498
    endloop
  endfacet
  facet normal 0 -0.595711 0.803199
    outer loop
      vertex 12.95 0.824711 2.99509
      vertex 15.45 0.72224 2.91909
      vertex 15.45 0.824711 2.99509
    endloop
  endfacet
  facet normal 0 -0.595711 0.803199
    outer loop
      vertex 15.45 0.72224 2.91909
      vertex 12.95 0.824711 2.99509
      vertex 12.95 0.72224 2.91909
    endloop
  endfacet
  facet normal 0 -0.671541 0.740968
    outer loop
      vertex 12.95 0.919238 3.08076
      vertex 15.45 0.824711 2.99509
      vertex 15.45 0.919238 3.08076
    endloop
  endfacet
  facet normal 0 -0.671541 0.740968
    outer loop
      vertex 15.45 0.824711 2.99509
      vertex 12.95 0.919238 3.08076
      vertex 12.95 0.824711 2.99509
    endloop
  endfacet
  facet normal 0 -0.857707 0.514138
    outer loop
      vertex 12.95 1.08091 3.27776
      vertex 15.45 1.1465 3.38718
      vertex 12.95 1.1465 3.38718
    endloop
  endfacet
  facet normal 0 -0.857707 0.514138
    outer loop
      vertex 15.45 1.1465 3.38718
      vertex 12.95 1.08091 3.27776
      vertex 15.45 1.08091 3.27776
    endloop
  endfacet
  facet normal 0 -0.904011 0.42751
    outer loop
      vertex 12.95 1.1465 3.38718
      vertex 15.45 1.20104 3.50251
      vertex 12.95 1.20104 3.50251
    endloop
  endfacet
  facet normal 0 -0.904011 0.42751
    outer loop
      vertex 15.45 1.20104 3.50251
      vertex 12.95 1.1465 3.38718
      vertex 15.45 1.1465 3.38718
    endloop
  endfacet
  facet normal 0 0.998795 -0.0490697
    outer loop
      vertex 15.45 -1.3 4
      vertex 12.95 -1.29374 4.12742
      vertex 15.45 -1.29374 4.12742
    endloop
  endfacet
  facet normal 0 0.998795 -0.0490697
    outer loop
      vertex 12.95 -1.29374 4.12742
      vertex 15.45 -1.3 4
      vertex 12.95 -1.3 4
    endloop
  endfacet
  facet normal 0 0.989177 -0.14673
    outer loop
      vertex 15.45 -1.29374 4.12742
      vertex 12.95 -1.27502 4.25362
      vertex 15.45 -1.27502 4.25362
    endloop
  endfacet
  facet normal 0 0.989177 -0.14673
    outer loop
      vertex 12.95 -1.27502 4.25362
      vertex 15.45 -1.29374 4.12742
      vertex 12.95 -1.29374 4.12742
    endloop
  endfacet
  facet normal 0 0.595711 -0.803199
    outer loop
      vertex 12.95 -0.824711 5.00491
      vertex 15.45 -0.72224 5.08091
      vertex 15.45 -0.824711 5.00491
    endloop
  endfacet
  facet normal 0 0.595711 -0.803199
    outer loop
      vertex 15.45 -0.72224 5.08091
      vertex 12.95 -0.824711 5.00491
      vertex 12.95 -0.72224 5.08091
    endloop
  endfacet
  facet normal 0 0.998795 0.0490697
    outer loop
      vertex 15.45 -1.29374 3.87258
      vertex 12.95 -1.3 4
      vertex 15.45 -1.3 4
    endloop
  endfacet
  facet normal 0 0.998795 0.0490697
    outer loop
      vertex 12.95 -1.3 4
      vertex 15.45 -1.29374 3.87258
      vertex 12.95 -1.29374 3.87258
    endloop
  endfacet
  facet normal 0 0.941543 0.336892
    outer loop
      vertex 15.45 -1.20104 3.50251
      vertex 12.95 -1.24402 3.62263
      vertex 15.45 -1.24402 3.62263
    endloop
  endfacet
  facet normal 0 0.941543 0.336892
    outer loop
      vertex 12.95 -1.24402 3.62263
      vertex 15.45 -1.20104 3.50251
      vertex 12.95 -1.20104 3.50251
    endloop
  endfacet
  facet normal 0 0.970027 0.242997
    outer loop
      vertex 15.45 -1.24402 3.62263
      vertex 12.95 -1.27502 3.74638
      vertex 15.45 -1.27502 3.74638
    endloop
  endfacet
  facet normal 0 0.970027 0.242997
    outer loop
      vertex 12.95 -1.27502 3.74638
      vertex 15.45 -1.24402 3.62263
      vertex 12.95 -1.24402 3.62263
    endloop
  endfacet
  facet normal 0 0.803196 0.595715
    outer loop
      vertex 15.45 -1.00491 3.17529
      vertex 12.95 -1.08091 3.27776
      vertex 15.45 -1.08091 3.27776
    endloop
  endfacet
  facet normal 0 0.803196 0.595715
    outer loop
      vertex 12.95 -1.08091 3.27776
      vertex 15.45 -1.00491 3.17529
      vertex 12.95 -1.00491 3.17529
    endloop
  endfacet
  facet normal 0 0.740971 0.671537
    outer loop
      vertex 15.45 -0.919238 3.08076
      vertex 12.95 -1.00491 3.17529
      vertex 15.45 -1.00491 3.17529
    endloop
  endfacet
  facet normal 0 0.740971 0.671537
    outer loop
      vertex 12.95 -1.00491 3.17529
      vertex 15.45 -0.919238 3.08076
      vertex 12.95 -0.919238 3.08076
    endloop
  endfacet
  facet normal -0 0.0490693 0.998795
    outer loop
      vertex 12.95 0 2.7
      vertex 15.45 -0.127421 2.70626
      vertex 15.45 0 2.7
    endloop
  endfacet
  facet normal 0 0.0490693 0.998795
    outer loop
      vertex 15.45 -0.127421 2.70626
      vertex 12.95 0 2.7
      vertex 12.95 -0.127421 2.70626
    endloop
  endfacet
  facet normal -0 0.514121 0.857718
    outer loop
      vertex 12.95 -0.612815 2.8535
      vertex 15.45 -0.72224 2.91909
      vertex 15.45 -0.612815 2.8535
    endloop
  endfacet
  facet normal 0 0.514121 0.857718
    outer loop
      vertex 15.45 -0.72224 2.91909
      vertex 12.95 -0.612815 2.8535
      vertex 12.95 -0.72224 2.91909
    endloop
  endfacet
  facet normal -0 0.427519 0.904006
    outer loop
      vertex 12.95 -0.497488 2.79896
      vertex 15.45 -0.612815 2.8535
      vertex 15.45 -0.497488 2.79896
    endloop
  endfacet
  facet normal 0 0.427519 0.904006
    outer loop
      vertex 15.45 -0.612815 2.8535
      vertex 12.95 -0.497488 2.79896
      vertex 12.95 -0.612815 2.8535
    endloop
  endfacet
  facet normal 0 -0.336897 -0.941541
    outer loop
      vertex 12.95 0.37737 5.24402
      vertex 15.45 0.497488 5.20104
      vertex 15.45 0.37737 5.24402
    endloop
  endfacet
  facet normal -0 -0.336897 -0.941541
    outer loop
      vertex 15.45 0.497488 5.20104
      vertex 12.95 0.37737 5.24402
      vertex 12.95 0.497488 5.20104
    endloop
  endfacet
  facet normal 0 -0.427519 -0.904006
    outer loop
      vertex 12.95 0.497488 5.20104
      vertex 15.45 0.612815 5.1465
      vertex 15.45 0.497488 5.20104
    endloop
  endfacet
  facet normal -0 -0.427519 -0.904006
    outer loop
      vertex 15.45 0.612815 5.1465
      vertex 12.95 0.497488 5.20104
      vertex 12.95 0.612815 5.1465
    endloop
  endfacet
  facet normal 0 -0.595711 -0.803199
    outer loop
      vertex 12.95 0.72224 5.08091
      vertex 15.45 0.824711 5.00491
      vertex 15.45 0.72224 5.08091
    endloop
  endfacet
  facet normal -0 -0.595711 -0.803199
    outer loop
      vertex 15.45 0.824711 5.00491
      vertex 12.95 0.72224 5.08091
      vertex 12.95 0.824711 5.00491
    endloop
  endfacet
  facet normal 0 -0.671541 -0.740968
    outer loop
      vertex 12.95 0.824711 5.00491
      vertex 15.45 0.919238 4.91924
      vertex 15.45 0.824711 5.00491
    endloop
  endfacet
  facet normal -0 -0.671541 -0.740968
    outer loop
      vertex 15.45 0.919238 4.91924
      vertex 12.95 0.824711 5.00491
      vertex 12.95 0.919238 4.91924
    endloop
  endfacet
  facet normal 0 -0.740971 -0.671537
    outer loop
      vertex 12.95 1.00491 4.82471
      vertex 15.45 0.919238 4.91924
      vertex 12.95 0.919238 4.91924
    endloop
  endfacet
  facet normal 0 -0.740971 -0.671537
    outer loop
      vertex 15.45 0.919238 4.91924
      vertex 12.95 1.00491 4.82471
      vertex 15.45 1.00491 4.82471
    endloop
  endfacet
  facet normal 0 -0.857728 -0.514104
    outer loop
      vertex 12.95 1.1465 4.61281
      vertex 15.45 1.08091 4.72224
      vertex 12.95 1.08091 4.72224
    endloop
  endfacet
  facet normal 0 -0.857728 -0.514104
    outer loop
      vertex 15.45 1.08091 4.72224
      vertex 12.95 1.1465 4.61281
      vertex 15.45 1.1465 4.61281
    endloop
  endfacet
  facet normal 0 -0.903996 -0.42754
    outer loop
      vertex 12.95 1.20104 4.49749
      vertex 15.45 1.1465 4.61281
      vertex 12.95 1.1465 4.61281
    endloop
  endfacet
  facet normal 0 -0.903996 -0.42754
    outer loop
      vertex 15.45 1.1465 4.61281
      vertex 12.95 1.20104 4.49749
      vertex 15.45 1.20104 4.49749
    endloop
  endfacet
  facet normal 0 -0.941543 -0.336892
    outer loop
      vertex 12.95 1.24402 4.37737
      vertex 15.45 1.20104 4.49749
      vertex 12.95 1.20104 4.49749
    endloop
  endfacet
  facet normal 0 -0.941543 -0.336892
    outer loop
      vertex 15.45 1.20104 4.49749
      vertex 12.95 1.24402 4.37737
      vertex 15.45 1.24402 4.37737
    endloop
  endfacet
  facet normal 0 -0.989177 -0.14673
    outer loop
      vertex 12.95 1.29374 4.12742
      vertex 15.45 1.27502 4.25362
      vertex 12.95 1.27502 4.25362
    endloop
  endfacet
  facet normal 0 -0.989177 -0.14673
    outer loop
      vertex 15.45 1.27502 4.25362
      vertex 12.95 1.29374 4.12742
      vertex 15.45 1.29374 4.12742
    endloop
  endfacet
  facet normal 0 -0.146735 0.989176
    outer loop
      vertex 12.95 0.253617 2.72498
      vertex 15.45 0.127421 2.70626
      vertex 15.45 0.253617 2.72498
    endloop
  endfacet
  facet normal 0 -0.146735 0.989176
    outer loop
      vertex 15.45 0.127421 2.70626
      vertex 12.95 0.253617 2.72498
      vertex 12.95 0.127421 2.70626
    endloop
  endfacet
  facet normal 0 -0.514121 0.857718
    outer loop
      vertex 12.95 0.72224 2.91909
      vertex 15.45 0.612815 2.8535
      vertex 15.45 0.72224 2.91909
    endloop
  endfacet
  facet normal 0 -0.514121 0.857718
    outer loop
      vertex 15.45 0.612815 2.8535
      vertex 12.95 0.72224 2.91909
      vertex 12.95 0.612815 2.8535
    endloop
  endfacet
  facet normal 0 -0.427519 0.904006
    outer loop
      vertex 12.95 0.612815 2.8535
      vertex 15.45 0.497488 2.79896
      vertex 15.45 0.612815 2.8535
    endloop
  endfacet
  facet normal 0 -0.427519 0.904006
    outer loop
      vertex 15.45 0.497488 2.79896
      vertex 12.95 0.612815 2.8535
      vertex 12.95 0.497488 2.79896
    endloop
  endfacet
  facet normal 0 -0.970027 0.242997
    outer loop
      vertex 12.95 1.24402 3.62263
      vertex 15.45 1.27502 3.74638
      vertex 12.95 1.27502 3.74638
    endloop
  endfacet
  facet normal 0 -0.970027 0.242997
    outer loop
      vertex 15.45 1.27502 3.74638
      vertex 12.95 1.24402 3.62263
      vertex 15.45 1.24402 3.62263
    endloop
  endfacet
  facet normal 0 -0.998795 0.0490697
    outer loop
      vertex 12.95 1.29374 3.87258
      vertex 15.45 1.3 4
      vertex 12.95 1.3 4
    endloop
  endfacet
  facet normal 0 -0.998795 0.0490697
    outer loop
      vertex 15.45 1.3 4
      vertex 12.95 1.29374 3.87258
      vertex 15.45 1.29374 3.87258
    endloop
  endfacet
  facet normal 0 -0.803196 0.595715
    outer loop
      vertex 12.95 1.00491 3.17529
      vertex 15.45 1.08091 3.27776
      vertex 12.95 1.08091 3.27776
    endloop
  endfacet
  facet normal 0 -0.803196 0.595715
    outer loop
      vertex 15.45 1.08091 3.27776
      vertex 12.95 1.00491 3.17529
      vertex 15.45 1.00491 3.17529
    endloop
  endfacet
  facet normal 0 -0.740971 0.671537
    outer loop
      vertex 12.95 0.919238 3.08076
      vertex 15.45 1.00491 3.17529
      vertex 12.95 1.00491 3.17529
    endloop
  endfacet
  facet normal 0 -0.740971 0.671537
    outer loop
      vertex 15.45 1.00491 3.17529
      vertex 12.95 0.919238 3.08076
      vertex 15.45 0.919238 3.08076
    endloop
  endfacet
  facet normal 0 0.242991 -0.970029
    outer loop
      vertex 12.95 -0.37737 5.24402
      vertex 15.45 -0.253617 5.27502
      vertex 15.45 -0.37737 5.24402
    endloop
  endfacet
  facet normal 0 0.242991 -0.970029
    outer loop
      vertex 15.45 -0.253617 5.27502
      vertex 12.95 -0.37737 5.24402
      vertex 12.95 -0.253617 5.27502
    endloop
  endfacet
  facet normal 0 0.146735 -0.989176
    outer loop
      vertex 12.95 -0.253617 5.27502
      vertex 15.45 -0.127421 5.29374
      vertex 15.45 -0.253617 5.27502
    endloop
  endfacet
  facet normal 0 0.146735 -0.989176
    outer loop
      vertex 15.45 -0.127421 5.29374
      vertex 12.95 -0.253617 5.27502
      vertex 12.95 -0.127421 5.29374
    endloop
  endfacet
  facet normal 0 0.970027 -0.242997
    outer loop
      vertex 15.45 -1.27502 4.25362
      vertex 12.95 -1.24402 4.37737
      vertex 15.45 -1.24402 4.37737
    endloop
  endfacet
  facet normal 0 0.970027 -0.242997
    outer loop
      vertex 12.95 -1.24402 4.37737
      vertex 15.45 -1.27502 4.25362
      vertex 12.95 -1.27502 4.25362
    endloop
  endfacet
  facet normal 0 0.941543 -0.336892
    outer loop
      vertex 15.45 -1.24402 4.37737
      vertex 12.95 -1.20104 4.49749
      vertex 15.45 -1.20104 4.49749
    endloop
  endfacet
  facet normal 0 0.941543 -0.336892
    outer loop
      vertex 12.95 -1.20104 4.49749
      vertex 15.45 -1.24402 4.37737
      vertex 12.95 -1.24402 4.37737
    endloop
  endfacet
  facet normal 0 0.740971 -0.671537
    outer loop
      vertex 15.45 -1.00491 4.82471
      vertex 12.95 -0.919238 4.91924
      vertex 15.45 -0.919238 4.91924
    endloop
  endfacet
  facet normal 0 0.740971 -0.671537
    outer loop
      vertex 12.95 -0.919238 4.91924
      vertex 15.45 -1.00491 4.82471
      vertex 12.95 -1.00491 4.82471
    endloop
  endfacet
  facet normal 0 0.671541 -0.740968
    outer loop
      vertex 12.95 -0.919238 4.91924
      vertex 15.45 -0.824711 5.00491
      vertex 15.45 -0.919238 4.91924
    endloop
  endfacet
  facet normal 0 0.671541 -0.740968
    outer loop
      vertex 15.45 -0.824711 5.00491
      vertex 12.95 -0.919238 4.91924
      vertex 12.95 -0.824711 5.00491
    endloop
  endfacet
  facet normal 0 0.803196 -0.595715
    outer loop
      vertex 15.45 -1.08091 4.72224
      vertex 12.95 -1.00491 4.82471
      vertex 15.45 -1.00491 4.82471
    endloop
  endfacet
  facet normal 0 0.803196 -0.595715
    outer loop
      vertex 12.95 -1.00491 4.82471
      vertex 15.45 -1.08091 4.72224
      vertex 12.95 -1.08091 4.72224
    endloop
  endfacet
  facet normal 0 0.903996 -0.42754
    outer loop
      vertex 15.45 -1.20104 4.49749
      vertex 12.95 -1.1465 4.61281
      vertex 15.45 -1.1465 4.61281
    endloop
  endfacet
  facet normal 0 0.903996 -0.42754
    outer loop
      vertex 12.95 -1.1465 4.61281
      vertex 15.45 -1.20104 4.49749
      vertex 12.95 -1.20104 4.49749
    endloop
  endfacet
  facet normal 0 0.427519 -0.904006
    outer loop
      vertex 12.95 -0.612815 5.1465
      vertex 15.45 -0.497488 5.20104
      vertex 15.45 -0.612815 5.1465
    endloop
  endfacet
  facet normal 0 0.427519 -0.904006
    outer loop
      vertex 15.45 -0.497488 5.20104
      vertex 12.95 -0.612815 5.1465
      vertex 12.95 -0.497488 5.20104
    endloop
  endfacet
  facet normal 0 0.336897 -0.941541
    outer loop
      vertex 12.95 -0.497488 5.20104
      vertex 15.45 -0.37737 5.24402
      vertex 15.45 -0.497488 5.20104
    endloop
  endfacet
  facet normal 0 0.336897 -0.941541
    outer loop
      vertex 15.45 -0.37737 5.24402
      vertex 12.95 -0.497488 5.20104
      vertex 12.95 -0.37737 5.24402
    endloop
  endfacet
  facet normal 0 0.514121 -0.857718
    outer loop
      vertex 12.95 -0.72224 5.08091
      vertex 15.45 -0.612815 5.1465
      vertex 15.45 -0.72224 5.08091
    endloop
  endfacet
  facet normal 0 0.514121 -0.857718
    outer loop
      vertex 15.45 -0.612815 5.1465
      vertex 12.95 -0.72224 5.08091
      vertex 12.95 -0.612815 5.1465
    endloop
  endfacet
  facet normal 0 0.989177 0.14673
    outer loop
      vertex 15.45 -1.27502 3.74638
      vertex 12.95 -1.29374 3.87258
      vertex 15.45 -1.29374 3.87258
    endloop
  endfacet
  facet normal 0 0.989177 0.14673
    outer loop
      vertex 12.95 -1.29374 3.87258
      vertex 15.45 -1.27502 3.74638
      vertex 12.95 -1.27502 3.74638
    endloop
  endfacet
  facet normal 0 0.857707 0.514138
    outer loop
      vertex 15.45 -1.08091 3.27776
      vertex 12.95 -1.1465 3.38718
      vertex 15.45 -1.1465 3.38718
    endloop
  endfacet
  facet normal 0 0.857707 0.514138
    outer loop
      vertex 12.95 -1.1465 3.38718
      vertex 15.45 -1.08091 3.27776
      vertex 12.95 -1.08091 3.27776
    endloop
  endfacet
  facet normal 0 0.904011 0.42751
    outer loop
      vertex 15.45 -1.1465 3.38718
      vertex 12.95 -1.20104 3.50251
      vertex 15.45 -1.20104 3.50251
    endloop
  endfacet
  facet normal 0 0.904011 0.42751
    outer loop
      vertex 12.95 -1.20104 3.50251
      vertex 15.45 -1.1465 3.38718
      vertex 12.95 -1.1465 3.38718
    endloop
  endfacet
  facet normal -0 0.242991 0.970029
    outer loop
      vertex 12.95 -0.253617 2.72498
      vertex 15.45 -0.37737 2.75598
      vertex 15.45 -0.253617 2.72498
    endloop
  endfacet
  facet normal 0 0.242991 0.970029
    outer loop
      vertex 15.45 -0.37737 2.75598
      vertex 12.95 -0.253617 2.72498
      vertex 12.95 -0.37737 2.75598
    endloop
  endfacet
  facet normal -0 0.595711 0.803199
    outer loop
      vertex 12.95 -0.72224 2.91909
      vertex 15.45 -0.824711 2.99509
      vertex 15.45 -0.72224 2.91909
    endloop
  endfacet
  facet normal 0 0.595711 0.803199
    outer loop
      vertex 15.45 -0.824711 2.99509
      vertex 12.95 -0.72224 2.91909
      vertex 12.95 -0.824711 2.99509
    endloop
  endfacet
  facet normal -0 0.671541 0.740968
    outer loop
      vertex 12.95 -0.824711 2.99509
      vertex 15.45 -0.919238 3.08076
      vertex 15.45 -0.824711 2.99509
    endloop
  endfacet
  facet normal 0 0.671541 0.740968
    outer loop
      vertex 15.45 -0.919238 3.08076
      vertex 12.95 -0.824711 2.99509
      vertex 12.95 -0.919238 3.08076
    endloop
  endfacet
  facet normal 0 0.857728 -0.514104
    outer loop
      vertex 15.45 -1.1465 4.61281
      vertex 12.95 -1.08091 4.72224
      vertex 15.45 -1.08091 4.72224
    endloop
  endfacet
  facet normal 0 0.857728 -0.514104
    outer loop
      vertex 12.95 -1.08091 4.72224
      vertex 15.45 -1.1465 4.61281
      vertex 12.95 -1.1465 4.61281
    endloop
  endfacet
endsolid OpenSCAD_Model
